pais,iso3,subregion,anio,decada,dimension,indicador,codigo_bm,unidad,valor,es_outlier
Argentina,ARG,Cono Sur,1990,1990s,Calidad del empleo,Asalariadas,SL.EMP.WORK.FE.ZS,% del empleo femenino,70.2,False
Argentina,ARG,Cono Sur,1991,1990s,Calidad del empleo,Asalariadas,SL.EMP.WORK.FE.ZS,% del empleo femenino,71.4,False
Argentina,ARG,Cono Sur,1992,1990s,Calidad del empleo,Asalariadas,SL.EMP.WORK.FE.ZS,% del empleo femenino,72.5,False
Argentina,ARG,Cono Sur,1993,1990s,Calidad del empleo,Asalariadas,SL.EMP.WORK.FE.ZS,% del empleo femenino,71.3,False
Argentina,ARG,Cono Sur,1994,1990s,Calidad del empleo,Asalariadas,SL.EMP.WORK.FE.ZS,% del empleo femenino,72.1,False
Argentina,ARG,Cono Sur,1995,1990s,Calidad del empleo,Asalariadas,SL.EMP.WORK.FE.ZS,% del empleo femenino,74.9,False
Argentina,ARG,Cono Sur,1996,1990s,Calidad del empleo,Asalariadas,SL.EMP.WORK.FE.ZS,% del empleo femenino,74.3,False
Argentina,ARG,Cono Sur,1997,1990s,Calidad del empleo,Asalariadas,SL.EMP.WORK.FE.ZS,% del empleo femenino,75.0,False
Argentina,ARG,Cono Sur,1998,1990s,Calidad del empleo,Asalariadas,SL.EMP.WORK.FE.ZS,% del empleo femenino,75.5,False
Argentina,ARG,Cono Sur,1999,1990s,Calidad del empleo,Asalariadas,SL.EMP.WORK.FE.ZS,% del empleo femenino,75.9,False
Argentina,ARG,Cono Sur,2000,2000s,Calidad del empleo,Asalariadas,SL.EMP.WORK.FE.ZS,% del empleo femenino,76.4,False
Argentina,ARG,Cono Sur,2001,2000s,Calidad del empleo,Asalariadas,SL.EMP.WORK.FE.ZS,% del empleo femenino,76.1,False
Argentina,ARG,Cono Sur,2002,2000s,Calidad del empleo,Asalariadas,SL.EMP.WORK.FE.ZS,% del empleo femenino,78.1,False
Argentina,ARG,Cono Sur,2003,2000s,Calidad del empleo,Asalariadas,SL.EMP.WORK.FE.ZS,% del empleo femenino,78.6,False
Argentina,ARG,Cono Sur,2004,2000s,Calidad del empleo,Asalariadas,SL.EMP.WORK.FE.ZS,% del empleo femenino,78.6,False
Argentina,ARG,Cono Sur,2005,2000s,Calidad del empleo,Asalariadas,SL.EMP.WORK.FE.ZS,% del empleo femenino,79.0,False
Argentina,ARG,Cono Sur,2006,2000s,Calidad del empleo,Asalariadas,SL.EMP.WORK.FE.ZS,% del empleo femenino,80.2,False
Argentina,ARG,Cono Sur,2007,2000s,Calidad del empleo,Asalariadas,SL.EMP.WORK.FE.ZS,% del empleo femenino,80.9,False
Argentina,ARG,Cono Sur,2008,2000s,Calidad del empleo,Asalariadas,SL.EMP.WORK.FE.ZS,% del empleo femenino,80.7,False
Argentina,ARG,Cono Sur,2009,2000s,Calidad del empleo,Asalariadas,SL.EMP.WORK.FE.ZS,% del empleo femenino,80.1,False
Argentina,ARG,Cono Sur,2010,2010s,Calidad del empleo,Asalariadas,SL.EMP.WORK.FE.ZS,% del empleo femenino,80.6,False
Argentina,ARG,Cono Sur,2011,2010s,Calidad del empleo,Asalariadas,SL.EMP.WORK.FE.ZS,% del empleo femenino,81.3,False
Argentina,ARG,Cono Sur,2012,2010s,Calidad del empleo,Asalariadas,SL.EMP.WORK.FE.ZS,% del empleo femenino,81.2,False
Argentina,ARG,Cono Sur,2013,2010s,Calidad del empleo,Asalariadas,SL.EMP.WORK.FE.ZS,% del empleo femenino,81.1,False
Argentina,ARG,Cono Sur,1990,1990s,Liderazgo,Bancas parlamentarias femeninas,SG.GEN.PARL.ZS,% de bancas,6.3,False
Argentina,ARG,Cono Sur,1997,1990s,Liderazgo,Bancas parlamentarias femeninas,SG.GEN.PARL.ZS,% de bancas,27.6,False
Argentina,ARG,Cono Sur,1998,1990s,Liderazgo,Bancas parlamentarias femeninas,SG.GEN.PARL.ZS,% de bancas,27.6,False
Argentina,ARG,Cono Sur,2000,2000s,Liderazgo,Bancas parlamentarias femeninas,SG.GEN.PARL.ZS,% de bancas,26.5,False
Argentina,ARG,Cono Sur,2002,2000s,Liderazgo,Bancas parlamentarias femeninas,SG.GEN.PARL.ZS,% de bancas,30.7,False
Argentina,ARG,Cono Sur,2003,2000s,Liderazgo,Bancas parlamentarias femeninas,SG.GEN.PARL.ZS,% de bancas,30.7,False
Argentina,ARG,Cono Sur,2004,2000s,Liderazgo,Bancas parlamentarias femeninas,SG.GEN.PARL.ZS,% de bancas,33.7,False
Argentina,ARG,Cono Sur,2005,2000s,Liderazgo,Bancas parlamentarias femeninas,SG.GEN.PARL.ZS,% de bancas,36.2,False
Argentina,ARG,Cono Sur,2006,2000s,Liderazgo,Bancas parlamentarias femeninas,SG.GEN.PARL.ZS,% de bancas,35.0,False
Argentina,ARG,Cono Sur,2007,2000s,Liderazgo,Bancas parlamentarias femeninas,SG.GEN.PARL.ZS,% de bancas,40.0,True
Argentina,ARG,Cono Sur,2008,2000s,Liderazgo,Bancas parlamentarias femeninas,SG.GEN.PARL.ZS,% de bancas,40.0,True
Argentina,ARG,Cono Sur,2009,2000s,Liderazgo,Bancas parlamentarias femeninas,SG.GEN.PARL.ZS,% de bancas,38.5,False
Argentina,ARG,Cono Sur,2010,2010s,Liderazgo,Bancas parlamentarias femeninas,SG.GEN.PARL.ZS,% de bancas,38.5,False
Argentina,ARG,Cono Sur,2011,2010s,Liderazgo,Bancas parlamentarias femeninas,SG.GEN.PARL.ZS,% de bancas,37.4,False
Argentina,ARG,Cono Sur,2012,2010s,Liderazgo,Bancas parlamentarias femeninas,SG.GEN.PARL.ZS,% de bancas,37.4,False
Argentina,ARG,Cono Sur,2014,2010s,Liderazgo,Bancas parlamentarias femeninas,SG.GEN.PARL.ZS,% de bancas,36.6,False
Argentina,ARG,Cono Sur,1991,1990s,Calidad del empleo,Desempleo femenino,SL.UEM.TOTL.FE.ZS,% de la PEA femenina,6.4,False
Argentina,ARG,Cono Sur,1992,1990s,Calidad del empleo,Desempleo femenino,SL.UEM.TOTL.FE.ZS,% de la PEA femenina,6.5,False
Argentina,ARG,Cono Sur,1993,1990s,Calidad del empleo,Desempleo femenino,SL.UEM.TOTL.FE.ZS,% de la PEA femenina,13.3,False
Argentina,ARG,Cono Sur,1994,1990s,Calidad del empleo,Desempleo femenino,SL.UEM.TOTL.FE.ZS,% de la PEA femenina,14.6,False
Argentina,ARG,Cono Sur,1995,1990s,Calidad del empleo,Desempleo femenino,SL.UEM.TOTL.FE.ZS,% de la PEA femenina,22.3,False
Argentina,ARG,Cono Sur,1996,1990s,Calidad del empleo,Desempleo femenino,SL.UEM.TOTL.FE.ZS,% de la PEA femenina,20.2,False
Argentina,ARG,Cono Sur,1997,1990s,Calidad del empleo,Desempleo femenino,SL.UEM.TOTL.FE.ZS,% de la PEA femenina,18.2,False
Argentina,ARG,Cono Sur,1998,1990s,Calidad del empleo,Desempleo femenino,SL.UEM.TOTL.FE.ZS,% de la PEA femenina,15.0,False
Argentina,ARG,Cono Sur,1999,1990s,Calidad del empleo,Desempleo femenino,SL.UEM.TOTL.FE.ZS,% de la PEA femenina,15.7,False
Argentina,ARG,Cono Sur,2000,2000s,Calidad del empleo,Desempleo femenino,SL.UEM.TOTL.FE.ZS,% de la PEA femenina,17.1,False
Argentina,ARG,Cono Sur,2001,2000s,Calidad del empleo,Desempleo femenino,SL.UEM.TOTL.FE.ZS,% de la PEA femenina,17.5,False
Argentina,ARG,Cono Sur,2002,2000s,Calidad del empleo,Desempleo femenino,SL.UEM.TOTL.FE.ZS,% de la PEA femenina,18.8,False
Argentina,ARG,Cono Sur,2003,2000s,Calidad del empleo,Desempleo femenino,SL.UEM.TOTL.FE.ZS,% de la PEA femenina,18.8,False
Argentina,ARG,Cono Sur,2004,2000s,Calidad del empleo,Desempleo femenino,SL.UEM.TOTL.FE.ZS,% de la PEA femenina,14.6,False
Argentina,ARG,Cono Sur,2005,2000s,Calidad del empleo,Desempleo femenino,SL.UEM.TOTL.FE.ZS,% de la PEA femenina,12.6,False
Argentina,ARG,Cono Sur,2006,2000s,Calidad del empleo,Desempleo femenino,SL.UEM.TOTL.FE.ZS,% de la PEA femenina,12.6,False
Argentina,ARG,Cono Sur,2007,2000s,Calidad del empleo,Desempleo femenino,SL.UEM.TOTL.FE.ZS,% de la PEA femenina,11.0,False
Argentina,ARG,Cono Sur,2008,2000s,Calidad del empleo,Desempleo femenino,SL.UEM.TOTL.FE.ZS,% de la PEA femenina,9.8,False
Argentina,ARG,Cono Sur,2009,2000s,Calidad del empleo,Desempleo femenino,SL.UEM.TOTL.FE.ZS,% de la PEA femenina,9.9,False
Argentina,ARG,Cono Sur,2010,2010s,Calidad del empleo,Desempleo femenino,SL.UEM.TOTL.FE.ZS,% de la PEA femenina,9.2,False
Argentina,ARG,Cono Sur,2011,2010s,Calidad del empleo,Desempleo femenino,SL.UEM.TOTL.FE.ZS,% de la PEA femenina,8.6,False
Argentina,ARG,Cono Sur,2012,2010s,Calidad del empleo,Desempleo femenino,SL.UEM.TOTL.FE.ZS,% de la PEA femenina,8.9,False
Argentina,ARG,Cono Sur,2013,2010s,Calidad del empleo,Desempleo femenino,SL.UEM.TOTL.FE.ZS,% de la PEA femenina,8.6,False
Argentina,ARG,Cono Sur,2014,2010s,Calidad del empleo,Desempleo femenino,SL.UEM.TOTL.FE.ZS,% de la PEA femenina,9.8,False
Argentina,ARG,Cono Sur,1990,1990s,Calidad del empleo,Empleadoras,SL.EMP.MPYR.FE.ZS,% del empleo femenino,2.8,False
Argentina,ARG,Cono Sur,1991,1990s,Calidad del empleo,Empleadoras,SL.EMP.MPYR.FE.ZS,% del empleo femenino,2.0,False
Argentina,ARG,Cono Sur,1992,1990s,Calidad del empleo,Empleadoras,SL.EMP.MPYR.FE.ZS,% del empleo femenino,2.4,False
Argentina,ARG,Cono Sur,1993,1990s,Calidad del empleo,Empleadoras,SL.EMP.MPYR.FE.ZS,% del empleo femenino,3.2,False
Argentina,ARG,Cono Sur,1994,1990s,Calidad del empleo,Empleadoras,SL.EMP.MPYR.FE.ZS,% del empleo femenino,2.4,False
Argentina,ARG,Cono Sur,1995,1990s,Calidad del empleo,Empleadoras,SL.EMP.MPYR.FE.ZS,% del empleo femenino,2.3,False
Argentina,ARG,Cono Sur,1996,1990s,Calidad del empleo,Empleadoras,SL.EMP.MPYR.FE.ZS,% del empleo femenino,2.4,False
Argentina,ARG,Cono Sur,1997,1990s,Calidad del empleo,Empleadoras,SL.EMP.MPYR.FE.ZS,% del empleo femenino,2.4,False
Argentina,ARG,Cono Sur,1998,1990s,Calidad del empleo,Empleadoras,SL.EMP.MPYR.FE.ZS,% del empleo femenino,2.4,False
Argentina,ARG,Cono Sur,1999,1990s,Calidad del empleo,Empleadoras,SL.EMP.MPYR.FE.ZS,% del empleo femenino,2.5,False
Argentina,ARG,Cono Sur,2000,2000s,Calidad del empleo,Empleadoras,SL.EMP.MPYR.FE.ZS,% del empleo femenino,2.9,False
Argentina,ARG,Cono Sur,2001,2000s,Calidad del empleo,Empleadoras,SL.EMP.MPYR.FE.ZS,% del empleo femenino,2.4,False
Argentina,ARG,Cono Sur,2002,2000s,Calidad del empleo,Empleadoras,SL.EMP.MPYR.FE.ZS,% del empleo femenino,1.9,False
Argentina,ARG,Cono Sur,2003,2000s,Calidad del empleo,Empleadoras,SL.EMP.MPYR.FE.ZS,% del empleo femenino,2.2,False
Argentina,ARG,Cono Sur,2004,2000s,Calidad del empleo,Empleadoras,SL.EMP.MPYR.FE.ZS,% del empleo femenino,2.4,False
Argentina,ARG,Cono Sur,2005,2000s,Calidad del empleo,Empleadoras,SL.EMP.MPYR.FE.ZS,% del empleo femenino,2.4,False
Argentina,ARG,Cono Sur,2006,2000s,Calidad del empleo,Empleadoras,SL.EMP.MPYR.FE.ZS,% del empleo femenino,2.5,False
Argentina,ARG,Cono Sur,2007,2000s,Calidad del empleo,Empleadoras,SL.EMP.MPYR.FE.ZS,% del empleo femenino,2.6,False
Argentina,ARG,Cono Sur,2008,2000s,Calidad del empleo,Empleadoras,SL.EMP.MPYR.FE.ZS,% del empleo femenino,2.9,False
Argentina,ARG,Cono Sur,2009,2000s,Calidad del empleo,Empleadoras,SL.EMP.MPYR.FE.ZS,% del empleo femenino,3.0,False
Argentina,ARG,Cono Sur,2010,2010s,Calidad del empleo,Empleadoras,SL.EMP.MPYR.FE.ZS,% del empleo femenino,2.9,False
Argentina,ARG,Cono Sur,2011,2010s,Calidad del empleo,Empleadoras,SL.EMP.MPYR.FE.ZS,% del empleo femenino,2.6,False
Argentina,ARG,Cono Sur,2012,2010s,Calidad del empleo,Empleadoras,SL.EMP.MPYR.FE.ZS,% del empleo femenino,2.7,False
Argentina,ARG,Cono Sur,2013,2010s,Calidad del empleo,Empleadoras,SL.EMP.MPYR.FE.ZS,% del empleo femenino,2.6,False
Argentina,ARG,Cono Sur,1990,1990s,Estructura sectorial,Empleo femenino en agricultura,SL.AGR.EMPL.FE.ZS,% del empleo femenino,0.2,False
Argentina,ARG,Cono Sur,1991,1990s,Estructura sectorial,Empleo femenino en agricultura,SL.AGR.EMPL.FE.ZS,% del empleo femenino,0.1,False
Argentina,ARG,Cono Sur,1992,1990s,Estructura sectorial,Empleo femenino en agricultura,SL.AGR.EMPL.FE.ZS,% del empleo femenino,0.3,False
Argentina,ARG,Cono Sur,1993,1990s,Estructura sectorial,Empleo femenino en agricultura,SL.AGR.EMPL.FE.ZS,% del empleo femenino,0.3,False
Argentina,ARG,Cono Sur,1994,1990s,Estructura sectorial,Empleo femenino en agricultura,SL.AGR.EMPL.FE.ZS,% del empleo femenino,0.2,False
Argentina,ARG,Cono Sur,1995,1990s,Estructura sectorial,Empleo femenino en agricultura,SL.AGR.EMPL.FE.ZS,% del empleo femenino,0.4,False
Argentina,ARG,Cono Sur,1996,1990s,Estructura sectorial,Empleo femenino en agricultura,SL.AGR.EMPL.FE.ZS,% del empleo femenino,0.2,False
Argentina,ARG,Cono Sur,1997,1990s,Estructura sectorial,Empleo femenino en agricultura,SL.AGR.EMPL.FE.ZS,% del empleo femenino,0.2,False
Argentina,ARG,Cono Sur,1998,1990s,Estructura sectorial,Empleo femenino en agricultura,SL.AGR.EMPL.FE.ZS,% del empleo femenino,0.2,False
Argentina,ARG,Cono Sur,1999,1990s,Estructura sectorial,Empleo femenino en agricultura,SL.AGR.EMPL.FE.ZS,% del empleo femenino,0.2,False
Argentina,ARG,Cono Sur,2000,2000s,Estructura sectorial,Empleo femenino en agricultura,SL.AGR.EMPL.FE.ZS,% del empleo femenino,0.2,False
Argentina,ARG,Cono Sur,2001,2000s,Estructura sectorial,Empleo femenino en agricultura,SL.AGR.EMPL.FE.ZS,% del empleo femenino,0.3,False
Argentina,ARG,Cono Sur,2002,2000s,Estructura sectorial,Empleo femenino en agricultura,SL.AGR.EMPL.FE.ZS,% del empleo femenino,0.5,False
Argentina,ARG,Cono Sur,2003,2000s,Estructura sectorial,Empleo femenino en agricultura,SL.AGR.EMPL.FE.ZS,% del empleo femenino,1.0,False
Argentina,ARG,Cono Sur,2004,2000s,Estructura sectorial,Empleo femenino en agricultura,SL.AGR.EMPL.FE.ZS,% del empleo femenino,0.9,False
Argentina,ARG,Cono Sur,2005,2000s,Estructura sectorial,Empleo femenino en agricultura,SL.AGR.EMPL.FE.ZS,% del empleo femenino,0.6,False
Argentina,ARG,Cono Sur,2006,2000s,Estructura sectorial,Empleo femenino en agricultura,SL.AGR.EMPL.FE.ZS,% del empleo femenino,0.5,False
Argentina,ARG,Cono Sur,2007,2000s,Estructura sectorial,Empleo femenino en agricultura,SL.AGR.EMPL.FE.ZS,% del empleo femenino,0.4,False
Argentina,ARG,Cono Sur,2008,2000s,Estructura sectorial,Empleo femenino en agricultura,SL.AGR.EMPL.FE.ZS,% del empleo femenino,0.4,False
Argentina,ARG,Cono Sur,2009,2000s,Estructura sectorial,Empleo femenino en agricultura,SL.AGR.EMPL.FE.ZS,% del empleo femenino,0.4,False
Argentina,ARG,Cono Sur,2010,2010s,Estructura sectorial,Empleo femenino en agricultura,SL.AGR.EMPL.FE.ZS,% del empleo femenino,0.5,False
Argentina,ARG,Cono Sur,2011,2010s,Estructura sectorial,Empleo femenino en agricultura,SL.AGR.EMPL.FE.ZS,% del empleo femenino,0.7,False
Argentina,ARG,Cono Sur,2012,2010s,Estructura sectorial,Empleo femenino en agricultura,SL.AGR.EMPL.FE.ZS,% del empleo femenino,0.3,False
Argentina,ARG,Cono Sur,2013,2010s,Estructura sectorial,Empleo femenino en agricultura,SL.AGR.EMPL.FE.ZS,% del empleo femenino,0.2,False
Argentina,ARG,Cono Sur,2014,2010s,Estructura sectorial,Empleo femenino en agricultura,SL.AGR.EMPL.FE.ZS,% del empleo femenino,0.2,False
Argentina,ARG,Cono Sur,1990,1990s,Estructura sectorial,Empleo femenino en servicios,SL.SRV.EMPL.FE.ZS,% del empleo femenino,81.6,False
Argentina,ARG,Cono Sur,1991,1990s,Estructura sectorial,Empleo femenino en servicios,SL.SRV.EMPL.FE.ZS,% del empleo femenino,80.2,False
Argentina,ARG,Cono Sur,1992,1990s,Estructura sectorial,Empleo femenino en servicios,SL.SRV.EMPL.FE.ZS,% del empleo femenino,80.7,False
Argentina,ARG,Cono Sur,1993,1990s,Estructura sectorial,Empleo femenino en servicios,SL.SRV.EMPL.FE.ZS,% del empleo femenino,83.1,False
Argentina,ARG,Cono Sur,1994,1990s,Estructura sectorial,Empleo femenino en servicios,SL.SRV.EMPL.FE.ZS,% del empleo femenino,85.2,False
Argentina,ARG,Cono Sur,1995,1990s,Estructura sectorial,Empleo femenino en servicios,SL.SRV.EMPL.FE.ZS,% del empleo femenino,84.4,False
Argentina,ARG,Cono Sur,1996,1990s,Estructura sectorial,Empleo femenino en servicios,SL.SRV.EMPL.FE.ZS,% del empleo femenino,87.3,False
Argentina,ARG,Cono Sur,1997,1990s,Estructura sectorial,Empleo femenino en servicios,SL.SRV.EMPL.FE.ZS,% del empleo femenino,88.0,False
Argentina,ARG,Cono Sur,1998,1990s,Estructura sectorial,Empleo femenino en servicios,SL.SRV.EMPL.FE.ZS,% del empleo femenino,89.1,False
Argentina,ARG,Cono Sur,1999,1990s,Estructura sectorial,Empleo femenino en servicios,SL.SRV.EMPL.FE.ZS,% del empleo femenino,88.8,False
Argentina,ARG,Cono Sur,2000,2000s,Estructura sectorial,Empleo femenino en servicios,SL.SRV.EMPL.FE.ZS,% del empleo femenino,89.2,False
Argentina,ARG,Cono Sur,2001,2000s,Estructura sectorial,Empleo femenino en servicios,SL.SRV.EMPL.FE.ZS,% del empleo femenino,89.0,False
Argentina,ARG,Cono Sur,2002,2000s,Estructura sectorial,Empleo femenino en servicios,SL.SRV.EMPL.FE.ZS,% del empleo femenino,89.7,False
Argentina,ARG,Cono Sur,2003,2000s,Estructura sectorial,Empleo femenino en servicios,SL.SRV.EMPL.FE.ZS,% del empleo femenino,87.1,False
Argentina,ARG,Cono Sur,2004,2000s,Estructura sectorial,Empleo femenino en servicios,SL.SRV.EMPL.FE.ZS,% del empleo femenino,87.2,False
Argentina,ARG,Cono Sur,2005,2000s,Estructura sectorial,Empleo femenino en servicios,SL.SRV.EMPL.FE.ZS,% del empleo femenino,88.1,False
Argentina,ARG,Cono Sur,2006,2000s,Estructura sectorial,Empleo femenino en servicios,SL.SRV.EMPL.FE.ZS,% del empleo femenino,88.5,False
Argentina,ARG,Cono Sur,2007,2000s,Estructura sectorial,Empleo femenino en servicios,SL.SRV.EMPL.FE.ZS,% del empleo femenino,88.7,False
Argentina,ARG,Cono Sur,2008,2000s,Estructura sectorial,Empleo femenino en servicios,SL.SRV.EMPL.FE.ZS,% del empleo femenino,88.8,False
Argentina,ARG,Cono Sur,2009,2000s,Estructura sectorial,Empleo femenino en servicios,SL.SRV.EMPL.FE.ZS,% del empleo femenino,89.7,False
Argentina,ARG,Cono Sur,2010,2010s,Estructura sectorial,Empleo femenino en servicios,SL.SRV.EMPL.FE.ZS,% del empleo femenino,90.0,False
Argentina,ARG,Cono Sur,2011,2010s,Estructura sectorial,Empleo femenino en servicios,SL.SRV.EMPL.FE.ZS,% del empleo femenino,88.0,False
Argentina,ARG,Cono Sur,2012,2010s,Estructura sectorial,Empleo femenino en servicios,SL.SRV.EMPL.FE.ZS,% del empleo femenino,89.6,False
Argentina,ARG,Cono Sur,2013,2010s,Estructura sectorial,Empleo femenino en servicios,SL.SRV.EMPL.FE.ZS,% del empleo femenino,89.9,False
Argentina,ARG,Cono Sur,2014,2010s,Estructura sectorial,Empleo femenino en servicios,SL.SRV.EMPL.FE.ZS,% del empleo femenino,90.7,False
Argentina,ARG,Cono Sur,1990,1990s,Calidad del empleo,Empleo vulnerable femenino,SL.EMP.VULN.FE.ZS,% del empleo femenino,27.0,False
Argentina,ARG,Cono Sur,1991,1990s,Calidad del empleo,Empleo vulnerable femenino,SL.EMP.VULN.FE.ZS,% del empleo femenino,26.6,False
Argentina,ARG,Cono Sur,1992,1990s,Calidad del empleo,Empleo vulnerable femenino,SL.EMP.VULN.FE.ZS,% del empleo femenino,25.1,False
Argentina,ARG,Cono Sur,1993,1990s,Calidad del empleo,Empleo vulnerable femenino,SL.EMP.VULN.FE.ZS,% del empleo femenino,25.5,False
Argentina,ARG,Cono Sur,1994,1990s,Calidad del empleo,Empleo vulnerable femenino,SL.EMP.VULN.FE.ZS,% del empleo femenino,25.4,False
Argentina,ARG,Cono Sur,1995,1990s,Calidad del empleo,Empleo vulnerable femenino,SL.EMP.VULN.FE.ZS,% del empleo femenino,22.7,False
Argentina,ARG,Cono Sur,1996,1990s,Calidad del empleo,Empleo vulnerable femenino,SL.EMP.VULN.FE.ZS,% del empleo femenino,23.2,False
Argentina,ARG,Cono Sur,1997,1990s,Calidad del empleo,Empleo vulnerable femenino,SL.EMP.VULN.FE.ZS,% del empleo femenino,22.5,False
Argentina,ARG,Cono Sur,1998,1990s,Calidad del empleo,Empleo vulnerable femenino,SL.EMP.VULN.FE.ZS,% del empleo femenino,22.0,False
Argentina,ARG,Cono Sur,1999,1990s,Calidad del empleo,Empleo vulnerable femenino,SL.EMP.VULN.FE.ZS,% del empleo femenino,21.6,False
Argentina,ARG,Cono Sur,2000,2000s,Calidad del empleo,Empleo vulnerable femenino,SL.EMP.VULN.FE.ZS,% del empleo femenino,20.6,False
Argentina,ARG,Cono Sur,2001,2000s,Calidad del empleo,Empleo vulnerable femenino,SL.EMP.VULN.FE.ZS,% del empleo femenino,21.4,False
Argentina,ARG,Cono Sur,2002,2000s,Calidad del empleo,Empleo vulnerable femenino,SL.EMP.VULN.FE.ZS,% del empleo femenino,20.0,False
Argentina,ARG,Cono Sur,2003,2000s,Calidad del empleo,Empleo vulnerable femenino,SL.EMP.VULN.FE.ZS,% del empleo femenino,19.1,False
Argentina,ARG,Cono Sur,2004,2000s,Calidad del empleo,Empleo vulnerable femenino,SL.EMP.VULN.FE.ZS,% del empleo femenino,19.0,False
Argentina,ARG,Cono Sur,2005,2000s,Calidad del empleo,Empleo vulnerable femenino,SL.EMP.VULN.FE.ZS,% del empleo femenino,18.6,False
Argentina,ARG,Cono Sur,2006,2000s,Calidad del empleo,Empleo vulnerable femenino,SL.EMP.VULN.FE.ZS,% del empleo femenino,17.3,False
Argentina,ARG,Cono Sur,2007,2000s,Calidad del empleo,Empleo vulnerable femenino,SL.EMP.VULN.FE.ZS,% del empleo femenino,16.6,False
Argentina,ARG,Cono Sur,2008,2000s,Calidad del empleo,Empleo vulnerable femenino,SL.EMP.VULN.FE.ZS,% del empleo femenino,16.4,False
Argentina,ARG,Cono Sur,2009,2000s,Calidad del empleo,Empleo vulnerable femenino,SL.EMP.VULN.FE.ZS,% del empleo femenino,16.9,False
Argentina,ARG,Cono Sur,2010,2010s,Calidad del empleo,Empleo vulnerable femenino,SL.EMP.VULN.FE.ZS,% del empleo femenino,16.5,False
Argentina,ARG,Cono Sur,2011,2010s,Calidad del empleo,Empleo vulnerable femenino,SL.EMP.VULN.FE.ZS,% del empleo femenino,16.1,False
Argentina,ARG,Cono Sur,2012,2010s,Calidad del empleo,Empleo vulnerable femenino,SL.EMP.VULN.FE.ZS,% del empleo femenino,16.1,False
Argentina,ARG,Cono Sur,2013,2010s,Calidad del empleo,Empleo vulnerable femenino,SL.EMP.VULN.FE.ZS,% del empleo femenino,16.3,False
Argentina,ARG,Cono Sur,2010,2010s,Liderazgo empresarial,Firmas con gerenta mujer,IC.FRM.FEMM.ZS,% de firmas,9.2,False
Argentina,ARG,Cono Sur,2006,2000s,Liderazgo empresarial,Firmas con propiedad femenina,IC.FRM.FEMO.ZS,% de firmas,30.3,False
Argentina,ARG,Cono Sur,2010,2010s,Liderazgo empresarial,Firmas con propiedad femenina,IC.FRM.FEMO.ZS,% de firmas,38.0,False
Argentina,ARG,Cono Sur,1998,1990s,Liderazgo,Mujeres en puestos directivos,SG.GEN.LSOM.ZS,% del total de directivos,24.61,False
Argentina,ARG,Cono Sur,1999,1990s,Liderazgo,Mujeres en puestos directivos,SG.GEN.LSOM.ZS,% del total de directivos,26.75,False
Argentina,ARG,Cono Sur,2000,2000s,Liderazgo,Mujeres en puestos directivos,SG.GEN.LSOM.ZS,% del total de directivos,27.4,False
Argentina,ARG,Cono Sur,2001,2000s,Liderazgo,Mujeres en puestos directivos,SG.GEN.LSOM.ZS,% del total de directivos,27.17,False
Argentina,ARG,Cono Sur,2002,2000s,Liderazgo,Mujeres en puestos directivos,SG.GEN.LSOM.ZS,% del total de directivos,25.77,False
Argentina,ARG,Cono Sur,2003,2000s,Liderazgo,Mujeres en puestos directivos,SG.GEN.LSOM.ZS,% del total de directivos,28.95,False
Argentina,ARG,Cono Sur,2004,2000s,Liderazgo,Mujeres en puestos directivos,SG.GEN.LSOM.ZS,% del total de directivos,35.61,False
Argentina,ARG,Cono Sur,2005,2000s,Liderazgo,Mujeres en puestos directivos,SG.GEN.LSOM.ZS,% del total de directivos,32.86,False
Argentina,ARG,Cono Sur,2006,2000s,Liderazgo,Mujeres en puestos directivos,SG.GEN.LSOM.ZS,% del total de directivos,23.12,False
Argentina,ARG,Cono Sur,1990,1990s,Contexto,PBI per cápita,NY.GDP.PCAP.CD,USD corrientes,4318.77,False
Argentina,ARG,Cono Sur,1991,1990s,Contexto,PBI per cápita,NY.GDP.PCAP.CD,USD corrientes,5715.5,False
Argentina,ARG,Cono Sur,1992,1990s,Contexto,PBI per cápita,NY.GDP.PCAP.CD,USD corrientes,6798.03,False
Argentina,ARG,Cono Sur,1993,1990s,Contexto,PBI per cápita,NY.GDP.PCAP.CD,USD corrientes,6940.35,False
Argentina,ARG,Cono Sur,1994,1990s,Contexto,PBI per cápita,NY.GDP.PCAP.CD,USD corrientes,7449.48,False
Argentina,ARG,Cono Sur,1995,1990s,Contexto,PBI per cápita,NY.GDP.PCAP.CD,USD corrientes,7373.43,False
Argentina,ARG,Cono Sur,1996,1990s,Contexto,PBI per cápita,NY.GDP.PCAP.CD,USD corrientes,7683.57,False
Argentina,ARG,Cono Sur,1997,1990s,Contexto,PBI per cápita,NY.GDP.PCAP.CD,USD corrientes,8172.67,False
Argentina,ARG,Cono Sur,1998,1990s,Contexto,PBI per cápita,NY.GDP.PCAP.CD,USD corrientes,8248.76,False
Argentina,ARG,Cono Sur,1999,1990s,Contexto,PBI per cápita,NY.GDP.PCAP.CD,USD corrientes,7736.37,False
Argentina,ARG,Cono Sur,2000,2000s,Contexto,PBI per cápita,NY.GDP.PCAP.CD,USD corrientes,7669.27,False
Argentina,ARG,Cono Sur,2001,2000s,Contexto,PBI per cápita,NY.GDP.PCAP.CD,USD corrientes,7170.69,False
Argentina,ARG,Cono Sur,2002,2000s,Contexto,PBI per cápita,NY.GDP.PCAP.CD,USD corrientes,2579.19,False
Argentina,ARG,Cono Sur,2003,2000s,Contexto,PBI per cápita,NY.GDP.PCAP.CD,USD corrientes,3330.43,False
Argentina,ARG,Cono Sur,2004,2000s,Contexto,PBI per cápita,NY.GDP.PCAP.CD,USD corrientes,4251.57,False
Argentina,ARG,Cono Sur,2005,2000s,Contexto,PBI per cápita,NY.GDP.PCAP.CD,USD corrientes,5096.26,False
Argentina,ARG,Cono Sur,2006,2000s,Contexto,PBI per cápita,NY.GDP.PCAP.CD,USD corrientes,5904.68,False
Argentina,ARG,Cono Sur,2007,2000s,Contexto,PBI per cápita,NY.GDP.PCAP.CD,USD corrientes,7226.27,False
Argentina,ARG,Cono Sur,2008,2000s,Contexto,PBI per cápita,NY.GDP.PCAP.CD,USD corrientes,8992.59,False
Argentina,ARG,Cono Sur,2009,2000s,Contexto,PBI per cápita,NY.GDP.PCAP.CD,USD corrientes,8198.57,False
Argentina,ARG,Cono Sur,2010,2010s,Contexto,PBI per cápita,NY.GDP.PCAP.CD,USD corrientes,10332.03,False
Argentina,ARG,Cono Sur,2011,2010s,Contexto,PBI per cápita,NY.GDP.PCAP.CD,USD corrientes,12800.2,True
Argentina,ARG,Cono Sur,2012,2010s,Contexto,PBI per cápita,NY.GDP.PCAP.CD,USD corrientes,13040.31,True
Argentina,ARG,Cono Sur,2013,2010s,Contexto,PBI per cápita,NY.GDP.PCAP.CD,USD corrientes,13027.2,True
Argentina,ARG,Cono Sur,2014,2010s,Contexto,PBI per cápita,NY.GDP.PCAP.CD,USD corrientes,12324.94,True
Argentina,ARG,Cono Sur,1990,1990s,Participación,Participación laboral femenina,SL.TLF.CACT.FE.ZS,% de mujeres 15+,41.0,False
Argentina,ARG,Cono Sur,1991,1990s,Participación,Participación laboral femenina,SL.TLF.CACT.FE.ZS,% de mujeres 15+,40.5,False
Argentina,ARG,Cono Sur,1992,1990s,Participación,Participación laboral femenina,SL.TLF.CACT.FE.ZS,% de mujeres 15+,40.1,False
Argentina,ARG,Cono Sur,1993,1990s,Participación,Participación laboral femenina,SL.TLF.CACT.FE.ZS,% de mujeres 15+,40.3,False
Argentina,ARG,Cono Sur,1994,1990s,Participación,Participación laboral femenina,SL.TLF.CACT.FE.ZS,% de mujeres 15+,40.4,False
Argentina,ARG,Cono Sur,1995,1990s,Participación,Participación laboral femenina,SL.TLF.CACT.FE.ZS,% de mujeres 15+,41.2,False
Argentina,ARG,Cono Sur,1996,1990s,Participación,Participación laboral femenina,SL.TLF.CACT.FE.ZS,% de mujeres 15+,41.4,False
Argentina,ARG,Cono Sur,1997,1990s,Participación,Participación laboral femenina,SL.TLF.CACT.FE.ZS,% de mujeres 15+,41.6,False
Argentina,ARG,Cono Sur,1998,1990s,Participación,Participación laboral femenina,SL.TLF.CACT.FE.ZS,% de mujeres 15+,41.9,False
Argentina,ARG,Cono Sur,1999,1990s,Participación,Participación laboral femenina,SL.TLF.CACT.FE.ZS,% de mujeres 15+,42.2,False
Argentina,ARG,Cono Sur,2000,2000s,Participación,Participación laboral femenina,SL.TLF.CACT.FE.ZS,% de mujeres 15+,42.5,False
Argentina,ARG,Cono Sur,2001,2000s,Participación,Participación laboral femenina,SL.TLF.CACT.FE.ZS,% de mujeres 15+,43.2,False
Argentina,ARG,Cono Sur,2002,2000s,Participación,Participación laboral femenina,SL.TLF.CACT.FE.ZS,% de mujeres 15+,43.9,False
Argentina,ARG,Cono Sur,2003,2000s,Participación,Participación laboral femenina,SL.TLF.CACT.FE.ZS,% de mujeres 15+,44.6,False
Argentina,ARG,Cono Sur,2004,2000s,Participación,Participación laboral femenina,SL.TLF.CACT.FE.ZS,% de mujeres 15+,48.8,False
Argentina,ARG,Cono Sur,2005,2000s,Participación,Participación laboral femenina,SL.TLF.CACT.FE.ZS,% de mujeres 15+,48.7,False
Argentina,ARG,Cono Sur,2006,2000s,Participación,Participación laboral femenina,SL.TLF.CACT.FE.ZS,% de mujeres 15+,48.6,False
Argentina,ARG,Cono Sur,2007,2000s,Participación,Participación laboral femenina,SL.TLF.CACT.FE.ZS,% de mujeres 15+,48.7,False
Argentina,ARG,Cono Sur,2008,2000s,Participación,Participación laboral femenina,SL.TLF.CACT.FE.ZS,% de mujeres 15+,48.7,False
Argentina,ARG,Cono Sur,2009,2000s,Participación,Participación laboral femenina,SL.TLF.CACT.FE.ZS,% de mujeres 15+,48.8,False
Argentina,ARG,Cono Sur,2010,2010s,Participación,Participación laboral femenina,SL.TLF.CACT.FE.ZS,% de mujeres 15+,47.0,False
Argentina,ARG,Cono Sur,2011,2010s,Participación,Participación laboral femenina,SL.TLF.CACT.FE.ZS,% de mujeres 15+,47.2,False
Argentina,ARG,Cono Sur,2012,2010s,Participación,Participación laboral femenina,SL.TLF.CACT.FE.ZS,% de mujeres 15+,47.3,False
Argentina,ARG,Cono Sur,2013,2010s,Participación,Participación laboral femenina,SL.TLF.CACT.FE.ZS,% de mujeres 15+,47.5,False
Argentina,ARG,Cono Sur,2014,2010s,Participación,Participación laboral femenina,SL.TLF.CACT.FE.ZS,% de mujeres 15+,47.6,False
Argentina,ARG,Cono Sur,1990,1990s,Participación,Participación laboral masculina,SL.TLF.CACT.MA.ZS,% de varones 15+,77.7,False
Argentina,ARG,Cono Sur,1991,1990s,Participación,Participación laboral masculina,SL.TLF.CACT.MA.ZS,% de varones 15+,77.3,False
Argentina,ARG,Cono Sur,1992,1990s,Participación,Participación laboral masculina,SL.TLF.CACT.MA.ZS,% de varones 15+,76.8,False
Argentina,ARG,Cono Sur,1993,1990s,Participación,Participación laboral masculina,SL.TLF.CACT.MA.ZS,% de varones 15+,76.4,False
Argentina,ARG,Cono Sur,1994,1990s,Participación,Participación laboral masculina,SL.TLF.CACT.MA.ZS,% de varones 15+,76.1,False
Argentina,ARG,Cono Sur,1995,1990s,Participación,Participación laboral masculina,SL.TLF.CACT.MA.ZS,% de varones 15+,76.1,False
Argentina,ARG,Cono Sur,1996,1990s,Participación,Participación laboral masculina,SL.TLF.CACT.MA.ZS,% de varones 15+,75.6,False
Argentina,ARG,Cono Sur,1997,1990s,Participación,Participación laboral masculina,SL.TLF.CACT.MA.ZS,% de varones 15+,75.3,False
Argentina,ARG,Cono Sur,1998,1990s,Participación,Participación laboral masculina,SL.TLF.CACT.MA.ZS,% de varones 15+,74.9,False
Argentina,ARG,Cono Sur,1999,1990s,Participación,Participación laboral masculina,SL.TLF.CACT.MA.ZS,% de varones 15+,74.6,False
Argentina,ARG,Cono Sur,2000,2000s,Participación,Participación laboral masculina,SL.TLF.CACT.MA.ZS,% de varones 15+,74.3,False
Argentina,ARG,Cono Sur,2001,2000s,Participación,Participación laboral masculina,SL.TLF.CACT.MA.ZS,% de varones 15+,73.9,False
Argentina,ARG,Cono Sur,2002,2000s,Participación,Participación laboral masculina,SL.TLF.CACT.MA.ZS,% de varones 15+,73.6,False
Argentina,ARG,Cono Sur,2003,2000s,Participación,Participación laboral masculina,SL.TLF.CACT.MA.ZS,% de varones 15+,73.2,False
Argentina,ARG,Cono Sur,2004,2000s,Participación,Participación laboral masculina,SL.TLF.CACT.MA.ZS,% de varones 15+,76.4,False
Argentina,ARG,Cono Sur,2005,2000s,Participación,Participación laboral masculina,SL.TLF.CACT.MA.ZS,% de varones 15+,76.5,False
Argentina,ARG,Cono Sur,2006,2000s,Participación,Participación laboral masculina,SL.TLF.CACT.MA.ZS,% de varones 15+,76.6,False
Argentina,ARG,Cono Sur,2007,2000s,Participación,Participación laboral masculina,SL.TLF.CACT.MA.ZS,% de varones 15+,75.9,False
Argentina,ARG,Cono Sur,2008,2000s,Participación,Participación laboral masculina,SL.TLF.CACT.MA.ZS,% de varones 15+,75.3,False
Argentina,ARG,Cono Sur,2009,2000s,Participación,Participación laboral masculina,SL.TLF.CACT.MA.ZS,% de varones 15+,74.6,False
Argentina,ARG,Cono Sur,2010,2010s,Participación,Participación laboral masculina,SL.TLF.CACT.MA.ZS,% de varones 15+,74.9,False
Argentina,ARG,Cono Sur,2011,2010s,Participación,Participación laboral masculina,SL.TLF.CACT.MA.ZS,% de varones 15+,74.9,False
Argentina,ARG,Cono Sur,2012,2010s,Participación,Participación laboral masculina,SL.TLF.CACT.MA.ZS,% de varones 15+,75.0,False
Argentina,ARG,Cono Sur,2013,2010s,Participación,Participación laboral masculina,SL.TLF.CACT.MA.ZS,% de varones 15+,75.0,False
Argentina,ARG,Cono Sur,2014,2010s,Participación,Participación laboral masculina,SL.TLF.CACT.MA.ZS,% de varones 15+,75.1,False
Argentina,ARG,Cono Sur,1990,1990s,Participación,Ratio participación mujer/varón,SL.TLF.CACT.FM.ZS,% (mujer/varón),52.77,False
Argentina,ARG,Cono Sur,1991,1990s,Participación,Ratio participación mujer/varón,SL.TLF.CACT.FM.ZS,% (mujer/varón),52.39,False
Argentina,ARG,Cono Sur,1992,1990s,Participación,Ratio participación mujer/varón,SL.TLF.CACT.FM.ZS,% (mujer/varón),52.21,False
Argentina,ARG,Cono Sur,1993,1990s,Participación,Ratio participación mujer/varón,SL.TLF.CACT.FM.ZS,% (mujer/varón),52.75,False
Argentina,ARG,Cono Sur,1994,1990s,Participación,Ratio participación mujer/varón,SL.TLF.CACT.FM.ZS,% (mujer/varón),53.09,False
Argentina,ARG,Cono Sur,1995,1990s,Participación,Ratio participación mujer/varón,SL.TLF.CACT.FM.ZS,% (mujer/varón),54.14,False
Argentina,ARG,Cono Sur,1996,1990s,Participación,Ratio participación mujer/varón,SL.TLF.CACT.FM.ZS,% (mujer/varón),54.76,False
Argentina,ARG,Cono Sur,1997,1990s,Participación,Ratio participación mujer/varón,SL.TLF.CACT.FM.ZS,% (mujer/varón),55.25,False
Argentina,ARG,Cono Sur,1998,1990s,Participación,Ratio participación mujer/varón,SL.TLF.CACT.FM.ZS,% (mujer/varón),55.94,False
Argentina,ARG,Cono Sur,1999,1990s,Participación,Ratio participación mujer/varón,SL.TLF.CACT.FM.ZS,% (mujer/varón),56.57,False
Argentina,ARG,Cono Sur,2000,2000s,Participación,Ratio participación mujer/varón,SL.TLF.CACT.FM.ZS,% (mujer/varón),57.2,False
Argentina,ARG,Cono Sur,2001,2000s,Participación,Ratio participación mujer/varón,SL.TLF.CACT.FM.ZS,% (mujer/varón),58.46,False
Argentina,ARG,Cono Sur,2002,2000s,Participación,Ratio participación mujer/varón,SL.TLF.CACT.FM.ZS,% (mujer/varón),59.65,False
Argentina,ARG,Cono Sur,2003,2000s,Participación,Ratio participación mujer/varón,SL.TLF.CACT.FM.ZS,% (mujer/varón),60.93,False
Argentina,ARG,Cono Sur,2004,2000s,Participación,Ratio participación mujer/varón,SL.TLF.CACT.FM.ZS,% (mujer/varón),63.87,False
Argentina,ARG,Cono Sur,2005,2000s,Participación,Ratio participación mujer/varón,SL.TLF.CACT.FM.ZS,% (mujer/varón),63.66,False
Argentina,ARG,Cono Sur,2006,2000s,Participación,Ratio participación mujer/varón,SL.TLF.CACT.FM.ZS,% (mujer/varón),63.45,False
Argentina,ARG,Cono Sur,2007,2000s,Participación,Ratio participación mujer/varón,SL.TLF.CACT.FM.ZS,% (mujer/varón),64.16,False
Argentina,ARG,Cono Sur,2008,2000s,Participación,Ratio participación mujer/varón,SL.TLF.CACT.FM.ZS,% (mujer/varón),64.67,False
Argentina,ARG,Cono Sur,2009,2000s,Participación,Ratio participación mujer/varón,SL.TLF.CACT.FM.ZS,% (mujer/varón),65.42,False
Argentina,ARG,Cono Sur,2010,2010s,Participación,Ratio participación mujer/varón,SL.TLF.CACT.FM.ZS,% (mujer/varón),62.75,False
Argentina,ARG,Cono Sur,2011,2010s,Participación,Ratio participación mujer/varón,SL.TLF.CACT.FM.ZS,% (mujer/varón),63.02,False
Argentina,ARG,Cono Sur,2012,2010s,Participación,Ratio participación mujer/varón,SL.TLF.CACT.FM.ZS,% (mujer/varón),63.07,False
Argentina,ARG,Cono Sur,2013,2010s,Participación,Ratio participación mujer/varón,SL.TLF.CACT.FM.ZS,% (mujer/varón),63.33,False
Argentina,ARG,Cono Sur,2014,2010s,Participación,Ratio participación mujer/varón,SL.TLF.CACT.FM.ZS,% (mujer/varón),63.38,False
Bolivia,BOL,Región Andina,1990,1990s,Calidad del empleo,Asalariadas,SL.EMP.WORK.FE.ZS,% del empleo femenino,48.4,False
Bolivia,BOL,Región Andina,1991,1990s,Calidad del empleo,Asalariadas,SL.EMP.WORK.FE.ZS,% del empleo femenino,46.8,False
Bolivia,BOL,Región Andina,1992,1990s,Calidad del empleo,Asalariadas,SL.EMP.WORK.FE.ZS,% del empleo femenino,45.5,False
Bolivia,BOL,Región Andina,1993,1990s,Calidad del empleo,Asalariadas,SL.EMP.WORK.FE.ZS,% del empleo femenino,47.3,False
Bolivia,BOL,Región Andina,1994,1990s,Calidad del empleo,Asalariadas,SL.EMP.WORK.FE.ZS,% del empleo femenino,43.8,False
Bolivia,BOL,Región Andina,1995,1990s,Calidad del empleo,Asalariadas,SL.EMP.WORK.FE.ZS,% del empleo femenino,42.0,False
Bolivia,BOL,Región Andina,1996,1990s,Calidad del empleo,Asalariadas,SL.EMP.WORK.FE.ZS,% del empleo femenino,39.9,False
Bolivia,BOL,Región Andina,1997,1990s,Calidad del empleo,Asalariadas,SL.EMP.WORK.FE.ZS,% del empleo femenino,39.1,False
Bolivia,BOL,Región Andina,1999,1990s,Calidad del empleo,Asalariadas,SL.EMP.WORK.FE.ZS,% del empleo femenino,19.0,False
Bolivia,BOL,Región Andina,2000,2000s,Calidad del empleo,Asalariadas,SL.EMP.WORK.FE.ZS,% del empleo femenino,20.0,False
Bolivia,BOL,Región Andina,2001,2000s,Calidad del empleo,Asalariadas,SL.EMP.WORK.FE.ZS,% del empleo femenino,19.5,False
Bolivia,BOL,Región Andina,2002,2000s,Calidad del empleo,Asalariadas,SL.EMP.WORK.FE.ZS,% del empleo femenino,20.2,False
Bolivia,BOL,Región Andina,2003,2000s,Calidad del empleo,Asalariadas,SL.EMP.WORK.FE.ZS,% del empleo femenino,26.4,False
Bolivia,BOL,Región Andina,2004,2000s,Calidad del empleo,Asalariadas,SL.EMP.WORK.FE.ZS,% del empleo femenino,26.4,False
Bolivia,BOL,Región Andina,2005,2000s,Calidad del empleo,Asalariadas,SL.EMP.WORK.FE.ZS,% del empleo femenino,26.6,False
Bolivia,BOL,Región Andina,2006,2000s,Calidad del empleo,Asalariadas,SL.EMP.WORK.FE.ZS,% del empleo femenino,28.9,False
Bolivia,BOL,Región Andina,2007,2000s,Calidad del empleo,Asalariadas,SL.EMP.WORK.FE.ZS,% del empleo femenino,22.7,False
Bolivia,BOL,Región Andina,2008,2000s,Calidad del empleo,Asalariadas,SL.EMP.WORK.FE.ZS,% del empleo femenino,30.6,False
Bolivia,BOL,Región Andina,2009,2000s,Calidad del empleo,Asalariadas,SL.EMP.WORK.FE.ZS,% del empleo femenino,32.9,False
Bolivia,BOL,Región Andina,2011,2010s,Calidad del empleo,Asalariadas,SL.EMP.WORK.FE.ZS,% del empleo femenino,32.9,False
Bolivia,BOL,Región Andina,1990,1990s,Liderazgo,Bancas parlamentarias femeninas,SG.GEN.PARL.ZS,% de bancas,9.2,False
Bolivia,BOL,Región Andina,1999,1990s,Liderazgo,Bancas parlamentarias femeninas,SG.GEN.PARL.ZS,% de bancas,11.5,False
Bolivia,BOL,Región Andina,2000,2000s,Liderazgo,Bancas parlamentarias femeninas,SG.GEN.PARL.ZS,% de bancas,11.5,False
Bolivia,BOL,Región Andina,2001,2000s,Liderazgo,Bancas parlamentarias femeninas,SG.GEN.PARL.ZS,% de bancas,11.5,False
Bolivia,BOL,Región Andina,2002,2000s,Liderazgo,Bancas parlamentarias femeninas,SG.GEN.PARL.ZS,% de bancas,18.5,False
Bolivia,BOL,Región Andina,2003,2000s,Liderazgo,Bancas parlamentarias femeninas,SG.GEN.PARL.ZS,% de bancas,18.5,False
Bolivia,BOL,Región Andina,2004,2000s,Liderazgo,Bancas parlamentarias femeninas,SG.GEN.PARL.ZS,% de bancas,19.2,False
Bolivia,BOL,Región Andina,2005,2000s,Liderazgo,Bancas parlamentarias femeninas,SG.GEN.PARL.ZS,% de bancas,16.9,False
Bolivia,BOL,Región Andina,2006,2000s,Liderazgo,Bancas parlamentarias femeninas,SG.GEN.PARL.ZS,% de bancas,16.9,False
Bolivia,BOL,Región Andina,2007,2000s,Liderazgo,Bancas parlamentarias femeninas,SG.GEN.PARL.ZS,% de bancas,16.9,False
Bolivia,BOL,Región Andina,2008,2000s,Liderazgo,Bancas parlamentarias femeninas,SG.GEN.PARL.ZS,% de bancas,16.9,False
Bolivia,BOL,Región Andina,2009,2000s,Liderazgo,Bancas parlamentarias femeninas,SG.GEN.PARL.ZS,% de bancas,22.3,False
Bolivia,BOL,Región Andina,2010,2010s,Liderazgo,Bancas parlamentarias femeninas,SG.GEN.PARL.ZS,% de bancas,25.4,False
Bolivia,BOL,Región Andina,2011,2010s,Liderazgo,Bancas parlamentarias femeninas,SG.GEN.PARL.ZS,% de bancas,25.4,False
Bolivia,BOL,Región Andina,2012,2010s,Liderazgo,Bancas parlamentarias femeninas,SG.GEN.PARL.ZS,% de bancas,25.4,False
Bolivia,BOL,Región Andina,2013,2010s,Liderazgo,Bancas parlamentarias femeninas,SG.GEN.PARL.ZS,% de bancas,25.4,False
Bolivia,BOL,Región Andina,2014,2010s,Liderazgo,Bancas parlamentarias femeninas,SG.GEN.PARL.ZS,% de bancas,53.1,True
Bolivia,BOL,Región Andina,1991,1990s,Calidad del empleo,Desempleo femenino,SL.UEM.TOTL.FE.ZS,% de la PEA femenina,3.8,False
Bolivia,BOL,Región Andina,1992,1990s,Calidad del empleo,Desempleo femenino,SL.UEM.TOTL.FE.ZS,% de la PEA femenina,6.4,False
Bolivia,BOL,Región Andina,1993,1990s,Calidad del empleo,Desempleo femenino,SL.UEM.TOTL.FE.ZS,% de la PEA femenina,6.1,False
Bolivia,BOL,Región Andina,1994,1990s,Calidad del empleo,Desempleo femenino,SL.UEM.TOTL.FE.ZS,% de la PEA femenina,6.1,False
Bolivia,BOL,Región Andina,1995,1990s,Calidad del empleo,Desempleo femenino,SL.UEM.TOTL.FE.ZS,% de la PEA femenina,6.0,False
Bolivia,BOL,Región Andina,1996,1990s,Calidad del empleo,Desempleo femenino,SL.UEM.TOTL.FE.ZS,% de la PEA femenina,6.6,False
Bolivia,BOL,Región Andina,1997,1990s,Calidad del empleo,Desempleo femenino,SL.UEM.TOTL.FE.ZS,% de la PEA femenina,5.4,False
Bolivia,BOL,Región Andina,1998,1990s,Calidad del empleo,Desempleo femenino,SL.UEM.TOTL.FE.ZS,% de la PEA femenina,4.4,False
Bolivia,BOL,Región Andina,1999,1990s,Calidad del empleo,Desempleo femenino,SL.UEM.TOTL.FE.ZS,% de la PEA femenina,5.3,False
Bolivia,BOL,Región Andina,2000,2000s,Calidad del empleo,Desempleo femenino,SL.UEM.TOTL.FE.ZS,% de la PEA femenina,5.9,False
Bolivia,BOL,Región Andina,2001,2000s,Calidad del empleo,Desempleo femenino,SL.UEM.TOTL.FE.ZS,% de la PEA femenina,6.4,False
Bolivia,BOL,Región Andina,2002,2000s,Calidad del empleo,Desempleo femenino,SL.UEM.TOTL.FE.ZS,% de la PEA femenina,6.8,False
Bolivia,BOL,Región Andina,2003,2000s,Calidad del empleo,Desempleo femenino,SL.UEM.TOTL.FE.ZS,% de la PEA femenina,6.8,False
Bolivia,BOL,Región Andina,2004,2000s,Calidad del empleo,Desempleo femenino,SL.UEM.TOTL.FE.ZS,% de la PEA femenina,5.4,False
Bolivia,BOL,Región Andina,2005,2000s,Calidad del empleo,Desempleo femenino,SL.UEM.TOTL.FE.ZS,% de la PEA femenina,6.4,False
Bolivia,BOL,Región Andina,2006,2000s,Calidad del empleo,Desempleo femenino,SL.UEM.TOTL.FE.ZS,% de la PEA femenina,6.3,False
Bolivia,BOL,Región Andina,2007,2000s,Calidad del empleo,Desempleo femenino,SL.UEM.TOTL.FE.ZS,% de la PEA femenina,6.3,False
Bolivia,BOL,Región Andina,2008,2000s,Calidad del empleo,Desempleo femenino,SL.UEM.TOTL.FE.ZS,% de la PEA femenina,3.8,False
Bolivia,BOL,Región Andina,2009,2000s,Calidad del empleo,Desempleo femenino,SL.UEM.TOTL.FE.ZS,% de la PEA femenina,4.3,False
Bolivia,BOL,Región Andina,2010,2010s,Calidad del empleo,Desempleo femenino,SL.UEM.TOTL.FE.ZS,% de la PEA femenina,4.1,False
Bolivia,BOL,Región Andina,2011,2010s,Calidad del empleo,Desempleo femenino,SL.UEM.TOTL.FE.ZS,% de la PEA femenina,3.4,False
Bolivia,BOL,Región Andina,2012,2010s,Calidad del empleo,Desempleo femenino,SL.UEM.TOTL.FE.ZS,% de la PEA femenina,3.4,False
Bolivia,BOL,Región Andina,2013,2010s,Calidad del empleo,Desempleo femenino,SL.UEM.TOTL.FE.ZS,% de la PEA femenina,3.2,False
Bolivia,BOL,Región Andina,2014,2010s,Calidad del empleo,Desempleo femenino,SL.UEM.TOTL.FE.ZS,% de la PEA femenina,3.3,False
Bolivia,BOL,Región Andina,1990,1990s,Calidad del empleo,Empleadoras,SL.EMP.MPYR.FE.ZS,% del empleo femenino,1.5,False
Bolivia,BOL,Región Andina,1991,1990s,Calidad del empleo,Empleadoras,SL.EMP.MPYR.FE.ZS,% del empleo femenino,1.8,False
Bolivia,BOL,Región Andina,1992,1990s,Calidad del empleo,Empleadoras,SL.EMP.MPYR.FE.ZS,% del empleo femenino,2.6,False
Bolivia,BOL,Región Andina,1993,1990s,Calidad del empleo,Empleadoras,SL.EMP.MPYR.FE.ZS,% del empleo femenino,2.9,False
Bolivia,BOL,Región Andina,1994,1990s,Calidad del empleo,Empleadoras,SL.EMP.MPYR.FE.ZS,% del empleo femenino,3.5,False
Bolivia,BOL,Región Andina,1995,1990s,Calidad del empleo,Empleadoras,SL.EMP.MPYR.FE.ZS,% del empleo femenino,3.3,False
Bolivia,BOL,Región Andina,1996,1990s,Calidad del empleo,Empleadoras,SL.EMP.MPYR.FE.ZS,% del empleo femenino,3.8,False
Bolivia,BOL,Región Andina,1997,1990s,Calidad del empleo,Empleadoras,SL.EMP.MPYR.FE.ZS,% del empleo femenino,2.8,False
Bolivia,BOL,Región Andina,1999,1990s,Calidad del empleo,Empleadoras,SL.EMP.MPYR.FE.ZS,% del empleo femenino,1.4,False
Bolivia,BOL,Región Andina,2000,2000s,Calidad del empleo,Empleadoras,SL.EMP.MPYR.FE.ZS,% del empleo femenino,1.0,False
Bolivia,BOL,Región Andina,2001,2000s,Calidad del empleo,Empleadoras,SL.EMP.MPYR.FE.ZS,% del empleo femenino,1.4,False
Bolivia,BOL,Región Andina,2002,2000s,Calidad del empleo,Empleadoras,SL.EMP.MPYR.FE.ZS,% del empleo femenino,2.0,False
Bolivia,BOL,Región Andina,2003,2000s,Calidad del empleo,Empleadoras,SL.EMP.MPYR.FE.ZS,% del empleo femenino,1.9,False
Bolivia,BOL,Región Andina,2004,2000s,Calidad del empleo,Empleadoras,SL.EMP.MPYR.FE.ZS,% del empleo femenino,1.9,False
Bolivia,BOL,Región Andina,2005,2000s,Calidad del empleo,Empleadoras,SL.EMP.MPYR.FE.ZS,% del empleo femenino,2.9,False
Bolivia,BOL,Región Andina,2006,2000s,Calidad del empleo,Empleadoras,SL.EMP.MPYR.FE.ZS,% del empleo femenino,2.1,False
Bolivia,BOL,Región Andina,2007,2000s,Calidad del empleo,Empleadoras,SL.EMP.MPYR.FE.ZS,% del empleo femenino,3.2,False
Bolivia,BOL,Región Andina,2008,2000s,Calidad del empleo,Empleadoras,SL.EMP.MPYR.FE.ZS,% del empleo femenino,2.9,False
Bolivia,BOL,Región Andina,2009,2000s,Calidad del empleo,Empleadoras,SL.EMP.MPYR.FE.ZS,% del empleo femenino,2.7,False
Bolivia,BOL,Región Andina,2011,2010s,Calidad del empleo,Empleadoras,SL.EMP.MPYR.FE.ZS,% del empleo femenino,3.0,False
Bolivia,BOL,Región Andina,1990,1990s,Estructura sectorial,Empleo femenino en agricultura,SL.AGR.EMPL.FE.ZS,% del empleo femenino,0.2,False
Bolivia,BOL,Región Andina,1991,1990s,Estructura sectorial,Empleo femenino en agricultura,SL.AGR.EMPL.FE.ZS,% del empleo femenino,1.0,False
Bolivia,BOL,Región Andina,1992,1990s,Estructura sectorial,Empleo femenino en agricultura,SL.AGR.EMPL.FE.ZS,% del empleo femenino,1.3,False
Bolivia,BOL,Región Andina,1993,1990s,Estructura sectorial,Empleo femenino en agricultura,SL.AGR.EMPL.FE.ZS,% del empleo femenino,0.7,False
Bolivia,BOL,Región Andina,1994,1990s,Estructura sectorial,Empleo femenino en agricultura,SL.AGR.EMPL.FE.ZS,% del empleo femenino,0.7,False
Bolivia,BOL,Región Andina,1995,1990s,Estructura sectorial,Empleo femenino en agricultura,SL.AGR.EMPL.FE.ZS,% del empleo femenino,1.1,False
Bolivia,BOL,Región Andina,1996,1990s,Estructura sectorial,Empleo femenino en agricultura,SL.AGR.EMPL.FE.ZS,% del empleo femenino,4.0,False
Bolivia,BOL,Región Andina,1997,1990s,Estructura sectorial,Empleo femenino en agricultura,SL.AGR.EMPL.FE.ZS,% del empleo femenino,4.0,False
Bolivia,BOL,Región Andina,1999,1990s,Estructura sectorial,Empleo femenino en agricultura,SL.AGR.EMPL.FE.ZS,% del empleo femenino,37.2,True
Bolivia,BOL,Región Andina,2000,2000s,Estructura sectorial,Empleo femenino en agricultura,SL.AGR.EMPL.FE.ZS,% del empleo femenino,35.3,True
Bolivia,BOL,Región Andina,2001,2000s,Estructura sectorial,Empleo femenino en agricultura,SL.AGR.EMPL.FE.ZS,% del empleo femenino,39.8,True
Bolivia,BOL,Región Andina,2002,2000s,Estructura sectorial,Empleo femenino en agricultura,SL.AGR.EMPL.FE.ZS,% del empleo femenino,36.2,True
Bolivia,BOL,Región Andina,2003,2000s,Estructura sectorial,Empleo femenino en agricultura,SL.AGR.EMPL.FE.ZS,% del empleo femenino,34.7,True
Bolivia,BOL,Región Andina,2004,2000s,Estructura sectorial,Empleo femenino en agricultura,SL.AGR.EMPL.FE.ZS,% del empleo femenino,34.7,True
Bolivia,BOL,Región Andina,2005,2000s,Estructura sectorial,Empleo femenino en agricultura,SL.AGR.EMPL.FE.ZS,% del empleo femenino,39.1,True
Bolivia,BOL,Región Andina,2006,2000s,Estructura sectorial,Empleo femenino en agricultura,SL.AGR.EMPL.FE.ZS,% del empleo femenino,39.5,True
Bolivia,BOL,Región Andina,2007,2000s,Estructura sectorial,Empleo femenino en agricultura,SL.AGR.EMPL.FE.ZS,% del empleo femenino,38.3,True
Bolivia,BOL,Región Andina,2008,2000s,Estructura sectorial,Empleo femenino en agricultura,SL.AGR.EMPL.FE.ZS,% del empleo femenino,34.7,True
Bolivia,BOL,Región Andina,1990,1990s,Estructura sectorial,Empleo femenino en servicios,SL.SRV.EMPL.FE.ZS,% del empleo femenino,88.0,False
Bolivia,BOL,Región Andina,1991,1990s,Estructura sectorial,Empleo femenino en servicios,SL.SRV.EMPL.FE.ZS,% del empleo femenino,84.0,False
Bolivia,BOL,Región Andina,1992,1990s,Estructura sectorial,Empleo femenino en servicios,SL.SRV.EMPL.FE.ZS,% del empleo femenino,82.5,False
Bolivia,BOL,Región Andina,1993,1990s,Estructura sectorial,Empleo femenino en servicios,SL.SRV.EMPL.FE.ZS,% del empleo femenino,84.1,False
Bolivia,BOL,Región Andina,1994,1990s,Estructura sectorial,Empleo femenino en servicios,SL.SRV.EMPL.FE.ZS,% del empleo femenino,83.5,False
Bolivia,BOL,Región Andina,1995,1990s,Estructura sectorial,Empleo femenino en servicios,SL.SRV.EMPL.FE.ZS,% del empleo femenino,82.7,False
Bolivia,BOL,Región Andina,1996,1990s,Estructura sectorial,Empleo femenino en servicios,SL.SRV.EMPL.FE.ZS,% del empleo femenino,80.2,False
Bolivia,BOL,Región Andina,1997,1990s,Estructura sectorial,Empleo femenino en servicios,SL.SRV.EMPL.FE.ZS,% del empleo femenino,79.2,False
Bolivia,BOL,Región Andina,1999,1990s,Estructura sectorial,Empleo femenino en servicios,SL.SRV.EMPL.FE.ZS,% del empleo femenino,50.9,True
Bolivia,BOL,Región Andina,2000,2000s,Estructura sectorial,Empleo femenino en servicios,SL.SRV.EMPL.FE.ZS,% del empleo femenino,54.5,False
Bolivia,BOL,Región Andina,2001,2000s,Estructura sectorial,Empleo femenino en servicios,SL.SRV.EMPL.FE.ZS,% del empleo femenino,50.5,True
Bolivia,BOL,Región Andina,2002,2000s,Estructura sectorial,Empleo femenino en servicios,SL.SRV.EMPL.FE.ZS,% del empleo femenino,52.5,True
Bolivia,BOL,Región Andina,2003,2000s,Estructura sectorial,Empleo femenino en servicios,SL.SRV.EMPL.FE.ZS,% del empleo femenino,54.3,False
Bolivia,BOL,Región Andina,2004,2000s,Estructura sectorial,Empleo femenino en servicios,SL.SRV.EMPL.FE.ZS,% del empleo femenino,54.2,False
Bolivia,BOL,Región Andina,2005,2000s,Estructura sectorial,Empleo femenino en servicios,SL.SRV.EMPL.FE.ZS,% del empleo femenino,50.0,True
Bolivia,BOL,Región Andina,2006,2000s,Estructura sectorial,Empleo femenino en servicios,SL.SRV.EMPL.FE.ZS,% del empleo femenino,50.5,True
Bolivia,BOL,Región Andina,2007,2000s,Estructura sectorial,Empleo femenino en servicios,SL.SRV.EMPL.FE.ZS,% del empleo femenino,52.5,True
Bolivia,BOL,Región Andina,2008,2000s,Estructura sectorial,Empleo femenino en servicios,SL.SRV.EMPL.FE.ZS,% del empleo femenino,54.8,False
Bolivia,BOL,Región Andina,1990,1990s,Calidad del empleo,Empleo vulnerable femenino,SL.EMP.VULN.FE.ZS,% del empleo femenino,50.1,False
Bolivia,BOL,Región Andina,1991,1990s,Calidad del empleo,Empleo vulnerable femenino,SL.EMP.VULN.FE.ZS,% del empleo femenino,51.3,False
Bolivia,BOL,Región Andina,1992,1990s,Calidad del empleo,Empleo vulnerable femenino,SL.EMP.VULN.FE.ZS,% del empleo femenino,51.9,False
Bolivia,BOL,Región Andina,1993,1990s,Calidad del empleo,Empleo vulnerable femenino,SL.EMP.VULN.FE.ZS,% del empleo femenino,49.9,False
Bolivia,BOL,Región Andina,1994,1990s,Calidad del empleo,Empleo vulnerable femenino,SL.EMP.VULN.FE.ZS,% del empleo femenino,52.6,False
Bolivia,BOL,Región Andina,1995,1990s,Calidad del empleo,Empleo vulnerable femenino,SL.EMP.VULN.FE.ZS,% del empleo femenino,54.6,False
Bolivia,BOL,Región Andina,1996,1990s,Calidad del empleo,Empleo vulnerable femenino,SL.EMP.VULN.FE.ZS,% del empleo femenino,56.3,False
Bolivia,BOL,Región Andina,1997,1990s,Calidad del empleo,Empleo vulnerable femenino,SL.EMP.VULN.FE.ZS,% del empleo femenino,57.9,False
Bolivia,BOL,Región Andina,1999,1990s,Calidad del empleo,Empleo vulnerable femenino,SL.EMP.VULN.FE.ZS,% del empleo femenino,75.6,False
Bolivia,BOL,Región Andina,2000,2000s,Calidad del empleo,Empleo vulnerable femenino,SL.EMP.VULN.FE.ZS,% del empleo femenino,73.2,False
Bolivia,BOL,Región Andina,2001,2000s,Calidad del empleo,Empleo vulnerable femenino,SL.EMP.VULN.FE.ZS,% del empleo femenino,72.5,False
Bolivia,BOL,Región Andina,2002,2000s,Calidad del empleo,Empleo vulnerable femenino,SL.EMP.VULN.FE.ZS,% del empleo femenino,72.6,False
Bolivia,BOL,Región Andina,2003,2000s,Calidad del empleo,Empleo vulnerable femenino,SL.EMP.VULN.FE.ZS,% del empleo femenino,71.6,False
Bolivia,BOL,Región Andina,2004,2000s,Calidad del empleo,Empleo vulnerable femenino,SL.EMP.VULN.FE.ZS,% del empleo femenino,71.6,False
Bolivia,BOL,Región Andina,2005,2000s,Calidad del empleo,Empleo vulnerable femenino,SL.EMP.VULN.FE.ZS,% del empleo femenino,70.6,False
Bolivia,BOL,Región Andina,2006,2000s,Calidad del empleo,Empleo vulnerable femenino,SL.EMP.VULN.FE.ZS,% del empleo femenino,69.0,False
Bolivia,BOL,Región Andina,2007,2000s,Calidad del empleo,Empleo vulnerable femenino,SL.EMP.VULN.FE.ZS,% del empleo femenino,66.8,False
Bolivia,BOL,Región Andina,2008,2000s,Calidad del empleo,Empleo vulnerable femenino,SL.EMP.VULN.FE.ZS,% del empleo femenino,66.5,False
Bolivia,BOL,Región Andina,2009,2000s,Calidad del empleo,Empleo vulnerable femenino,SL.EMP.VULN.FE.ZS,% del empleo femenino,64.4,False
Bolivia,BOL,Región Andina,2011,2010s,Calidad del empleo,Empleo vulnerable femenino,SL.EMP.VULN.FE.ZS,% del empleo femenino,64.1,False
Bolivia,BOL,Región Andina,2010,2010s,Liderazgo empresarial,Firmas con gerenta mujer,IC.FRM.FEMM.ZS,% de firmas,21.7,False
Bolivia,BOL,Región Andina,2006,2000s,Liderazgo empresarial,Firmas con propiedad femenina,IC.FRM.FEMO.ZS,% de firmas,41.1,False
Bolivia,BOL,Región Andina,2010,2010s,Liderazgo empresarial,Firmas con propiedad femenina,IC.FRM.FEMO.ZS,% de firmas,41.3,False
Bolivia,BOL,Región Andina,1993,1990s,Liderazgo,Mujeres en puestos directivos,SG.GEN.LSOM.ZS,% del total de directivos,25.66,False
Bolivia,BOL,Región Andina,1994,1990s,Liderazgo,Mujeres en puestos directivos,SG.GEN.LSOM.ZS,% del total de directivos,22.03,False
Bolivia,BOL,Región Andina,1995,1990s,Liderazgo,Mujeres en puestos directivos,SG.GEN.LSOM.ZS,% del total de directivos,28.29,False
Bolivia,BOL,Región Andina,1996,1990s,Liderazgo,Mujeres en puestos directivos,SG.GEN.LSOM.ZS,% del total de directivos,24.34,False
Bolivia,BOL,Región Andina,1997,1990s,Liderazgo,Mujeres en puestos directivos,SG.GEN.LSOM.ZS,% del total de directivos,25.35,False
Bolivia,BOL,Región Andina,1999,1990s,Liderazgo,Mujeres en puestos directivos,SG.GEN.LSOM.ZS,% del total de directivos,28.2,False
Bolivia,BOL,Región Andina,2000,2000s,Liderazgo,Mujeres en puestos directivos,SG.GEN.LSOM.ZS,% del total de directivos,38.59,False
Bolivia,BOL,Región Andina,2001,2000s,Liderazgo,Mujeres en puestos directivos,SG.GEN.LSOM.ZS,% del total de directivos,17.57,False
Bolivia,BOL,Región Andina,2002,2000s,Liderazgo,Mujeres en puestos directivos,SG.GEN.LSOM.ZS,% del total de directivos,19.57,False
Bolivia,BOL,Región Andina,2004,2000s,Liderazgo,Mujeres en puestos directivos,SG.GEN.LSOM.ZS,% del total de directivos,30.69,False
Bolivia,BOL,Región Andina,2005,2000s,Liderazgo,Mujeres en puestos directivos,SG.GEN.LSOM.ZS,% del total de directivos,31.96,False
Bolivia,BOL,Región Andina,2006,2000s,Liderazgo,Mujeres en puestos directivos,SG.GEN.LSOM.ZS,% del total de directivos,27.68,False
Bolivia,BOL,Región Andina,2007,2000s,Liderazgo,Mujeres en puestos directivos,SG.GEN.LSOM.ZS,% del total de directivos,28.96,False
Bolivia,BOL,Región Andina,2009,2000s,Liderazgo,Mujeres en puestos directivos,SG.GEN.LSOM.ZS,% del total de directivos,35.06,False
Bolivia,BOL,Región Andina,1990,1990s,Contexto,PBI per cápita,NY.GDP.PCAP.CD,USD corrientes,709.95,False
Bolivia,BOL,Región Andina,1991,1990s,Contexto,PBI per cápita,NY.GDP.PCAP.CD,USD corrientes,764.14,False
Bolivia,BOL,Región Andina,1992,1990s,Contexto,PBI per cápita,NY.GDP.PCAP.CD,USD corrientes,791.38,False
Bolivia,BOL,Región Andina,1993,1990s,Contexto,PBI per cápita,NY.GDP.PCAP.CD,USD corrientes,788.4,False
Bolivia,BOL,Región Andina,1994,1990s,Contexto,PBI per cápita,NY.GDP.PCAP.CD,USD corrientes,806.22,False
Bolivia,BOL,Región Andina,1995,1990s,Contexto,PBI per cápita,NY.GDP.PCAP.CD,USD corrientes,887.47,False
Bolivia,BOL,Región Andina,1996,1990s,Contexto,PBI per cápita,NY.GDP.PCAP.CD,USD corrientes,958.47,False
Bolivia,BOL,Región Andina,1997,1990s,Contexto,PBI per cápita,NY.GDP.PCAP.CD,USD corrientes,1006.96,False
Bolivia,BOL,Región Andina,1998,1990s,Contexto,PBI per cápita,NY.GDP.PCAP.CD,USD corrientes,1058.72,False
Bolivia,BOL,Región Andina,1999,1990s,Contexto,PBI per cápita,NY.GDP.PCAP.CD,USD corrientes,1012.51,False
Bolivia,BOL,Región Andina,2000,2000s,Contexto,PBI per cápita,NY.GDP.PCAP.CD,USD corrientes,1007.0,False
Bolivia,BOL,Región Andina,2001,2000s,Contexto,PBI per cápita,NY.GDP.PCAP.CD,USD corrientes,958.24,False
Bolivia,BOL,Región Andina,2002,2000s,Contexto,PBI per cápita,NY.GDP.PCAP.CD,USD corrientes,913.58,False
Bolivia,BOL,Región Andina,2003,2000s,Contexto,PBI per cápita,NY.GDP.PCAP.CD,USD corrientes,917.36,False
Bolivia,BOL,Región Andina,2004,2000s,Contexto,PBI per cápita,NY.GDP.PCAP.CD,USD corrientes,978.33,False
Bolivia,BOL,Región Andina,2005,2000s,Contexto,PBI per cápita,NY.GDP.PCAP.CD,USD corrientes,1046.43,False
Bolivia,BOL,Región Andina,2006,2000s,Contexto,PBI per cápita,NY.GDP.PCAP.CD,USD corrientes,1233.59,False
Bolivia,BOL,Región Andina,2007,2000s,Contexto,PBI per cápita,NY.GDP.PCAP.CD,USD corrientes,1389.63,False
Bolivia,BOL,Región Andina,2008,2000s,Contexto,PBI per cápita,NY.GDP.PCAP.CD,USD corrientes,1736.92,False
Bolivia,BOL,Región Andina,2009,2000s,Contexto,PBI per cápita,NY.GDP.PCAP.CD,USD corrientes,1776.86,False
Bolivia,BOL,Región Andina,2010,2010s,Contexto,PBI per cápita,NY.GDP.PCAP.CD,USD corrientes,1981.16,False
Bolivia,BOL,Región Andina,2011,2010s,Contexto,PBI per cápita,NY.GDP.PCAP.CD,USD corrientes,2377.7,False
Bolivia,BOL,Región Andina,2012,2010s,Contexto,PBI per cápita,NY.GDP.PCAP.CD,USD corrientes,2645.29,False
Bolivia,BOL,Región Andina,2013,2010s,Contexto,PBI per cápita,NY.GDP.PCAP.CD,USD corrientes,2948.03,False
Bolivia,BOL,Región Andina,2014,2010s,Contexto,PBI per cápita,NY.GDP.PCAP.CD,USD corrientes,3124.08,False
Bolivia,BOL,Región Andina,1990,1990s,Participación,Participación laboral femenina,SL.TLF.CACT.FE.ZS,% de mujeres 15+,50.4,False
Bolivia,BOL,Región Andina,1991,1990s,Participación,Participación laboral femenina,SL.TLF.CACT.FE.ZS,% de mujeres 15+,51.3,False
Bolivia,BOL,Región Andina,1992,1990s,Participación,Participación laboral femenina,SL.TLF.CACT.FE.ZS,% de mujeres 15+,52.3,False
Bolivia,BOL,Región Andina,1993,1990s,Participación,Participación laboral femenina,SL.TLF.CACT.FE.ZS,% de mujeres 15+,53.2,False
Bolivia,BOL,Región Andina,1994,1990s,Participación,Participación laboral femenina,SL.TLF.CACT.FE.ZS,% de mujeres 15+,54.1,False
Bolivia,BOL,Región Andina,1995,1990s,Participación,Participación laboral femenina,SL.TLF.CACT.FE.ZS,% de mujeres 15+,55.1,False
Bolivia,BOL,Región Andina,1996,1990s,Participación,Participación laboral femenina,SL.TLF.CACT.FE.ZS,% de mujeres 15+,57.4,False
Bolivia,BOL,Región Andina,1997,1990s,Participación,Participación laboral femenina,SL.TLF.CACT.FE.ZS,% de mujeres 15+,59.7,False
Bolivia,BOL,Región Andina,1998,1990s,Participación,Participación laboral femenina,SL.TLF.CACT.FE.ZS,% de mujeres 15+,59.7,False
Bolivia,BOL,Región Andina,1999,1990s,Participación,Participación laboral femenina,SL.TLF.CACT.FE.ZS,% de mujeres 15+,59.7,False
Bolivia,BOL,Región Andina,2000,2000s,Participación,Participación laboral femenina,SL.TLF.CACT.FE.ZS,% de mujeres 15+,59.7,False
Bolivia,BOL,Región Andina,2001,2000s,Participación,Participación laboral femenina,SL.TLF.CACT.FE.ZS,% de mujeres 15+,60.0,False
Bolivia,BOL,Región Andina,2002,2000s,Participación,Participación laboral femenina,SL.TLF.CACT.FE.ZS,% de mujeres 15+,60.3,False
Bolivia,BOL,Región Andina,2003,2000s,Participación,Participación laboral femenina,SL.TLF.CACT.FE.ZS,% de mujeres 15+,60.5,False
Bolivia,BOL,Región Andina,2004,2000s,Participación,Participación laboral femenina,SL.TLF.CACT.FE.ZS,% de mujeres 15+,60.8,False
Bolivia,BOL,Región Andina,2005,2000s,Participación,Participación laboral femenina,SL.TLF.CACT.FE.ZS,% de mujeres 15+,61.1,False
Bolivia,BOL,Región Andina,2006,2000s,Participación,Participación laboral femenina,SL.TLF.CACT.FE.ZS,% de mujeres 15+,61.5,False
Bolivia,BOL,Región Andina,2007,2000s,Participación,Participación laboral femenina,SL.TLF.CACT.FE.ZS,% de mujeres 15+,62.3,False
Bolivia,BOL,Región Andina,2008,2000s,Participación,Participación laboral femenina,SL.TLF.CACT.FE.ZS,% de mujeres 15+,62.6,False
Bolivia,BOL,Región Andina,2009,2000s,Participación,Participación laboral femenina,SL.TLF.CACT.FE.ZS,% de mujeres 15+,63.2,False
Bolivia,BOL,Región Andina,2010,2010s,Participación,Participación laboral femenina,SL.TLF.CACT.FE.ZS,% de mujeres 15+,63.7,False
Bolivia,BOL,Región Andina,2011,2010s,Participación,Participación laboral femenina,SL.TLF.CACT.FE.ZS,% de mujeres 15+,63.9,False
Bolivia,BOL,Región Andina,2012,2010s,Participación,Participación laboral femenina,SL.TLF.CACT.FE.ZS,% de mujeres 15+,64.1,False
Bolivia,BOL,Región Andina,2013,2010s,Participación,Participación laboral femenina,SL.TLF.CACT.FE.ZS,% de mujeres 15+,64.2,False
Bolivia,BOL,Región Andina,2014,2010s,Participación,Participación laboral femenina,SL.TLF.CACT.FE.ZS,% de mujeres 15+,64.4,False
Bolivia,BOL,Región Andina,1990,1990s,Participación,Participación laboral masculina,SL.TLF.CACT.MA.ZS,% de varones 15+,82.7,False
Bolivia,BOL,Región Andina,1991,1990s,Participación,Participación laboral masculina,SL.TLF.CACT.MA.ZS,% de varones 15+,82.6,False
Bolivia,BOL,Región Andina,1992,1990s,Participación,Participación laboral masculina,SL.TLF.CACT.MA.ZS,% de varones 15+,82.5,False
Bolivia,BOL,Región Andina,1993,1990s,Participación,Participación laboral masculina,SL.TLF.CACT.MA.ZS,% de varones 15+,82.4,False
Bolivia,BOL,Región Andina,1994,1990s,Participación,Participación laboral masculina,SL.TLF.CACT.MA.ZS,% de varones 15+,82.3,False
Bolivia,BOL,Región Andina,1995,1990s,Participación,Participación laboral masculina,SL.TLF.CACT.MA.ZS,% de varones 15+,82.2,False
Bolivia,BOL,Región Andina,1996,1990s,Participación,Participación laboral masculina,SL.TLF.CACT.MA.ZS,% de varones 15+,82.3,False
Bolivia,BOL,Región Andina,1997,1990s,Participación,Participación laboral masculina,SL.TLF.CACT.MA.ZS,% de varones 15+,82.3,False
Bolivia,BOL,Región Andina,1998,1990s,Participación,Participación laboral masculina,SL.TLF.CACT.MA.ZS,% de varones 15+,82.2,False
Bolivia,BOL,Región Andina,1999,1990s,Participación,Participación laboral masculina,SL.TLF.CACT.MA.ZS,% de varones 15+,82.0,False
Bolivia,BOL,Región Andina,2000,2000s,Participación,Participación laboral masculina,SL.TLF.CACT.MA.ZS,% de varones 15+,81.7,False
Bolivia,BOL,Región Andina,2001,2000s,Participación,Participación laboral masculina,SL.TLF.CACT.MA.ZS,% de varones 15+,81.7,False
Bolivia,BOL,Región Andina,2002,2000s,Participación,Participación laboral masculina,SL.TLF.CACT.MA.ZS,% de varones 15+,81.7,False
Bolivia,BOL,Región Andina,2003,2000s,Participación,Participación laboral masculina,SL.TLF.CACT.MA.ZS,% de varones 15+,81.6,False
Bolivia,BOL,Región Andina,2004,2000s,Participación,Participación laboral masculina,SL.TLF.CACT.MA.ZS,% de varones 15+,81.6,False
Bolivia,BOL,Región Andina,2005,2000s,Participación,Participación laboral masculina,SL.TLF.CACT.MA.ZS,% de varones 15+,81.5,False
Bolivia,BOL,Región Andina,2006,2000s,Participación,Participación laboral masculina,SL.TLF.CACT.MA.ZS,% de varones 15+,81.4,False
Bolivia,BOL,Región Andina,2007,2000s,Participación,Participación laboral masculina,SL.TLF.CACT.MA.ZS,% de varones 15+,81.2,False
Bolivia,BOL,Región Andina,2008,2000s,Participación,Participación laboral masculina,SL.TLF.CACT.MA.ZS,% de varones 15+,81.1,False
Bolivia,BOL,Región Andina,2009,2000s,Participación,Participación laboral masculina,SL.TLF.CACT.MA.ZS,% de varones 15+,81.0,False
Bolivia,BOL,Región Andina,2010,2010s,Participación,Participación laboral masculina,SL.TLF.CACT.MA.ZS,% de varones 15+,80.9,False
Bolivia,BOL,Región Andina,2011,2010s,Participación,Participación laboral masculina,SL.TLF.CACT.MA.ZS,% de varones 15+,80.9,False
Bolivia,BOL,Región Andina,2012,2010s,Participación,Participación laboral masculina,SL.TLF.CACT.MA.ZS,% de varones 15+,80.9,False
Bolivia,BOL,Región Andina,2013,2010s,Participación,Participación laboral masculina,SL.TLF.CACT.MA.ZS,% de varones 15+,80.9,False
Bolivia,BOL,Región Andina,2014,2010s,Participación,Participación laboral masculina,SL.TLF.CACT.MA.ZS,% de varones 15+,80.9,False
Bolivia,BOL,Región Andina,1990,1990s,Participación,Ratio participación mujer/varón,SL.TLF.CACT.FM.ZS,% (mujer/varón),60.94,False
Bolivia,BOL,Región Andina,1991,1990s,Participación,Ratio participación mujer/varón,SL.TLF.CACT.FM.ZS,% (mujer/varón),62.11,False
Bolivia,BOL,Región Andina,1992,1990s,Participación,Ratio participación mujer/varón,SL.TLF.CACT.FM.ZS,% (mujer/varón),63.39,False
Bolivia,BOL,Región Andina,1993,1990s,Participación,Ratio participación mujer/varón,SL.TLF.CACT.FM.ZS,% (mujer/varón),64.56,False
Bolivia,BOL,Región Andina,1994,1990s,Participación,Ratio participación mujer/varón,SL.TLF.CACT.FM.ZS,% (mujer/varón),65.74,False
Bolivia,BOL,Región Andina,1995,1990s,Participación,Ratio participación mujer/varón,SL.TLF.CACT.FM.ZS,% (mujer/varón),67.03,False
Bolivia,BOL,Región Andina,1996,1990s,Participación,Ratio participación mujer/varón,SL.TLF.CACT.FM.ZS,% (mujer/varón),69.74,False
Bolivia,BOL,Región Andina,1997,1990s,Participación,Ratio participación mujer/varón,SL.TLF.CACT.FM.ZS,% (mujer/varón),72.54,False
Bolivia,BOL,Región Andina,1998,1990s,Participación,Ratio participación mujer/varón,SL.TLF.CACT.FM.ZS,% (mujer/varón),72.63,False
Bolivia,BOL,Región Andina,1999,1990s,Participación,Ratio participación mujer/varón,SL.TLF.CACT.FM.ZS,% (mujer/varón),72.8,False
Bolivia,BOL,Región Andina,2000,2000s,Participación,Ratio participación mujer/varón,SL.TLF.CACT.FM.ZS,% (mujer/varón),73.07,False
Bolivia,BOL,Región Andina,2001,2000s,Participación,Ratio participación mujer/varón,SL.TLF.CACT.FM.ZS,% (mujer/varón),73.44,False
Bolivia,BOL,Región Andina,2002,2000s,Participación,Ratio participación mujer/varón,SL.TLF.CACT.FM.ZS,% (mujer/varón),73.81,False
Bolivia,BOL,Región Andina,2003,2000s,Participación,Ratio participación mujer/varón,SL.TLF.CACT.FM.ZS,% (mujer/varón),74.14,False
Bolivia,BOL,Región Andina,2004,2000s,Participación,Ratio participación mujer/varón,SL.TLF.CACT.FM.ZS,% (mujer/varón),74.51,False
Bolivia,BOL,Región Andina,2005,2000s,Participación,Ratio participación mujer/varón,SL.TLF.CACT.FM.ZS,% (mujer/varón),74.97,False
Bolivia,BOL,Región Andina,2006,2000s,Participación,Ratio participación mujer/varón,SL.TLF.CACT.FM.ZS,% (mujer/varón),75.55,False
Bolivia,BOL,Región Andina,2007,2000s,Participación,Ratio participación mujer/varón,SL.TLF.CACT.FM.ZS,% (mujer/varón),76.72,False
Bolivia,BOL,Región Andina,2008,2000s,Participación,Ratio participación mujer/varón,SL.TLF.CACT.FM.ZS,% (mujer/varón),77.19,False
Bolivia,BOL,Región Andina,2009,2000s,Participación,Ratio participación mujer/varón,SL.TLF.CACT.FM.ZS,% (mujer/varón),78.02,False
Bolivia,BOL,Región Andina,2010,2010s,Participación,Ratio participación mujer/varón,SL.TLF.CACT.FM.ZS,% (mujer/varón),78.74,False
Bolivia,BOL,Región Andina,2011,2010s,Participación,Ratio participación mujer/varón,SL.TLF.CACT.FM.ZS,% (mujer/varón),78.99,False
Bolivia,BOL,Región Andina,2012,2010s,Participación,Ratio participación mujer/varón,SL.TLF.CACT.FM.ZS,% (mujer/varón),79.23,False
Bolivia,BOL,Región Andina,2013,2010s,Participación,Ratio participación mujer/varón,SL.TLF.CACT.FM.ZS,% (mujer/varón),79.36,False
Bolivia,BOL,Región Andina,2014,2010s,Participación,Ratio participación mujer/varón,SL.TLF.CACT.FM.ZS,% (mujer/varón),79.6,False
Brasil,BRA,Cono Sur,1990,1990s,Calidad del empleo,Asalariadas,SL.EMP.WORK.FE.ZS,% del empleo femenino,68.0,False
Brasil,BRA,Cono Sur,1992,1990s,Calidad del empleo,Asalariadas,SL.EMP.WORK.FE.ZS,% del empleo femenino,60.0,False
Brasil,BRA,Cono Sur,1993,1990s,Calidad del empleo,Asalariadas,SL.EMP.WORK.FE.ZS,% del empleo femenino,60.4,False
Brasil,BRA,Cono Sur,1995,1990s,Calidad del empleo,Asalariadas,SL.EMP.WORK.FE.ZS,% del empleo femenino,60.2,False
Brasil,BRA,Cono Sur,1996,1990s,Calidad del empleo,Asalariadas,SL.EMP.WORK.FE.ZS,% del empleo femenino,63.3,False
Brasil,BRA,Cono Sur,2000,2000s,Calidad del empleo,Asalariadas,SL.EMP.WORK.FE.ZS,% del empleo femenino,73.5,False
Brasil,BRA,Cono Sur,2001,2000s,Calidad del empleo,Asalariadas,SL.EMP.WORK.FE.ZS,% del empleo femenino,64.9,False
Brasil,BRA,Cono Sur,2002,2000s,Calidad del empleo,Asalariadas,SL.EMP.WORK.FE.ZS,% del empleo femenino,64.4,False
Brasil,BRA,Cono Sur,2003,2000s,Calidad del empleo,Asalariadas,SL.EMP.WORK.FE.ZS,% del empleo femenino,64.8,False
Brasil,BRA,Cono Sur,2004,2000s,Calidad del empleo,Asalariadas,SL.EMP.WORK.FE.ZS,% del empleo femenino,65.5,False
Brasil,BRA,Cono Sur,2005,2000s,Calidad del empleo,Asalariadas,SL.EMP.WORK.FE.ZS,% del empleo femenino,64.8,False
Brasil,BRA,Cono Sur,2006,2000s,Calidad del empleo,Asalariadas,SL.EMP.WORK.FE.ZS,% del empleo femenino,66.0,False
Brasil,BRA,Cono Sur,2007,2000s,Calidad del empleo,Asalariadas,SL.EMP.WORK.FE.ZS,% del empleo femenino,67.2,False
Brasil,BRA,Cono Sur,2008,2000s,Calidad del empleo,Asalariadas,SL.EMP.WORK.FE.ZS,% del empleo femenino,68.1,False
Brasil,BRA,Cono Sur,2009,2000s,Calidad del empleo,Asalariadas,SL.EMP.WORK.FE.ZS,% del empleo femenino,69.2,False
Brasil,BRA,Cono Sur,2011,2010s,Calidad del empleo,Asalariadas,SL.EMP.WORK.FE.ZS,% del empleo femenino,72.2,False
Brasil,BRA,Cono Sur,2012,2010s,Calidad del empleo,Asalariadas,SL.EMP.WORK.FE.ZS,% del empleo femenino,72.7,False
Brasil,BRA,Cono Sur,2013,2010s,Calidad del empleo,Asalariadas,SL.EMP.WORK.FE.ZS,% del empleo femenino,73.0,False
Brasil,BRA,Cono Sur,1990,1990s,Liderazgo,Bancas parlamentarias femeninas,SG.GEN.PARL.ZS,% de bancas,5.3,False
Brasil,BRA,Cono Sur,1997,1990s,Liderazgo,Bancas parlamentarias femeninas,SG.GEN.PARL.ZS,% de bancas,6.6,False
Brasil,BRA,Cono Sur,1998,1990s,Liderazgo,Bancas parlamentarias femeninas,SG.GEN.PARL.ZS,% de bancas,6.6,False
Brasil,BRA,Cono Sur,1999,1990s,Liderazgo,Bancas parlamentarias femeninas,SG.GEN.PARL.ZS,% de bancas,5.7,False
Brasil,BRA,Cono Sur,2000,2000s,Liderazgo,Bancas parlamentarias femeninas,SG.GEN.PARL.ZS,% de bancas,5.7,False
Brasil,BRA,Cono Sur,2001,2000s,Liderazgo,Bancas parlamentarias femeninas,SG.GEN.PARL.ZS,% de bancas,6.8,False
Brasil,BRA,Cono Sur,2002,2000s,Liderazgo,Bancas parlamentarias femeninas,SG.GEN.PARL.ZS,% de bancas,6.2,False
Brasil,BRA,Cono Sur,2003,2000s,Liderazgo,Bancas parlamentarias femeninas,SG.GEN.PARL.ZS,% de bancas,8.6,False
Brasil,BRA,Cono Sur,2004,2000s,Liderazgo,Bancas parlamentarias femeninas,SG.GEN.PARL.ZS,% de bancas,8.6,False
Brasil,BRA,Cono Sur,2005,2000s,Liderazgo,Bancas parlamentarias femeninas,SG.GEN.PARL.ZS,% de bancas,8.6,False
Brasil,BRA,Cono Sur,2006,2000s,Liderazgo,Bancas parlamentarias femeninas,SG.GEN.PARL.ZS,% de bancas,8.8,False
Brasil,BRA,Cono Sur,2007,2000s,Liderazgo,Bancas parlamentarias femeninas,SG.GEN.PARL.ZS,% de bancas,9.0,False
Brasil,BRA,Cono Sur,2008,2000s,Liderazgo,Bancas parlamentarias femeninas,SG.GEN.PARL.ZS,% de bancas,9.0,False
Brasil,BRA,Cono Sur,2009,2000s,Liderazgo,Bancas parlamentarias femeninas,SG.GEN.PARL.ZS,% de bancas,8.8,False
Brasil,BRA,Cono Sur,2010,2010s,Liderazgo,Bancas parlamentarias femeninas,SG.GEN.PARL.ZS,% de bancas,8.6,False
Brasil,BRA,Cono Sur,2011,2010s,Liderazgo,Bancas parlamentarias femeninas,SG.GEN.PARL.ZS,% de bancas,8.6,False
Brasil,BRA,Cono Sur,2012,2010s,Liderazgo,Bancas parlamentarias femeninas,SG.GEN.PARL.ZS,% de bancas,8.6,False
Brasil,BRA,Cono Sur,2013,2010s,Liderazgo,Bancas parlamentarias femeninas,SG.GEN.PARL.ZS,% de bancas,8.6,False
Brasil,BRA,Cono Sur,2014,2010s,Liderazgo,Bancas parlamentarias femeninas,SG.GEN.PARL.ZS,% de bancas,9.9,False
Brasil,BRA,Cono Sur,1991,1990s,Calidad del empleo,Desempleo femenino,SL.UEM.TOTL.FE.ZS,% de la PEA femenina,9.6,False
Brasil,BRA,Cono Sur,1992,1990s,Calidad del empleo,Desempleo femenino,SL.UEM.TOTL.FE.ZS,% de la PEA femenina,8.0,False
Brasil,BRA,Cono Sur,1993,1990s,Calidad del empleo,Desempleo femenino,SL.UEM.TOTL.FE.ZS,% de la PEA femenina,7.3,False
Brasil,BRA,Cono Sur,1994,1990s,Calidad del empleo,Desempleo femenino,SL.UEM.TOTL.FE.ZS,% de la PEA femenina,7.3,False
Brasil,BRA,Cono Sur,1995,1990s,Calidad del empleo,Desempleo femenino,SL.UEM.TOTL.FE.ZS,% de la PEA femenina,7.3,False
Brasil,BRA,Cono Sur,1996,1990s,Calidad del empleo,Desempleo femenino,SL.UEM.TOTL.FE.ZS,% de la PEA femenina,8.7,False
Brasil,BRA,Cono Sur,1997,1990s,Calidad del empleo,Desempleo femenino,SL.UEM.TOTL.FE.ZS,% de la PEA femenina,9.9,False
Brasil,BRA,Cono Sur,1998,1990s,Calidad del empleo,Desempleo femenino,SL.UEM.TOTL.FE.ZS,% de la PEA femenina,11.5,False
Brasil,BRA,Cono Sur,1999,1990s,Calidad del empleo,Desempleo femenino,SL.UEM.TOTL.FE.ZS,% de la PEA femenina,12.1,False
Brasil,BRA,Cono Sur,2000,2000s,Calidad del empleo,Desempleo femenino,SL.UEM.TOTL.FE.ZS,% de la PEA femenina,12.0,False
Brasil,BRA,Cono Sur,2001,2000s,Calidad del empleo,Desempleo femenino,SL.UEM.TOTL.FE.ZS,% de la PEA femenina,11.9,False
Brasil,BRA,Cono Sur,2002,2000s,Calidad del empleo,Desempleo femenino,SL.UEM.TOTL.FE.ZS,% de la PEA femenina,11.6,False
Brasil,BRA,Cono Sur,2003,2000s,Calidad del empleo,Desempleo femenino,SL.UEM.TOTL.FE.ZS,% de la PEA femenina,12.3,False
Brasil,BRA,Cono Sur,2004,2000s,Calidad del empleo,Desempleo femenino,SL.UEM.TOTL.FE.ZS,% de la PEA femenina,11.8,False
Brasil,BRA,Cono Sur,2005,2000s,Calidad del empleo,Desempleo femenino,SL.UEM.TOTL.FE.ZS,% de la PEA femenina,12.3,False
Brasil,BRA,Cono Sur,2006,2000s,Calidad del empleo,Desempleo femenino,SL.UEM.TOTL.FE.ZS,% de la PEA femenina,11.1,False
Brasil,BRA,Cono Sur,2007,2000s,Calidad del empleo,Desempleo femenino,SL.UEM.TOTL.FE.ZS,% de la PEA femenina,10.9,False
Brasil,BRA,Cono Sur,2008,2000s,Calidad del empleo,Desempleo femenino,SL.UEM.TOTL.FE.ZS,% de la PEA femenina,9.7,False
Brasil,BRA,Cono Sur,2009,2000s,Calidad del empleo,Desempleo femenino,SL.UEM.TOTL.FE.ZS,% de la PEA femenina,11.1,False
Brasil,BRA,Cono Sur,2010,2010s,Calidad del empleo,Desempleo femenino,SL.UEM.TOTL.FE.ZS,% de la PEA femenina,10.6,False
Brasil,BRA,Cono Sur,2011,2010s,Calidad del empleo,Desempleo femenino,SL.UEM.TOTL.FE.ZS,% de la PEA femenina,9.0,False
Brasil,BRA,Cono Sur,2012,2010s,Calidad del empleo,Desempleo femenino,SL.UEM.TOTL.FE.ZS,% de la PEA femenina,8.2,False
Brasil,BRA,Cono Sur,2013,2010s,Calidad del empleo,Desempleo femenino,SL.UEM.TOTL.FE.ZS,% de la PEA femenina,8.4,False
Brasil,BRA,Cono Sur,2014,2010s,Calidad del empleo,Desempleo femenino,SL.UEM.TOTL.FE.ZS,% de la PEA femenina,8.7,False
Brasil,BRA,Cono Sur,1990,1990s,Calidad del empleo,Empleadoras,SL.EMP.MPYR.FE.ZS,% del empleo femenino,2.1,False
Brasil,BRA,Cono Sur,1992,1990s,Calidad del empleo,Empleadoras,SL.EMP.MPYR.FE.ZS,% del empleo femenino,1.6,False
Brasil,BRA,Cono Sur,1993,1990s,Calidad del empleo,Empleadoras,SL.EMP.MPYR.FE.ZS,% del empleo femenino,1.6,False
Brasil,BRA,Cono Sur,1995,1990s,Calidad del empleo,Empleadoras,SL.EMP.MPYR.FE.ZS,% del empleo femenino,2.0,False
Brasil,BRA,Cono Sur,1996,1990s,Calidad del empleo,Empleadoras,SL.EMP.MPYR.FE.ZS,% del empleo femenino,2.1,False
Brasil,BRA,Cono Sur,2000,2000s,Calidad del empleo,Empleadoras,SL.EMP.MPYR.FE.ZS,% del empleo femenino,2.0,False
Brasil,BRA,Cono Sur,2001,2000s,Calidad del empleo,Empleadoras,SL.EMP.MPYR.FE.ZS,% del empleo femenino,2.4,False
Brasil,BRA,Cono Sur,2002,2000s,Calidad del empleo,Empleadoras,SL.EMP.MPYR.FE.ZS,% del empleo femenino,2.7,False
Brasil,BRA,Cono Sur,2003,2000s,Calidad del empleo,Empleadoras,SL.EMP.MPYR.FE.ZS,% del empleo femenino,2.5,False
Brasil,BRA,Cono Sur,2004,2000s,Calidad del empleo,Empleadoras,SL.EMP.MPYR.FE.ZS,% del empleo femenino,2.5,False
Brasil,BRA,Cono Sur,2005,2000s,Calidad del empleo,Empleadoras,SL.EMP.MPYR.FE.ZS,% del empleo femenino,2.6,False
Brasil,BRA,Cono Sur,2006,2000s,Calidad del empleo,Empleadoras,SL.EMP.MPYR.FE.ZS,% del empleo femenino,2.8,False
Brasil,BRA,Cono Sur,2007,2000s,Calidad del empleo,Empleadoras,SL.EMP.MPYR.FE.ZS,% del empleo femenino,2.4,False
Brasil,BRA,Cono Sur,2008,2000s,Calidad del empleo,Empleadoras,SL.EMP.MPYR.FE.ZS,% del empleo femenino,2.9,False
Brasil,BRA,Cono Sur,2009,2000s,Calidad del empleo,Empleadoras,SL.EMP.MPYR.FE.ZS,% del empleo femenino,2.7,False
Brasil,BRA,Cono Sur,2011,2010s,Calidad del empleo,Empleadoras,SL.EMP.MPYR.FE.ZS,% del empleo femenino,2.3,False
Brasil,BRA,Cono Sur,2012,2010s,Calidad del empleo,Empleadoras,SL.EMP.MPYR.FE.ZS,% del empleo femenino,2.6,False
Brasil,BRA,Cono Sur,2013,2010s,Calidad del empleo,Empleadoras,SL.EMP.MPYR.FE.ZS,% del empleo femenino,2.5,False
Brasil,BRA,Cono Sur,1990,1990s,Estructura sectorial,Empleo femenino en agricultura,SL.AGR.EMPL.FE.ZS,% del empleo femenino,13.3,False
Brasil,BRA,Cono Sur,1992,1990s,Estructura sectorial,Empleo femenino en agricultura,SL.AGR.EMPL.FE.ZS,% del empleo femenino,24.7,True
Brasil,BRA,Cono Sur,1993,1990s,Estructura sectorial,Empleo femenino en agricultura,SL.AGR.EMPL.FE.ZS,% del empleo femenino,24.1,True
Brasil,BRA,Cono Sur,1995,1990s,Estructura sectorial,Empleo femenino en agricultura,SL.AGR.EMPL.FE.ZS,% del empleo femenino,22.5,True
Brasil,BRA,Cono Sur,1996,1990s,Estructura sectorial,Empleo femenino en agricultura,SL.AGR.EMPL.FE.ZS,% del empleo femenino,19.7,False
Brasil,BRA,Cono Sur,1997,1990s,Estructura sectorial,Empleo femenino en agricultura,SL.AGR.EMPL.FE.ZS,% del empleo femenino,20.2,False
Brasil,BRA,Cono Sur,1998,1990s,Estructura sectorial,Empleo femenino en agricultura,SL.AGR.EMPL.FE.ZS,% del empleo femenino,19.3,False
Brasil,BRA,Cono Sur,1999,1990s,Estructura sectorial,Empleo femenino en agricultura,SL.AGR.EMPL.FE.ZS,% del empleo femenino,20.4,False
Brasil,BRA,Cono Sur,2000,2000s,Estructura sectorial,Empleo femenino en agricultura,SL.AGR.EMPL.FE.ZS,% del empleo femenino,10.6,False
Brasil,BRA,Cono Sur,2001,2000s,Estructura sectorial,Empleo femenino en agricultura,SL.AGR.EMPL.FE.ZS,% del empleo femenino,16.1,False
Brasil,BRA,Cono Sur,2002,2000s,Estructura sectorial,Empleo femenino en agricultura,SL.AGR.EMPL.FE.ZS,% del empleo femenino,16.5,False
Brasil,BRA,Cono Sur,2003,2000s,Estructura sectorial,Empleo femenino en agricultura,SL.AGR.EMPL.FE.ZS,% del empleo femenino,16.1,False
Brasil,BRA,Cono Sur,2004,2000s,Estructura sectorial,Empleo femenino en agricultura,SL.AGR.EMPL.FE.ZS,% del empleo femenino,16.0,False
Brasil,BRA,Cono Sur,2005,2000s,Estructura sectorial,Empleo femenino en agricultura,SL.AGR.EMPL.FE.ZS,% del empleo femenino,16.0,False
Brasil,BRA,Cono Sur,2006,2000s,Estructura sectorial,Empleo femenino en agricultura,SL.AGR.EMPL.FE.ZS,% del empleo femenino,15.0,False
Brasil,BRA,Cono Sur,2007,2000s,Estructura sectorial,Empleo femenino en agricultura,SL.AGR.EMPL.FE.ZS,% del empleo femenino,13.9,False
Brasil,BRA,Cono Sur,2008,2000s,Estructura sectorial,Empleo femenino en agricultura,SL.AGR.EMPL.FE.ZS,% del empleo femenino,13.1,False
Brasil,BRA,Cono Sur,2009,2000s,Estructura sectorial,Empleo femenino en agricultura,SL.AGR.EMPL.FE.ZS,% del empleo femenino,12.2,False
Brasil,BRA,Cono Sur,2011,2010s,Estructura sectorial,Empleo femenino en agricultura,SL.AGR.EMPL.FE.ZS,% del empleo femenino,11.2,False
Brasil,BRA,Cono Sur,2012,2010s,Estructura sectorial,Empleo femenino en agricultura,SL.AGR.EMPL.FE.ZS,% del empleo femenino,10.0,False
Brasil,BRA,Cono Sur,2013,2010s,Estructura sectorial,Empleo femenino en agricultura,SL.AGR.EMPL.FE.ZS,% del empleo femenino,10.1,False
Brasil,BRA,Cono Sur,1990,1990s,Estructura sectorial,Empleo femenino en servicios,SL.SRV.EMPL.FE.ZS,% del empleo femenino,73.8,False
Brasil,BRA,Cono Sur,1992,1990s,Estructura sectorial,Empleo femenino en servicios,SL.SRV.EMPL.FE.ZS,% del empleo femenino,65.2,False
Brasil,BRA,Cono Sur,1993,1990s,Estructura sectorial,Empleo femenino en servicios,SL.SRV.EMPL.FE.ZS,% del empleo femenino,65.4,False
Brasil,BRA,Cono Sur,1995,1990s,Estructura sectorial,Empleo femenino en servicios,SL.SRV.EMPL.FE.ZS,% del empleo femenino,68.2,False
Brasil,BRA,Cono Sur,1996,1990s,Estructura sectorial,Empleo femenino en servicios,SL.SRV.EMPL.FE.ZS,% del empleo femenino,70.7,False
Brasil,BRA,Cono Sur,1997,1990s,Estructura sectorial,Empleo femenino en servicios,SL.SRV.EMPL.FE.ZS,% del empleo femenino,70.3,False
Brasil,BRA,Cono Sur,1998,1990s,Estructura sectorial,Empleo femenino en servicios,SL.SRV.EMPL.FE.ZS,% del empleo femenino,71.0,False
Brasil,BRA,Cono Sur,1999,1990s,Estructura sectorial,Empleo femenino en servicios,SL.SRV.EMPL.FE.ZS,% del empleo femenino,70.1,False
Brasil,BRA,Cono Sur,2000,2000s,Estructura sectorial,Empleo femenino en servicios,SL.SRV.EMPL.FE.ZS,% del empleo femenino,76.1,False
Brasil,BRA,Cono Sur,2001,2000s,Estructura sectorial,Empleo femenino en servicios,SL.SRV.EMPL.FE.ZS,% del empleo femenino,73.9,False
Brasil,BRA,Cono Sur,2002,2000s,Estructura sectorial,Empleo femenino en servicios,SL.SRV.EMPL.FE.ZS,% del empleo femenino,70.7,False
Brasil,BRA,Cono Sur,2003,2000s,Estructura sectorial,Empleo femenino en servicios,SL.SRV.EMPL.FE.ZS,% del empleo femenino,71.1,False
Brasil,BRA,Cono Sur,2004,2000s,Estructura sectorial,Empleo femenino en servicios,SL.SRV.EMPL.FE.ZS,% del empleo femenino,71.0,False
Brasil,BRA,Cono Sur,2005,2000s,Estructura sectorial,Empleo femenino en servicios,SL.SRV.EMPL.FE.ZS,% del empleo femenino,70.6,False
Brasil,BRA,Cono Sur,2006,2000s,Estructura sectorial,Empleo femenino en servicios,SL.SRV.EMPL.FE.ZS,% del empleo femenino,71.9,False
Brasil,BRA,Cono Sur,2007,2000s,Estructura sectorial,Empleo femenino en servicios,SL.SRV.EMPL.FE.ZS,% del empleo femenino,72.8,False
Brasil,BRA,Cono Sur,2008,2000s,Estructura sectorial,Empleo femenino en servicios,SL.SRV.EMPL.FE.ZS,% del empleo femenino,73.3,False
Brasil,BRA,Cono Sur,2009,2000s,Estructura sectorial,Empleo femenino en servicios,SL.SRV.EMPL.FE.ZS,% del empleo femenino,74.6,False
Brasil,BRA,Cono Sur,2011,2010s,Estructura sectorial,Empleo femenino en servicios,SL.SRV.EMPL.FE.ZS,% del empleo femenino,76.9,False
Brasil,BRA,Cono Sur,2012,2010s,Estructura sectorial,Empleo femenino en servicios,SL.SRV.EMPL.FE.ZS,% del empleo femenino,77.5,False
Brasil,BRA,Cono Sur,2013,2010s,Estructura sectorial,Empleo femenino en servicios,SL.SRV.EMPL.FE.ZS,% del empleo femenino,77.9,False
Brasil,BRA,Cono Sur,1990,1990s,Calidad del empleo,Empleo vulnerable femenino,SL.EMP.VULN.FE.ZS,% del empleo femenino,29.9,False
Brasil,BRA,Cono Sur,1992,1990s,Calidad del empleo,Empleo vulnerable femenino,SL.EMP.VULN.FE.ZS,% del empleo femenino,38.3,False
Brasil,BRA,Cono Sur,1993,1990s,Calidad del empleo,Empleo vulnerable femenino,SL.EMP.VULN.FE.ZS,% del empleo femenino,38.0,False
Brasil,BRA,Cono Sur,1995,1990s,Calidad del empleo,Empleo vulnerable femenino,SL.EMP.VULN.FE.ZS,% del empleo femenino,37.8,False
Brasil,BRA,Cono Sur,1996,1990s,Calidad del empleo,Empleo vulnerable femenino,SL.EMP.VULN.FE.ZS,% del empleo femenino,34.6,False
Brasil,BRA,Cono Sur,2000,2000s,Calidad del empleo,Empleo vulnerable femenino,SL.EMP.VULN.FE.ZS,% del empleo femenino,22.0,False
Brasil,BRA,Cono Sur,2001,2000s,Calidad del empleo,Empleo vulnerable femenino,SL.EMP.VULN.FE.ZS,% del empleo femenino,32.6,False
Brasil,BRA,Cono Sur,2002,2000s,Calidad del empleo,Empleo vulnerable femenino,SL.EMP.VULN.FE.ZS,% del empleo femenino,32.9,False
Brasil,BRA,Cono Sur,2003,2000s,Calidad del empleo,Empleo vulnerable femenino,SL.EMP.VULN.FE.ZS,% del empleo femenino,32.6,False
Brasil,BRA,Cono Sur,2004,2000s,Calidad del empleo,Empleo vulnerable femenino,SL.EMP.VULN.FE.ZS,% del empleo femenino,32.0,False
Brasil,BRA,Cono Sur,2005,2000s,Calidad del empleo,Empleo vulnerable femenino,SL.EMP.VULN.FE.ZS,% del empleo femenino,25.3,False
Brasil,BRA,Cono Sur,2006,2000s,Calidad del empleo,Empleo vulnerable femenino,SL.EMP.VULN.FE.ZS,% del empleo femenino,24.2,False
Brasil,BRA,Cono Sur,2007,2000s,Calidad del empleo,Empleo vulnerable femenino,SL.EMP.VULN.FE.ZS,% del empleo femenino,24.0,False
Brasil,BRA,Cono Sur,2008,2000s,Calidad del empleo,Empleo vulnerable femenino,SL.EMP.VULN.FE.ZS,% del empleo femenino,22.6,False
Brasil,BRA,Cono Sur,2009,2000s,Calidad del empleo,Empleo vulnerable femenino,SL.EMP.VULN.FE.ZS,% del empleo femenino,22.4,False
Brasil,BRA,Cono Sur,2011,2010s,Calidad del empleo,Empleo vulnerable femenino,SL.EMP.VULN.FE.ZS,% del empleo femenino,20.4,False
Brasil,BRA,Cono Sur,2012,2010s,Calidad del empleo,Empleo vulnerable femenino,SL.EMP.VULN.FE.ZS,% del empleo femenino,19.7,False
Brasil,BRA,Cono Sur,2013,2010s,Calidad del empleo,Empleo vulnerable femenino,SL.EMP.VULN.FE.ZS,% del empleo femenino,18.8,False
Brasil,BRA,Cono Sur,2009,2000s,Liderazgo empresarial,Firmas con gerenta mujer,IC.FRM.FEMM.ZS,% de firmas,19.4,False
Brasil,BRA,Cono Sur,2009,2000s,Liderazgo empresarial,Firmas con propiedad femenina,IC.FRM.FEMO.ZS,% de firmas,50.2,False
Brasil,BRA,Cono Sur,2000,2000s,Liderazgo,Mujeres en puestos directivos,SG.GEN.LSOM.ZS,% del total de directivos,31.22,False
Brasil,BRA,Cono Sur,2002,2000s,Liderazgo,Mujeres en puestos directivos,SG.GEN.LSOM.ZS,% del total de directivos,32.6,False
Brasil,BRA,Cono Sur,2003,2000s,Liderazgo,Mujeres en puestos directivos,SG.GEN.LSOM.ZS,% del total de directivos,33.86,False
Brasil,BRA,Cono Sur,2004,2000s,Liderazgo,Mujeres en puestos directivos,SG.GEN.LSOM.ZS,% del total de directivos,33.9,False
Brasil,BRA,Cono Sur,2005,2000s,Liderazgo,Mujeres en puestos directivos,SG.GEN.LSOM.ZS,% del total de directivos,35.43,False
Brasil,BRA,Cono Sur,2006,2000s,Liderazgo,Mujeres en puestos directivos,SG.GEN.LSOM.ZS,% del total de directivos,35.18,False
Brasil,BRA,Cono Sur,2007,2000s,Liderazgo,Mujeres en puestos directivos,SG.GEN.LSOM.ZS,% del total de directivos,36.08,False
Brasil,BRA,Cono Sur,2009,2000s,Liderazgo,Mujeres en puestos directivos,SG.GEN.LSOM.ZS,% del total de directivos,35.95,False
Brasil,BRA,Cono Sur,2011,2010s,Liderazgo,Mujeres en puestos directivos,SG.GEN.LSOM.ZS,% del total de directivos,36.42,False
Brasil,BRA,Cono Sur,2012,2010s,Liderazgo,Mujeres en puestos directivos,SG.GEN.LSOM.ZS,% del total de directivos,37.27,False
Brasil,BRA,Cono Sur,2013,2010s,Liderazgo,Mujeres en puestos directivos,SG.GEN.LSOM.ZS,% del total de directivos,37.5,False
Brasil,BRA,Cono Sur,1990,1990s,Contexto,PBI per cápita,NY.GDP.PCAP.CD,USD corrientes,3071.63,False
Brasil,BRA,Cono Sur,1991,1990s,Contexto,PBI per cápita,NY.GDP.PCAP.CD,USD corrientes,3942.4,False
Brasil,BRA,Cono Sur,1992,1990s,Contexto,PBI per cápita,NY.GDP.PCAP.CD,USD corrientes,2578.21,False
Brasil,BRA,Cono Sur,1993,1990s,Contexto,PBI per cápita,NY.GDP.PCAP.CD,USD corrientes,2774.17,False
Brasil,BRA,Cono Sur,1994,1990s,Contexto,PBI per cápita,NY.GDP.PCAP.CD,USD corrientes,3482.53,False
Brasil,BRA,Cono Sur,1995,1990s,Contexto,PBI per cápita,NY.GDP.PCAP.CD,USD corrientes,4827.15,False
Brasil,BRA,Cono Sur,1996,1990s,Contexto,PBI per cápita,NY.GDP.PCAP.CD,USD corrientes,5144.64,False
Brasil,BRA,Cono Sur,1997,1990s,Contexto,PBI per cápita,NY.GDP.PCAP.CD,USD corrientes,5260.46,False
Brasil,BRA,Cono Sur,1998,1990s,Contexto,PBI per cápita,NY.GDP.PCAP.CD,USD corrientes,5065.34,False
Brasil,BRA,Cono Sur,1999,1990s,Contexto,PBI per cápita,NY.GDP.PCAP.CD,USD corrientes,3461.61,False
Brasil,BRA,Cono Sur,2000,2000s,Contexto,PBI per cápita,NY.GDP.PCAP.CD,USD corrientes,3728.51,False
Brasil,BRA,Cono Sur,2001,2000s,Contexto,PBI per cápita,NY.GDP.PCAP.CD,USD corrientes,3135.16,False
Brasil,BRA,Cono Sur,2002,2000s,Contexto,PBI per cápita,NY.GDP.PCAP.CD,USD corrientes,2805.72,False
Brasil,BRA,Cono Sur,2003,2000s,Contexto,PBI per cápita,NY.GDP.PCAP.CD,USD corrientes,3040.51,False
Brasil,BRA,Cono Sur,2004,2000s,Contexto,PBI per cápita,NY.GDP.PCAP.CD,USD corrientes,3596.22,False
Brasil,BRA,Cono Sur,2005,2000s,Contexto,PBI per cápita,NY.GDP.PCAP.CD,USD corrientes,4730.65,False
Brasil,BRA,Cono Sur,2006,2000s,Contexto,PBI per cápita,NY.GDP.PCAP.CD,USD corrientes,5808.34,False
Brasil,BRA,Cono Sur,2007,2000s,Contexto,PBI per cápita,NY.GDP.PCAP.CD,USD corrientes,7246.87,False
Brasil,BRA,Cono Sur,2008,2000s,Contexto,PBI per cápita,NY.GDP.PCAP.CD,USD corrientes,8706.82,False
Brasil,BRA,Cono Sur,2009,2000s,Contexto,PBI per cápita,NY.GDP.PCAP.CD,USD corrientes,8474.88,False
Brasil,BRA,Cono Sur,2010,2010s,Contexto,PBI per cápita,NY.GDP.PCAP.CD,USD corrientes,11121.42,True
Brasil,BRA,Cono Sur,2011,2010s,Contexto,PBI per cápita,NY.GDP.PCAP.CD,USD corrientes,13039.12,True
Brasil,BRA,Cono Sur,2012,2010s,Contexto,PBI per cápita,NY.GDP.PCAP.CD,USD corrientes,12157.31,True
Brasil,BRA,Cono Sur,2013,2010s,Contexto,PBI per cápita,NY.GDP.PCAP.CD,USD corrientes,12071.78,True
Brasil,BRA,Cono Sur,2014,2010s,Contexto,PBI per cápita,NY.GDP.PCAP.CD,USD corrientes,11728.8,True
Brasil,BRA,Cono Sur,1990,1990s,Participación,Participación laboral femenina,SL.TLF.CACT.FE.ZS,% de mujeres 15+,44.6,False
Brasil,BRA,Cono Sur,1991,1990s,Participación,Participación laboral femenina,SL.TLF.CACT.FE.ZS,% de mujeres 15+,48.8,False
Brasil,BRA,Cono Sur,1992,1990s,Participación,Participación laboral femenina,SL.TLF.CACT.FE.ZS,% de mujeres 15+,53.1,False
Brasil,BRA,Cono Sur,1993,1990s,Participación,Participación laboral femenina,SL.TLF.CACT.FE.ZS,% de mujeres 15+,53.0,False
Brasil,BRA,Cono Sur,1994,1990s,Participación,Participación laboral femenina,SL.TLF.CACT.FE.ZS,% de mujeres 15+,53.6,False
Brasil,BRA,Cono Sur,1995,1990s,Participación,Participación laboral femenina,SL.TLF.CACT.FE.ZS,% de mujeres 15+,54.2,False
Brasil,BRA,Cono Sur,1996,1990s,Participación,Participación laboral femenina,SL.TLF.CACT.FE.ZS,% de mujeres 15+,52.2,False
Brasil,BRA,Cono Sur,1997,1990s,Participación,Participación laboral femenina,SL.TLF.CACT.FE.ZS,% de mujeres 15+,53.2,False
Brasil,BRA,Cono Sur,1998,1990s,Participación,Participación laboral femenina,SL.TLF.CACT.FE.ZS,% de mujeres 15+,53.6,False
Brasil,BRA,Cono Sur,1999,1990s,Participación,Participación laboral femenina,SL.TLF.CACT.FE.ZS,% de mujeres 15+,55.1,False
Brasil,BRA,Cono Sur,2000,2000s,Participación,Participación laboral femenina,SL.TLF.CACT.FE.ZS,% de mujeres 15+,54.9,False
Brasil,BRA,Cono Sur,2001,2000s,Participación,Participación laboral femenina,SL.TLF.CACT.FE.ZS,% de mujeres 15+,54.7,False
Brasil,BRA,Cono Sur,2002,2000s,Participación,Participación laboral femenina,SL.TLF.CACT.FE.ZS,% de mujeres 15+,56.2,False
Brasil,BRA,Cono Sur,2003,2000s,Participación,Participación laboral femenina,SL.TLF.CACT.FE.ZS,% de mujeres 15+,56.6,False
Brasil,BRA,Cono Sur,2004,2000s,Participación,Participación laboral femenina,SL.TLF.CACT.FE.ZS,% de mujeres 15+,57.6,False
Brasil,BRA,Cono Sur,2005,2000s,Participación,Participación laboral femenina,SL.TLF.CACT.FE.ZS,% de mujeres 15+,58.9,False
Brasil,BRA,Cono Sur,2006,2000s,Participación,Participación laboral femenina,SL.TLF.CACT.FE.ZS,% de mujeres 15+,58.7,False
Brasil,BRA,Cono Sur,2007,2000s,Participación,Participación laboral femenina,SL.TLF.CACT.FE.ZS,% de mujeres 15+,58.4,False
Brasil,BRA,Cono Sur,2008,2000s,Participación,Participación laboral femenina,SL.TLF.CACT.FE.ZS,% de mujeres 15+,58.5,False
Brasil,BRA,Cono Sur,2009,2000s,Participación,Participación laboral femenina,SL.TLF.CACT.FE.ZS,% de mujeres 15+,58.9,False
Brasil,BRA,Cono Sur,2010,2010s,Participación,Participación laboral femenina,SL.TLF.CACT.FE.ZS,% de mujeres 15+,59.4,False
Brasil,BRA,Cono Sur,2011,2010s,Participación,Participación laboral femenina,SL.TLF.CACT.FE.ZS,% de mujeres 15+,59.5,False
Brasil,BRA,Cono Sur,2012,2010s,Participación,Participación laboral femenina,SL.TLF.CACT.FE.ZS,% de mujeres 15+,59.5,False
Brasil,BRA,Cono Sur,2013,2010s,Participación,Participación laboral femenina,SL.TLF.CACT.FE.ZS,% de mujeres 15+,59.4,False
Brasil,BRA,Cono Sur,2014,2010s,Participación,Participación laboral femenina,SL.TLF.CACT.FE.ZS,% de mujeres 15+,59.4,False
Brasil,BRA,Cono Sur,1990,1990s,Participación,Participación laboral masculina,SL.TLF.CACT.MA.ZS,% de varones 15+,85.4,False
Brasil,BRA,Cono Sur,1991,1990s,Participación,Participación laboral masculina,SL.TLF.CACT.MA.ZS,% de varones 15+,85.7,False
Brasil,BRA,Cono Sur,1992,1990s,Participación,Participación laboral masculina,SL.TLF.CACT.MA.ZS,% de varones 15+,86.0,False
Brasil,BRA,Cono Sur,1993,1990s,Participación,Participación laboral masculina,SL.TLF.CACT.MA.ZS,% de varones 15+,85.6,False
Brasil,BRA,Cono Sur,1994,1990s,Participación,Participación laboral masculina,SL.TLF.CACT.MA.ZS,% de varones 15+,85.2,False
Brasil,BRA,Cono Sur,1995,1990s,Participación,Participación laboral masculina,SL.TLF.CACT.MA.ZS,% de varones 15+,84.8,False
Brasil,BRA,Cono Sur,1996,1990s,Participación,Participación laboral masculina,SL.TLF.CACT.MA.ZS,% de varones 15+,82.9,False
Brasil,BRA,Cono Sur,1997,1990s,Participación,Participación laboral masculina,SL.TLF.CACT.MA.ZS,% de varones 15+,83.2,False
Brasil,BRA,Cono Sur,1998,1990s,Participación,Participación laboral masculina,SL.TLF.CACT.MA.ZS,% de varones 15+,82.8,False
Brasil,BRA,Cono Sur,1999,1990s,Participación,Participación laboral masculina,SL.TLF.CACT.MA.ZS,% de varones 15+,82.7,False
Brasil,BRA,Cono Sur,2000,2000s,Participación,Participación laboral masculina,SL.TLF.CACT.MA.ZS,% de varones 15+,82.1,False
Brasil,BRA,Cono Sur,2001,2000s,Participación,Participación laboral masculina,SL.TLF.CACT.MA.ZS,% de varones 15+,81.5,False
Brasil,BRA,Cono Sur,2002,2000s,Participación,Participación laboral masculina,SL.TLF.CACT.MA.ZS,% de varones 15+,81.7,False
Brasil,BRA,Cono Sur,2003,2000s,Participación,Participación laboral masculina,SL.TLF.CACT.MA.ZS,% de varones 15+,81.4,False
Brasil,BRA,Cono Sur,2004,2000s,Participación,Participación laboral masculina,SL.TLF.CACT.MA.ZS,% de varones 15+,81.8,False
Brasil,BRA,Cono Sur,2005,2000s,Participación,Participación laboral masculina,SL.TLF.CACT.MA.ZS,% de varones 15+,82.1,False
Brasil,BRA,Cono Sur,2006,2000s,Participación,Participación laboral masculina,SL.TLF.CACT.MA.ZS,% de varones 15+,81.7,False
Brasil,BRA,Cono Sur,2007,2000s,Participación,Participación laboral masculina,SL.TLF.CACT.MA.ZS,% de varones 15+,81.2,False
Brasil,BRA,Cono Sur,2008,2000s,Participación,Participación laboral masculina,SL.TLF.CACT.MA.ZS,% de varones 15+,81.4,False
Brasil,BRA,Cono Sur,2009,2000s,Participación,Participación laboral masculina,SL.TLF.CACT.MA.ZS,% de varones 15+,81.2,False
Brasil,BRA,Cono Sur,2010,2010s,Participación,Participación laboral masculina,SL.TLF.CACT.MA.ZS,% de varones 15+,81.1,False
Brasil,BRA,Cono Sur,2011,2010s,Participación,Participación laboral masculina,SL.TLF.CACT.MA.ZS,% de varones 15+,81.0,False
Brasil,BRA,Cono Sur,2012,2010s,Participación,Participación laboral masculina,SL.TLF.CACT.MA.ZS,% de varones 15+,80.9,False
Brasil,BRA,Cono Sur,2013,2010s,Participación,Participación laboral masculina,SL.TLF.CACT.MA.ZS,% de varones 15+,80.8,False
Brasil,BRA,Cono Sur,2014,2010s,Participación,Participación laboral masculina,SL.TLF.CACT.MA.ZS,% de varones 15+,80.6,False
Brasil,BRA,Cono Sur,1990,1990s,Participación,Ratio participación mujer/varón,SL.TLF.CACT.FM.ZS,% (mujer/varón),52.22,False
Brasil,BRA,Cono Sur,1991,1990s,Participación,Ratio participación mujer/varón,SL.TLF.CACT.FM.ZS,% (mujer/varón),56.94,False
Brasil,BRA,Cono Sur,1992,1990s,Participación,Ratio participación mujer/varón,SL.TLF.CACT.FM.ZS,% (mujer/varón),61.74,False
Brasil,BRA,Cono Sur,1993,1990s,Participación,Ratio participación mujer/varón,SL.TLF.CACT.FM.ZS,% (mujer/varón),61.92,False
Brasil,BRA,Cono Sur,1994,1990s,Participación,Ratio participación mujer/varón,SL.TLF.CACT.FM.ZS,% (mujer/varón),62.91,False
Brasil,BRA,Cono Sur,1995,1990s,Participación,Ratio participación mujer/varón,SL.TLF.CACT.FM.ZS,% (mujer/varón),63.92,False
Brasil,BRA,Cono Sur,1996,1990s,Participación,Ratio participación mujer/varón,SL.TLF.CACT.FM.ZS,% (mujer/varón),62.97,False
Brasil,BRA,Cono Sur,1997,1990s,Participación,Ratio participación mujer/varón,SL.TLF.CACT.FM.ZS,% (mujer/varón),63.94,False
Brasil,BRA,Cono Sur,1998,1990s,Participación,Ratio participación mujer/varón,SL.TLF.CACT.FM.ZS,% (mujer/varón),64.73,False
Brasil,BRA,Cono Sur,1999,1990s,Participación,Ratio participación mujer/varón,SL.TLF.CACT.FM.ZS,% (mujer/varón),66.63,False
Brasil,BRA,Cono Sur,2000,2000s,Participación,Ratio participación mujer/varón,SL.TLF.CACT.FM.ZS,% (mujer/varón),66.87,False
Brasil,BRA,Cono Sur,2001,2000s,Participación,Ratio participación mujer/varón,SL.TLF.CACT.FM.ZS,% (mujer/varón),67.12,False
Brasil,BRA,Cono Sur,2002,2000s,Participación,Ratio participación mujer/varón,SL.TLF.CACT.FM.ZS,% (mujer/varón),68.79,False
Brasil,BRA,Cono Sur,2003,2000s,Participación,Ratio participación mujer/varón,SL.TLF.CACT.FM.ZS,% (mujer/varón),69.53,False
Brasil,BRA,Cono Sur,2004,2000s,Participación,Ratio participación mujer/varón,SL.TLF.CACT.FM.ZS,% (mujer/varón),70.42,False
Brasil,BRA,Cono Sur,2005,2000s,Participación,Ratio participación mujer/varón,SL.TLF.CACT.FM.ZS,% (mujer/varón),71.74,False
Brasil,BRA,Cono Sur,2006,2000s,Participación,Ratio participación mujer/varón,SL.TLF.CACT.FM.ZS,% (mujer/varón),71.85,False
Brasil,BRA,Cono Sur,2007,2000s,Participación,Ratio participación mujer/varón,SL.TLF.CACT.FM.ZS,% (mujer/varón),71.92,False
Brasil,BRA,Cono Sur,2008,2000s,Participación,Ratio participación mujer/varón,SL.TLF.CACT.FM.ZS,% (mujer/varón),71.87,False
Brasil,BRA,Cono Sur,2009,2000s,Participación,Ratio participación mujer/varón,SL.TLF.CACT.FM.ZS,% (mujer/varón),72.54,False
Brasil,BRA,Cono Sur,2010,2010s,Participación,Ratio participación mujer/varón,SL.TLF.CACT.FM.ZS,% (mujer/varón),73.24,False
Brasil,BRA,Cono Sur,2011,2010s,Participación,Ratio participación mujer/varón,SL.TLF.CACT.FM.ZS,% (mujer/varón),73.46,False
Brasil,BRA,Cono Sur,2012,2010s,Participación,Ratio participación mujer/varón,SL.TLF.CACT.FM.ZS,% (mujer/varón),73.55,False
Brasil,BRA,Cono Sur,2013,2010s,Participación,Ratio participación mujer/varón,SL.TLF.CACT.FM.ZS,% (mujer/varón),73.51,False
Brasil,BRA,Cono Sur,2014,2010s,Participación,Ratio participación mujer/varón,SL.TLF.CACT.FM.ZS,% (mujer/varón),73.7,False
Chile,CHL,Cono Sur,1990,1990s,Calidad del empleo,Asalariadas,SL.EMP.WORK.FE.ZS,% del empleo femenino,77.0,False
Chile,CHL,Cono Sur,1992,1990s,Calidad del empleo,Asalariadas,SL.EMP.WORK.FE.ZS,% del empleo femenino,77.3,False
Chile,CHL,Cono Sur,1994,1990s,Calidad del empleo,Asalariadas,SL.EMP.WORK.FE.ZS,% del empleo femenino,77.1,False
Chile,CHL,Cono Sur,1996,1990s,Calidad del empleo,Asalariadas,SL.EMP.WORK.FE.ZS,% del empleo femenino,76.0,False
Chile,CHL,Cono Sur,1997,1990s,Calidad del empleo,Asalariadas,SL.EMP.WORK.FE.ZS,% del empleo femenino,75.4,False
Chile,CHL,Cono Sur,1998,1990s,Calidad del empleo,Asalariadas,SL.EMP.WORK.FE.ZS,% del empleo femenino,74.8,False
Chile,CHL,Cono Sur,1999,1990s,Calidad del empleo,Asalariadas,SL.EMP.WORK.FE.ZS,% del empleo femenino,75.0,False
Chile,CHL,Cono Sur,2000,2000s,Calidad del empleo,Asalariadas,SL.EMP.WORK.FE.ZS,% del empleo femenino,75.5,False
Chile,CHL,Cono Sur,2001,2000s,Calidad del empleo,Asalariadas,SL.EMP.WORK.FE.ZS,% del empleo femenino,75.3,False
Chile,CHL,Cono Sur,2002,2000s,Calidad del empleo,Asalariadas,SL.EMP.WORK.FE.ZS,% del empleo femenino,75.5,False
Chile,CHL,Cono Sur,2003,2000s,Calidad del empleo,Asalariadas,SL.EMP.WORK.FE.ZS,% del empleo femenino,73.9,False
Chile,CHL,Cono Sur,2004,2000s,Calidad del empleo,Asalariadas,SL.EMP.WORK.FE.ZS,% del empleo femenino,73.4,False
Chile,CHL,Cono Sur,2005,2000s,Calidad del empleo,Asalariadas,SL.EMP.WORK.FE.ZS,% del empleo femenino,74.2,False
Chile,CHL,Cono Sur,2006,2000s,Calidad del empleo,Asalariadas,SL.EMP.WORK.FE.ZS,% del empleo femenino,74.4,False
Chile,CHL,Cono Sur,2007,2000s,Calidad del empleo,Asalariadas,SL.EMP.WORK.FE.ZS,% del empleo femenino,75.0,False
Chile,CHL,Cono Sur,2008,2000s,Calidad del empleo,Asalariadas,SL.EMP.WORK.FE.ZS,% del empleo femenino,75.6,False
Chile,CHL,Cono Sur,2009,2000s,Calidad del empleo,Asalariadas,SL.EMP.WORK.FE.ZS,% del empleo femenino,74.8,False
Chile,CHL,Cono Sur,2010,2010s,Calidad del empleo,Asalariadas,SL.EMP.WORK.FE.ZS,% del empleo femenino,75.1,False
Chile,CHL,Cono Sur,2011,2010s,Calidad del empleo,Asalariadas,SL.EMP.WORK.FE.ZS,% del empleo femenino,62.2,False
Chile,CHL,Cono Sur,1997,1990s,Liderazgo,Bancas parlamentarias femeninas,SG.GEN.PARL.ZS,% de bancas,7.5,False
Chile,CHL,Cono Sur,1998,1990s,Liderazgo,Bancas parlamentarias femeninas,SG.GEN.PARL.ZS,% de bancas,10.8,False
Chile,CHL,Cono Sur,1999,1990s,Liderazgo,Bancas parlamentarias femeninas,SG.GEN.PARL.ZS,% de bancas,10.8,False
Chile,CHL,Cono Sur,2000,2000s,Liderazgo,Bancas parlamentarias femeninas,SG.GEN.PARL.ZS,% de bancas,10.8,False
Chile,CHL,Cono Sur,2001,2000s,Liderazgo,Bancas parlamentarias femeninas,SG.GEN.PARL.ZS,% de bancas,10.8,False
Chile,CHL,Cono Sur,2002,2000s,Liderazgo,Bancas parlamentarias femeninas,SG.GEN.PARL.ZS,% de bancas,12.5,False
Chile,CHL,Cono Sur,2003,2000s,Liderazgo,Bancas parlamentarias femeninas,SG.GEN.PARL.ZS,% de bancas,12.5,False
Chile,CHL,Cono Sur,2004,2000s,Liderazgo,Bancas parlamentarias femeninas,SG.GEN.PARL.ZS,% de bancas,12.5,False
Chile,CHL,Cono Sur,2005,2000s,Liderazgo,Bancas parlamentarias femeninas,SG.GEN.PARL.ZS,% de bancas,15.0,False
Chile,CHL,Cono Sur,2006,2000s,Liderazgo,Bancas parlamentarias femeninas,SG.GEN.PARL.ZS,% de bancas,15.0,False
Chile,CHL,Cono Sur,2007,2000s,Liderazgo,Bancas parlamentarias femeninas,SG.GEN.PARL.ZS,% de bancas,15.0,False
Chile,CHL,Cono Sur,2008,2000s,Liderazgo,Bancas parlamentarias femeninas,SG.GEN.PARL.ZS,% de bancas,15.0,False
Chile,CHL,Cono Sur,2009,2000s,Liderazgo,Bancas parlamentarias femeninas,SG.GEN.PARL.ZS,% de bancas,14.2,False
Chile,CHL,Cono Sur,2010,2010s,Liderazgo,Bancas parlamentarias femeninas,SG.GEN.PARL.ZS,% de bancas,14.2,False
Chile,CHL,Cono Sur,2011,2010s,Liderazgo,Bancas parlamentarias femeninas,SG.GEN.PARL.ZS,% de bancas,14.2,False
Chile,CHL,Cono Sur,2012,2010s,Liderazgo,Bancas parlamentarias femeninas,SG.GEN.PARL.ZS,% de bancas,14.2,False
Chile,CHL,Cono Sur,2013,2010s,Liderazgo,Bancas parlamentarias femeninas,SG.GEN.PARL.ZS,% de bancas,14.2,False
Chile,CHL,Cono Sur,2014,2010s,Liderazgo,Bancas parlamentarias femeninas,SG.GEN.PARL.ZS,% de bancas,15.8,False
Chile,CHL,Cono Sur,1991,1990s,Calidad del empleo,Desempleo femenino,SL.UEM.TOTL.FE.ZS,% de la PEA femenina,10.1,False
Chile,CHL,Cono Sur,1992,1990s,Calidad del empleo,Desempleo femenino,SL.UEM.TOTL.FE.ZS,% de la PEA femenina,10.3,False
Chile,CHL,Cono Sur,1993,1990s,Calidad del empleo,Desempleo femenino,SL.UEM.TOTL.FE.ZS,% de la PEA femenina,10.4,False
Chile,CHL,Cono Sur,1994,1990s,Calidad del empleo,Desempleo femenino,SL.UEM.TOTL.FE.ZS,% de la PEA femenina,10.1,False
Chile,CHL,Cono Sur,1995,1990s,Calidad del empleo,Desempleo femenino,SL.UEM.TOTL.FE.ZS,% de la PEA femenina,8.8,False
Chile,CHL,Cono Sur,1996,1990s,Calidad del empleo,Desempleo femenino,SL.UEM.TOTL.FE.ZS,% de la PEA femenina,7.8,False
Chile,CHL,Cono Sur,1997,1990s,Calidad del empleo,Desempleo femenino,SL.UEM.TOTL.FE.ZS,% de la PEA femenina,7.6,False
Chile,CHL,Cono Sur,1998,1990s,Calidad del empleo,Desempleo femenino,SL.UEM.TOTL.FE.ZS,% de la PEA femenina,7.6,False
Chile,CHL,Cono Sur,1999,1990s,Calidad del empleo,Desempleo femenino,SL.UEM.TOTL.FE.ZS,% de la PEA femenina,10.7,False
Chile,CHL,Cono Sur,2000,2000s,Calidad del empleo,Desempleo femenino,SL.UEM.TOTL.FE.ZS,% de la PEA femenina,10.1,False
Chile,CHL,Cono Sur,2001,2000s,Calidad del empleo,Desempleo femenino,SL.UEM.TOTL.FE.ZS,% de la PEA femenina,9.7,False
Chile,CHL,Cono Sur,2002,2000s,Calidad del empleo,Desempleo femenino,SL.UEM.TOTL.FE.ZS,% de la PEA femenina,9.6,False
Chile,CHL,Cono Sur,2003,2000s,Calidad del empleo,Desempleo femenino,SL.UEM.TOTL.FE.ZS,% de la PEA femenina,9.7,False
Chile,CHL,Cono Sur,2004,2000s,Calidad del empleo,Desempleo femenino,SL.UEM.TOTL.FE.ZS,% de la PEA femenina,10.5,False
Chile,CHL,Cono Sur,2005,2000s,Calidad del empleo,Desempleo femenino,SL.UEM.TOTL.FE.ZS,% de la PEA femenina,9.8,False
Chile,CHL,Cono Sur,2006,2000s,Calidad del empleo,Desempleo femenino,SL.UEM.TOTL.FE.ZS,% de la PEA femenina,9.4,False
Chile,CHL,Cono Sur,2007,2000s,Calidad del empleo,Desempleo femenino,SL.UEM.TOTL.FE.ZS,% de la PEA femenina,8.6,False
Chile,CHL,Cono Sur,2008,2000s,Calidad del empleo,Desempleo femenino,SL.UEM.TOTL.FE.ZS,% de la PEA femenina,9.6,False
Chile,CHL,Cono Sur,2009,2000s,Calidad del empleo,Desempleo femenino,SL.UEM.TOTL.FE.ZS,% de la PEA femenina,10.8,False
Chile,CHL,Cono Sur,2010,2010s,Calidad del empleo,Desempleo femenino,SL.UEM.TOTL.FE.ZS,% de la PEA femenina,9.6,False
Chile,CHL,Cono Sur,2011,2010s,Calidad del empleo,Desempleo femenino,SL.UEM.TOTL.FE.ZS,% de la PEA femenina,8.7,False
Chile,CHL,Cono Sur,2012,2010s,Calidad del empleo,Desempleo femenino,SL.UEM.TOTL.FE.ZS,% de la PEA femenina,7.9,False
Chile,CHL,Cono Sur,2013,2010s,Calidad del empleo,Desempleo femenino,SL.UEM.TOTL.FE.ZS,% de la PEA femenina,7.0,False
Chile,CHL,Cono Sur,2014,2010s,Calidad del empleo,Desempleo femenino,SL.UEM.TOTL.FE.ZS,% de la PEA femenina,7.3,False
Chile,CHL,Cono Sur,1990,1990s,Calidad del empleo,Empleadoras,SL.EMP.MPYR.FE.ZS,% del empleo femenino,1.4,False
Chile,CHL,Cono Sur,1992,1990s,Calidad del empleo,Empleadoras,SL.EMP.MPYR.FE.ZS,% del empleo femenino,2.2,False
Chile,CHL,Cono Sur,1994,1990s,Calidad del empleo,Empleadoras,SL.EMP.MPYR.FE.ZS,% del empleo femenino,2.3,False
Chile,CHL,Cono Sur,1990,1990s,Estructura sectorial,Empleo femenino en agricultura,SL.AGR.EMPL.FE.ZS,% del empleo femenino,5.9,False
Chile,CHL,Cono Sur,1991,1990s,Estructura sectorial,Empleo femenino en agricultura,SL.AGR.EMPL.FE.ZS,% del empleo femenino,6.0,False
Chile,CHL,Cono Sur,1992,1990s,Estructura sectorial,Empleo femenino en agricultura,SL.AGR.EMPL.FE.ZS,% del empleo femenino,6.0,False
Chile,CHL,Cono Sur,1993,1990s,Estructura sectorial,Empleo femenino en agricultura,SL.AGR.EMPL.FE.ZS,% del empleo femenino,6.1,False
Chile,CHL,Cono Sur,1994,1990s,Estructura sectorial,Empleo femenino en agricultura,SL.AGR.EMPL.FE.ZS,% del empleo femenino,5.5,False
Chile,CHL,Cono Sur,1995,1990s,Estructura sectorial,Empleo femenino en agricultura,SL.AGR.EMPL.FE.ZS,% del empleo femenino,5.3,False
Chile,CHL,Cono Sur,1996,1990s,Estructura sectorial,Empleo femenino en agricultura,SL.AGR.EMPL.FE.ZS,% del empleo femenino,5.3,False
Chile,CHL,Cono Sur,1997,1990s,Estructura sectorial,Empleo femenino en agricultura,SL.AGR.EMPL.FE.ZS,% del empleo femenino,4.5,False
Chile,CHL,Cono Sur,1998,1990s,Estructura sectorial,Empleo femenino en agricultura,SL.AGR.EMPL.FE.ZS,% del empleo femenino,4.6,False
Chile,CHL,Cono Sur,1999,1990s,Estructura sectorial,Empleo femenino en agricultura,SL.AGR.EMPL.FE.ZS,% del empleo femenino,4.6,False
Chile,CHL,Cono Sur,2000,2000s,Estructura sectorial,Empleo femenino en agricultura,SL.AGR.EMPL.FE.ZS,% del empleo femenino,4.6,False
Chile,CHL,Cono Sur,2001,2000s,Estructura sectorial,Empleo femenino en agricultura,SL.AGR.EMPL.FE.ZS,% del empleo femenino,4.6,False
Chile,CHL,Cono Sur,2002,2000s,Estructura sectorial,Empleo femenino en agricultura,SL.AGR.EMPL.FE.ZS,% del empleo femenino,4.7,False
Chile,CHL,Cono Sur,2003,2000s,Estructura sectorial,Empleo femenino en agricultura,SL.AGR.EMPL.FE.ZS,% del empleo femenino,4.9,False
Chile,CHL,Cono Sur,2010,2010s,Estructura sectorial,Empleo femenino en agricultura,SL.AGR.EMPL.FE.ZS,% del empleo femenino,5.9,False
Chile,CHL,Cono Sur,2011,2010s,Estructura sectorial,Empleo femenino en agricultura,SL.AGR.EMPL.FE.ZS,% del empleo femenino,5.3,False
Chile,CHL,Cono Sur,2012,2010s,Estructura sectorial,Empleo femenino en agricultura,SL.AGR.EMPL.FE.ZS,% del empleo femenino,5.6,False
Chile,CHL,Cono Sur,2013,2010s,Estructura sectorial,Empleo femenino en agricultura,SL.AGR.EMPL.FE.ZS,% del empleo femenino,4.6,False
Chile,CHL,Cono Sur,1990,1990s,Estructura sectorial,Empleo femenino en servicios,SL.SRV.EMPL.FE.ZS,% del empleo femenino,80.2,False
Chile,CHL,Cono Sur,1991,1990s,Estructura sectorial,Empleo femenino en servicios,SL.SRV.EMPL.FE.ZS,% del empleo femenino,79.2,False
Chile,CHL,Cono Sur,1992,1990s,Estructura sectorial,Empleo femenino en servicios,SL.SRV.EMPL.FE.ZS,% del empleo femenino,78.8,False
Chile,CHL,Cono Sur,1993,1990s,Estructura sectorial,Empleo femenino en servicios,SL.SRV.EMPL.FE.ZS,% del empleo femenino,77.8,False
Chile,CHL,Cono Sur,1994,1990s,Estructura sectorial,Empleo femenino en servicios,SL.SRV.EMPL.FE.ZS,% del empleo femenino,79.6,False
Chile,CHL,Cono Sur,1995,1990s,Estructura sectorial,Empleo femenino en servicios,SL.SRV.EMPL.FE.ZS,% del empleo femenino,80.1,False
Chile,CHL,Cono Sur,1996,1990s,Estructura sectorial,Empleo femenino en servicios,SL.SRV.EMPL.FE.ZS,% del empleo femenino,79.8,False
Chile,CHL,Cono Sur,1997,1990s,Estructura sectorial,Empleo femenino en servicios,SL.SRV.EMPL.FE.ZS,% del empleo femenino,81.2,False
Chile,CHL,Cono Sur,1998,1990s,Estructura sectorial,Empleo femenino en servicios,SL.SRV.EMPL.FE.ZS,% del empleo femenino,81.6,False
Chile,CHL,Cono Sur,1999,1990s,Estructura sectorial,Empleo femenino en servicios,SL.SRV.EMPL.FE.ZS,% del empleo femenino,82.8,False
Chile,CHL,Cono Sur,2000,2000s,Estructura sectorial,Empleo femenino en servicios,SL.SRV.EMPL.FE.ZS,% del empleo femenino,83.2,False
Chile,CHL,Cono Sur,2001,2000s,Estructura sectorial,Empleo femenino en servicios,SL.SRV.EMPL.FE.ZS,% del empleo femenino,82.5,False
Chile,CHL,Cono Sur,2002,2000s,Estructura sectorial,Empleo femenino en servicios,SL.SRV.EMPL.FE.ZS,% del empleo femenino,83.3,False
Chile,CHL,Cono Sur,2003,2000s,Estructura sectorial,Empleo femenino en servicios,SL.SRV.EMPL.FE.ZS,% del empleo femenino,83.4,False
Chile,CHL,Cono Sur,2010,2010s,Estructura sectorial,Empleo femenino en servicios,SL.SRV.EMPL.FE.ZS,% del empleo femenino,83.5,False
Chile,CHL,Cono Sur,2011,2010s,Estructura sectorial,Empleo femenino en servicios,SL.SRV.EMPL.FE.ZS,% del empleo femenino,84.7,False
Chile,CHL,Cono Sur,2012,2010s,Estructura sectorial,Empleo femenino en servicios,SL.SRV.EMPL.FE.ZS,% del empleo femenino,84.2,False
Chile,CHL,Cono Sur,2013,2010s,Estructura sectorial,Empleo femenino en servicios,SL.SRV.EMPL.FE.ZS,% del empleo femenino,84.8,False
Chile,CHL,Cono Sur,2010,2010s,Liderazgo empresarial,Firmas con gerenta mujer,IC.FRM.FEMM.ZS,% de firmas,4.5,False
Chile,CHL,Cono Sur,2006,2000s,Liderazgo empresarial,Firmas con propiedad femenina,IC.FRM.FEMO.ZS,% de firmas,27.8,False
Chile,CHL,Cono Sur,2010,2010s,Liderazgo empresarial,Firmas con propiedad femenina,IC.FRM.FEMO.ZS,% de firmas,29.6,False
Chile,CHL,Cono Sur,2002,2000s,Liderazgo,Mujeres en puestos directivos,SG.GEN.LSOM.ZS,% del total de directivos,32.72,False
Chile,CHL,Cono Sur,1990,1990s,Contexto,PBI per cápita,NY.GDP.PCAP.CD,USD corrientes,2401.53,False
Chile,CHL,Cono Sur,1991,1990s,Contexto,PBI per cápita,NY.GDP.PCAP.CD,USD corrientes,2727.57,False
Chile,CHL,Cono Sur,1992,1990s,Contexto,PBI per cápita,NY.GDP.PCAP.CD,USD corrientes,3277.67,False
Chile,CHL,Cono Sur,1993,1990s,Contexto,PBI per cápita,NY.GDP.PCAP.CD,USD corrientes,3461.44,False
Chile,CHL,Cono Sur,1994,1990s,Contexto,PBI per cápita,NY.GDP.PCAP.CD,USD corrientes,3942.97,False
Chile,CHL,Cono Sur,1995,1990s,Contexto,PBI per cápita,NY.GDP.PCAP.CD,USD corrientes,5026.72,False
Chile,CHL,Cono Sur,1996,1990s,Contexto,PBI per cápita,NY.GDP.PCAP.CD,USD corrientes,5263.19,False
Chile,CHL,Cono Sur,1997,1990s,Contexto,PBI per cápita,NY.GDP.PCAP.CD,USD corrientes,5674.15,False
Chile,CHL,Cono Sur,1998,1990s,Contexto,PBI per cápita,NY.GDP.PCAP.CD,USD corrientes,5367.21,False
Chile,CHL,Cono Sur,1999,1990s,Contexto,PBI per cápita,NY.GDP.PCAP.CD,USD corrientes,4872.69,False
Chile,CHL,Cono Sur,2000,2000s,Contexto,PBI per cápita,NY.GDP.PCAP.CD,USD corrientes,5229.18,False
Chile,CHL,Cono Sur,2001,2000s,Contexto,PBI per cápita,NY.GDP.PCAP.CD,USD corrientes,4709.92,False
Chile,CHL,Cono Sur,2002,2000s,Contexto,PBI per cápita,NY.GDP.PCAP.CD,USD corrientes,4566.52,False
Chile,CHL,Cono Sur,2003,2000s,Contexto,PBI per cápita,NY.GDP.PCAP.CD,USD corrientes,4948.75,False
Chile,CHL,Cono Sur,2004,2000s,Contexto,PBI per cápita,NY.GDP.PCAP.CD,USD corrientes,6323.76,False
Chile,CHL,Cono Sur,2005,2000s,Contexto,PBI per cápita,NY.GDP.PCAP.CD,USD corrientes,7728.61,False
Chile,CHL,Cono Sur,2006,2000s,Contexto,PBI per cápita,NY.GDP.PCAP.CD,USD corrientes,9500.84,False
Chile,CHL,Cono Sur,2007,2000s,Contexto,PBI per cápita,NY.GDP.PCAP.CD,USD corrientes,10513.54,False
Chile,CHL,Cono Sur,2008,2000s,Contexto,PBI per cápita,NY.GDP.PCAP.CD,USD corrientes,10791.02,False
Chile,CHL,Cono Sur,2009,2000s,Contexto,PBI per cápita,NY.GDP.PCAP.CD,USD corrientes,10217.31,False
Chile,CHL,Cono Sur,2010,2010s,Contexto,PBI per cápita,NY.GDP.PCAP.CD,USD corrientes,12785.05,True
Chile,CHL,Cono Sur,2011,2010s,Contexto,PBI per cápita,NY.GDP.PCAP.CD,USD corrientes,14582.17,True
Chile,CHL,Cono Sur,2012,2010s,Contexto,PBI per cápita,NY.GDP.PCAP.CD,USD corrientes,15253.33,True
Chile,CHL,Cono Sur,2013,2010s,Contexto,PBI per cápita,NY.GDP.PCAP.CD,USD corrientes,15764.76,True
Chile,CHL,Cono Sur,2014,2010s,Contexto,PBI per cápita,NY.GDP.PCAP.CD,USD corrientes,14566.15,True
Chile,CHL,Cono Sur,1990,1990s,Participación,Participación laboral femenina,SL.TLF.CACT.FE.ZS,% de mujeres 15+,32.2,False
Chile,CHL,Cono Sur,1991,1990s,Participación,Participación laboral femenina,SL.TLF.CACT.FE.ZS,% de mujeres 15+,32.0,False
Chile,CHL,Cono Sur,1992,1990s,Participación,Participación laboral femenina,SL.TLF.CACT.FE.ZS,% de mujeres 15+,34.0,False
Chile,CHL,Cono Sur,1993,1990s,Participación,Participación laboral femenina,SL.TLF.CACT.FE.ZS,% de mujeres 15+,35.7,False
Chile,CHL,Cono Sur,1994,1990s,Participación,Participación laboral femenina,SL.TLF.CACT.FE.ZS,% de mujeres 15+,35.7,False
Chile,CHL,Cono Sur,1995,1990s,Participación,Participación laboral femenina,SL.TLF.CACT.FE.ZS,% de mujeres 15+,34.6,False
Chile,CHL,Cono Sur,1996,1990s,Participación,Participación laboral femenina,SL.TLF.CACT.FE.ZS,% de mujeres 15+,34.3,False
Chile,CHL,Cono Sur,1997,1990s,Participación,Participación laboral femenina,SL.TLF.CACT.FE.ZS,% de mujeres 15+,35.2,False
Chile,CHL,Cono Sur,1998,1990s,Participación,Participación laboral femenina,SL.TLF.CACT.FE.ZS,% de mujeres 15+,35.5,False
Chile,CHL,Cono Sur,1999,1990s,Participación,Participación laboral femenina,SL.TLF.CACT.FE.ZS,% de mujeres 15+,35.6,False
Chile,CHL,Cono Sur,2000,2000s,Participación,Participación laboral femenina,SL.TLF.CACT.FE.ZS,% de mujeres 15+,35.5,False
Chile,CHL,Cono Sur,2001,2000s,Participación,Participación laboral femenina,SL.TLF.CACT.FE.ZS,% de mujeres 15+,34.7,False
Chile,CHL,Cono Sur,2002,2000s,Participación,Participación laboral femenina,SL.TLF.CACT.FE.ZS,% de mujeres 15+,34.5,False
Chile,CHL,Cono Sur,2003,2000s,Participación,Participación laboral femenina,SL.TLF.CACT.FE.ZS,% de mujeres 15+,35.9,False
Chile,CHL,Cono Sur,2004,2000s,Participación,Participación laboral femenina,SL.TLF.CACT.FE.ZS,% de mujeres 15+,37.3,False
Chile,CHL,Cono Sur,2005,2000s,Participación,Participación laboral femenina,SL.TLF.CACT.FE.ZS,% de mujeres 15+,38.3,False
Chile,CHL,Cono Sur,2006,2000s,Participación,Participación laboral femenina,SL.TLF.CACT.FE.ZS,% de mujeres 15+,39.0,False
Chile,CHL,Cono Sur,2007,2000s,Participación,Participación laboral femenina,SL.TLF.CACT.FE.ZS,% de mujeres 15+,40.0,False
Chile,CHL,Cono Sur,2008,2000s,Participación,Participación laboral femenina,SL.TLF.CACT.FE.ZS,% de mujeres 15+,42.1,False
Chile,CHL,Cono Sur,2009,2000s,Participación,Participación laboral femenina,SL.TLF.CACT.FE.ZS,% de mujeres 15+,42.6,False
Chile,CHL,Cono Sur,2010,2010s,Participación,Participación laboral femenina,SL.TLF.CACT.FE.ZS,% de mujeres 15+,46.8,False
Chile,CHL,Cono Sur,2011,2010s,Participación,Participación laboral femenina,SL.TLF.CACT.FE.ZS,% de mujeres 15+,48.7,False
Chile,CHL,Cono Sur,2012,2010s,Participación,Participación laboral femenina,SL.TLF.CACT.FE.ZS,% de mujeres 15+,49.0,False
Chile,CHL,Cono Sur,2013,2010s,Participación,Participación laboral femenina,SL.TLF.CACT.FE.ZS,% de mujeres 15+,49.2,False
Chile,CHL,Cono Sur,2014,2010s,Participación,Participación laboral femenina,SL.TLF.CACT.FE.ZS,% de mujeres 15+,49.4,False
Chile,CHL,Cono Sur,1990,1990s,Participación,Participación laboral masculina,SL.TLF.CACT.MA.ZS,% de varones 15+,77.1,False
Chile,CHL,Cono Sur,1991,1990s,Participación,Participación laboral masculina,SL.TLF.CACT.MA.ZS,% de varones 15+,77.1,False
Chile,CHL,Cono Sur,1992,1990s,Participación,Participación laboral masculina,SL.TLF.CACT.MA.ZS,% de varones 15+,77.5,False
Chile,CHL,Cono Sur,1993,1990s,Participación,Participación laboral masculina,SL.TLF.CACT.MA.ZS,% de varones 15+,78.5,False
Chile,CHL,Cono Sur,1994,1990s,Participación,Participación laboral masculina,SL.TLF.CACT.MA.ZS,% de varones 15+,78.4,False
Chile,CHL,Cono Sur,1995,1990s,Participación,Participación laboral masculina,SL.TLF.CACT.MA.ZS,% de varones 15+,77.4,False
Chile,CHL,Cono Sur,1996,1990s,Participación,Participación laboral masculina,SL.TLF.CACT.MA.ZS,% de varones 15+,76.7,False
Chile,CHL,Cono Sur,1997,1990s,Participación,Participación laboral masculina,SL.TLF.CACT.MA.ZS,% de varones 15+,76.3,False
Chile,CHL,Cono Sur,1998,1990s,Participación,Participación laboral masculina,SL.TLF.CACT.MA.ZS,% de varones 15+,76.3,False
Chile,CHL,Cono Sur,1999,1990s,Participación,Participación laboral masculina,SL.TLF.CACT.MA.ZS,% de varones 15+,75.9,False
Chile,CHL,Cono Sur,2000,2000s,Participación,Participación laboral masculina,SL.TLF.CACT.MA.ZS,% de varones 15+,74.8,False
Chile,CHL,Cono Sur,2001,2000s,Participación,Participación laboral masculina,SL.TLF.CACT.MA.ZS,% de varones 15+,74.1,False
Chile,CHL,Cono Sur,2002,2000s,Participación,Participación laboral masculina,SL.TLF.CACT.MA.ZS,% de varones 15+,73.5,False
Chile,CHL,Cono Sur,2003,2000s,Participación,Participación laboral masculina,SL.TLF.CACT.MA.ZS,% de varones 15+,73.1,False
Chile,CHL,Cono Sur,2004,2000s,Participación,Participación laboral masculina,SL.TLF.CACT.MA.ZS,% de varones 15+,72.9,False
Chile,CHL,Cono Sur,2005,2000s,Participación,Participación laboral masculina,SL.TLF.CACT.MA.ZS,% de varones 15+,73.0,False
Chile,CHL,Cono Sur,2006,2000s,Participación,Participación laboral masculina,SL.TLF.CACT.MA.ZS,% de varones 15+,73.5,False
Chile,CHL,Cono Sur,2007,2000s,Participación,Participación laboral masculina,SL.TLF.CACT.MA.ZS,% de varones 15+,73.5,False
Chile,CHL,Cono Sur,2008,2000s,Participación,Participación laboral masculina,SL.TLF.CACT.MA.ZS,% de varones 15+,74.0,False
Chile,CHL,Cono Sur,2009,2000s,Participación,Participación laboral masculina,SL.TLF.CACT.MA.ZS,% de varones 15+,73.3,False
Chile,CHL,Cono Sur,2010,2010s,Participación,Participación laboral masculina,SL.TLF.CACT.MA.ZS,% de varones 15+,74.3,False
Chile,CHL,Cono Sur,2011,2010s,Participación,Participación laboral masculina,SL.TLF.CACT.MA.ZS,% de varones 15+,74.9,False
Chile,CHL,Cono Sur,2012,2010s,Participación,Participación laboral masculina,SL.TLF.CACT.MA.ZS,% de varones 15+,74.6,False
Chile,CHL,Cono Sur,2013,2010s,Participación,Participación laboral masculina,SL.TLF.CACT.MA.ZS,% de varones 15+,74.8,False
Chile,CHL,Cono Sur,2014,2010s,Participación,Participación laboral masculina,SL.TLF.CACT.MA.ZS,% de varones 15+,75.0,False
Chile,CHL,Cono Sur,1990,1990s,Participación,Ratio participación mujer/varón,SL.TLF.CACT.FM.ZS,% (mujer/varón),41.76,False
Chile,CHL,Cono Sur,1991,1990s,Participación,Ratio participación mujer/varón,SL.TLF.CACT.FM.ZS,% (mujer/varón),41.5,False
Chile,CHL,Cono Sur,1992,1990s,Participación,Ratio participación mujer/varón,SL.TLF.CACT.FM.ZS,% (mujer/varón),43.87,False
Chile,CHL,Cono Sur,1993,1990s,Participación,Ratio participación mujer/varón,SL.TLF.CACT.FM.ZS,% (mujer/varón),45.48,False
Chile,CHL,Cono Sur,1994,1990s,Participación,Ratio participación mujer/varón,SL.TLF.CACT.FM.ZS,% (mujer/varón),45.54,False
Chile,CHL,Cono Sur,1995,1990s,Participación,Ratio participación mujer/varón,SL.TLF.CACT.FM.ZS,% (mujer/varón),44.7,False
Chile,CHL,Cono Sur,1996,1990s,Participación,Ratio participación mujer/varón,SL.TLF.CACT.FM.ZS,% (mujer/varón),44.72,False
Chile,CHL,Cono Sur,1997,1990s,Participación,Ratio participación mujer/varón,SL.TLF.CACT.FM.ZS,% (mujer/varón),46.13,False
Chile,CHL,Cono Sur,1998,1990s,Participación,Ratio participación mujer/varón,SL.TLF.CACT.FM.ZS,% (mujer/varón),46.53,False
Chile,CHL,Cono Sur,1999,1990s,Participación,Ratio participación mujer/varón,SL.TLF.CACT.FM.ZS,% (mujer/varón),46.9,False
Chile,CHL,Cono Sur,2000,2000s,Participación,Ratio participación mujer/varón,SL.TLF.CACT.FM.ZS,% (mujer/varón),47.46,False
Chile,CHL,Cono Sur,2001,2000s,Participación,Ratio participación mujer/varón,SL.TLF.CACT.FM.ZS,% (mujer/varón),46.83,False
Chile,CHL,Cono Sur,2002,2000s,Participación,Ratio participación mujer/varón,SL.TLF.CACT.FM.ZS,% (mujer/varón),46.94,False
Chile,CHL,Cono Sur,2003,2000s,Participación,Ratio participación mujer/varón,SL.TLF.CACT.FM.ZS,% (mujer/varón),49.11,False
Chile,CHL,Cono Sur,2004,2000s,Participación,Ratio participación mujer/varón,SL.TLF.CACT.FM.ZS,% (mujer/varón),51.17,False
Chile,CHL,Cono Sur,2005,2000s,Participación,Ratio participación mujer/varón,SL.TLF.CACT.FM.ZS,% (mujer/varón),52.47,False
Chile,CHL,Cono Sur,2006,2000s,Participación,Ratio participación mujer/varón,SL.TLF.CACT.FM.ZS,% (mujer/varón),53.06,False
Chile,CHL,Cono Sur,2007,2000s,Participación,Ratio participación mujer/varón,SL.TLF.CACT.FM.ZS,% (mujer/varón),54.42,False
Chile,CHL,Cono Sur,2008,2000s,Participación,Ratio participación mujer/varón,SL.TLF.CACT.FM.ZS,% (mujer/varón),56.89,False
Chile,CHL,Cono Sur,2009,2000s,Participación,Ratio participación mujer/varón,SL.TLF.CACT.FM.ZS,% (mujer/varón),58.12,False
Chile,CHL,Cono Sur,2010,2010s,Participación,Ratio participación mujer/varón,SL.TLF.CACT.FM.ZS,% (mujer/varón),62.99,False
Chile,CHL,Cono Sur,2011,2010s,Participación,Ratio participación mujer/varón,SL.TLF.CACT.FM.ZS,% (mujer/varón),65.02,False
Chile,CHL,Cono Sur,2012,2010s,Participación,Ratio participación mujer/varón,SL.TLF.CACT.FM.ZS,% (mujer/varón),65.68,False
Chile,CHL,Cono Sur,2013,2010s,Participación,Ratio participación mujer/varón,SL.TLF.CACT.FM.ZS,% (mujer/varón),65.78,False
Chile,CHL,Cono Sur,2014,2010s,Participación,Ratio participación mujer/varón,SL.TLF.CACT.FM.ZS,% (mujer/varón),65.87,False
Colombia,COL,Región Andina,1992,1990s,Calidad del empleo,Asalariadas,SL.EMP.WORK.FE.ZS,% del empleo femenino,71.7,False
Colombia,COL,Región Andina,1993,1990s,Calidad del empleo,Asalariadas,SL.EMP.WORK.FE.ZS,% del empleo femenino,72.8,False
Colombia,COL,Región Andina,1994,1990s,Calidad del empleo,Asalariadas,SL.EMP.WORK.FE.ZS,% del empleo femenino,73.9,False
Colombia,COL,Región Andina,1995,1990s,Calidad del empleo,Asalariadas,SL.EMP.WORK.FE.ZS,% del empleo femenino,71.0,False
Colombia,COL,Región Andina,1996,1990s,Calidad del empleo,Asalariadas,SL.EMP.WORK.FE.ZS,% del empleo femenino,71.5,False
Colombia,COL,Región Andina,1997,1990s,Calidad del empleo,Asalariadas,SL.EMP.WORK.FE.ZS,% del empleo femenino,70.0,False
Colombia,COL,Región Andina,1998,1990s,Calidad del empleo,Asalariadas,SL.EMP.WORK.FE.ZS,% del empleo femenino,67.3,False
Colombia,COL,Región Andina,1999,1990s,Calidad del empleo,Asalariadas,SL.EMP.WORK.FE.ZS,% del empleo femenino,65.4,False
Colombia,COL,Región Andina,2000,2000s,Calidad del empleo,Asalariadas,SL.EMP.WORK.FE.ZS,% del empleo femenino,55.1,False
Colombia,COL,Región Andina,2001,2000s,Calidad del empleo,Asalariadas,SL.EMP.WORK.FE.ZS,% del empleo femenino,51.6,False
Colombia,COL,Región Andina,2002,2000s,Calidad del empleo,Asalariadas,SL.EMP.WORK.FE.ZS,% del empleo femenino,51.3,False
Colombia,COL,Región Andina,2003,2000s,Calidad del empleo,Asalariadas,SL.EMP.WORK.FE.ZS,% del empleo femenino,52.7,False
Colombia,COL,Región Andina,2004,2000s,Calidad del empleo,Asalariadas,SL.EMP.WORK.FE.ZS,% del empleo femenino,51.3,False
Colombia,COL,Región Andina,2005,2000s,Calidad del empleo,Asalariadas,SL.EMP.WORK.FE.ZS,% del empleo femenino,51.7,False
Colombia,COL,Región Andina,2006,2000s,Calidad del empleo,Asalariadas,SL.EMP.WORK.FE.ZS,% del empleo femenino,52.3,False
Colombia,COL,Región Andina,2007,2000s,Calidad del empleo,Asalariadas,SL.EMP.WORK.FE.ZS,% del empleo femenino,55.6,False
Colombia,COL,Región Andina,2008,2000s,Calidad del empleo,Asalariadas,SL.EMP.WORK.FE.ZS,% del empleo femenino,50.7,False
Colombia,COL,Región Andina,2009,2000s,Calidad del empleo,Asalariadas,SL.EMP.WORK.FE.ZS,% del empleo femenino,48.5,False
Colombia,COL,Región Andina,2010,2010s,Calidad del empleo,Asalariadas,SL.EMP.WORK.FE.ZS,% del empleo femenino,47.7,False
Colombia,COL,Región Andina,2011,2010s,Calidad del empleo,Asalariadas,SL.EMP.WORK.FE.ZS,% del empleo femenino,46.7,False
Colombia,COL,Región Andina,2012,2010s,Calidad del empleo,Asalariadas,SL.EMP.WORK.FE.ZS,% del empleo femenino,46.2,False
Colombia,COL,Región Andina,2013,2010s,Calidad del empleo,Asalariadas,SL.EMP.WORK.FE.ZS,% del empleo femenino,47.9,False
Colombia,COL,Región Andina,1990,1990s,Liderazgo,Bancas parlamentarias femeninas,SG.GEN.PARL.ZS,% de bancas,4.5,False
Colombia,COL,Región Andina,1997,1990s,Liderazgo,Bancas parlamentarias femeninas,SG.GEN.PARL.ZS,% de bancas,11.7,False
Colombia,COL,Región Andina,1999,1990s,Liderazgo,Bancas parlamentarias femeninas,SG.GEN.PARL.ZS,% de bancas,11.8,False
Colombia,COL,Región Andina,2000,2000s,Liderazgo,Bancas parlamentarias femeninas,SG.GEN.PARL.ZS,% de bancas,11.8,False
Colombia,COL,Región Andina,2001,2000s,Liderazgo,Bancas parlamentarias femeninas,SG.GEN.PARL.ZS,% de bancas,11.8,False
Colombia,COL,Región Andina,2002,2000s,Liderazgo,Bancas parlamentarias femeninas,SG.GEN.PARL.ZS,% de bancas,12.0,False
Colombia,COL,Región Andina,2003,2000s,Liderazgo,Bancas parlamentarias femeninas,SG.GEN.PARL.ZS,% de bancas,12.0,False
Colombia,COL,Región Andina,2004,2000s,Liderazgo,Bancas parlamentarias femeninas,SG.GEN.PARL.ZS,% de bancas,12.0,False
Colombia,COL,Región Andina,2005,2000s,Liderazgo,Bancas parlamentarias femeninas,SG.GEN.PARL.ZS,% de bancas,12.1,False
Colombia,COL,Región Andina,2006,2000s,Liderazgo,Bancas parlamentarias femeninas,SG.GEN.PARL.ZS,% de bancas,8.4,False
Colombia,COL,Región Andina,2007,2000s,Liderazgo,Bancas parlamentarias femeninas,SG.GEN.PARL.ZS,% de bancas,8.4,False
Colombia,COL,Región Andina,2008,2000s,Liderazgo,Bancas parlamentarias femeninas,SG.GEN.PARL.ZS,% de bancas,8.4,False
Colombia,COL,Región Andina,2009,2000s,Liderazgo,Bancas parlamentarias femeninas,SG.GEN.PARL.ZS,% de bancas,8.4,False
Colombia,COL,Región Andina,2010,2010s,Liderazgo,Bancas parlamentarias femeninas,SG.GEN.PARL.ZS,% de bancas,12.7,False
Colombia,COL,Región Andina,2011,2010s,Liderazgo,Bancas parlamentarias femeninas,SG.GEN.PARL.ZS,% de bancas,12.1,False
Colombia,COL,Región Andina,2012,2010s,Liderazgo,Bancas parlamentarias femeninas,SG.GEN.PARL.ZS,% de bancas,12.1,False
Colombia,COL,Región Andina,2013,2010s,Liderazgo,Bancas parlamentarias femeninas,SG.GEN.PARL.ZS,% de bancas,12.1,False
Colombia,COL,Región Andina,2014,2010s,Liderazgo,Bancas parlamentarias femeninas,SG.GEN.PARL.ZS,% de bancas,19.9,False
Colombia,COL,Región Andina,1991,1990s,Calidad del empleo,Desempleo femenino,SL.UEM.TOTL.FE.ZS,% de la PEA femenina,19.6,False
Colombia,COL,Región Andina,1992,1990s,Calidad del empleo,Desempleo femenino,SL.UEM.TOTL.FE.ZS,% de la PEA femenina,14.0,False
Colombia,COL,Región Andina,1993,1990s,Calidad del empleo,Desempleo femenino,SL.UEM.TOTL.FE.ZS,% de la PEA femenina,17.5,False
Colombia,COL,Región Andina,1994,1990s,Calidad del empleo,Desempleo femenino,SL.UEM.TOTL.FE.ZS,% de la PEA femenina,16.8,False
Colombia,COL,Región Andina,1995,1990s,Calidad del empleo,Desempleo femenino,SL.UEM.TOTL.FE.ZS,% de la PEA femenina,17.1,False
Colombia,COL,Región Andina,1996,1990s,Calidad del empleo,Desempleo femenino,SL.UEM.TOTL.FE.ZS,% de la PEA femenina,18.9,False
Colombia,COL,Región Andina,1997,1990s,Calidad del empleo,Desempleo femenino,SL.UEM.TOTL.FE.ZS,% de la PEA femenina,15.9,False
Colombia,COL,Región Andina,1998,1990s,Calidad del empleo,Desempleo femenino,SL.UEM.TOTL.FE.ZS,% de la PEA femenina,17.9,False
Colombia,COL,Región Andina,1999,1990s,Calidad del empleo,Desempleo femenino,SL.UEM.TOTL.FE.ZS,% de la PEA femenina,20.0,False
Colombia,COL,Región Andina,2000,2000s,Calidad del empleo,Desempleo femenino,SL.UEM.TOTL.FE.ZS,% de la PEA femenina,22.2,False
Colombia,COL,Región Andina,2001,2000s,Calidad del empleo,Desempleo femenino,SL.UEM.TOTL.FE.ZS,% de la PEA femenina,20.2,False
Colombia,COL,Región Andina,2002,2000s,Calidad del empleo,Desempleo femenino,SL.UEM.TOTL.FE.ZS,% de la PEA femenina,20.9,False
Colombia,COL,Región Andina,2003,2000s,Calidad del empleo,Desempleo femenino,SL.UEM.TOTL.FE.ZS,% de la PEA femenina,18.2,False
Colombia,COL,Región Andina,2004,2000s,Calidad del empleo,Desempleo femenino,SL.UEM.TOTL.FE.ZS,% de la PEA femenina,18.4,False
Colombia,COL,Región Andina,2005,2000s,Calidad del empleo,Desempleo femenino,SL.UEM.TOTL.FE.ZS,% de la PEA femenina,15.7,False
Colombia,COL,Región Andina,2006,2000s,Calidad del empleo,Desempleo femenino,SL.UEM.TOTL.FE.ZS,% de la PEA femenina,15.1,False
Colombia,COL,Región Andina,2007,2000s,Calidad del empleo,Desempleo femenino,SL.UEM.TOTL.FE.ZS,% de la PEA femenina,14.7,False
Colombia,COL,Región Andina,2008,2000s,Calidad del empleo,Desempleo femenino,SL.UEM.TOTL.FE.ZS,% de la PEA femenina,14.6,False
Colombia,COL,Región Andina,2009,2000s,Calidad del empleo,Desempleo femenino,SL.UEM.TOTL.FE.ZS,% de la PEA femenina,15.5,False
Colombia,COL,Región Andina,2010,2010s,Calidad del empleo,Desempleo femenino,SL.UEM.TOTL.FE.ZS,% de la PEA femenina,15.9,False
Colombia,COL,Región Andina,2011,2010s,Calidad del empleo,Desempleo femenino,SL.UEM.TOTL.FE.ZS,% de la PEA femenina,14.8,False
Colombia,COL,Región Andina,2012,2010s,Calidad del empleo,Desempleo femenino,SL.UEM.TOTL.FE.ZS,% de la PEA femenina,14.1,False
Colombia,COL,Región Andina,2013,2010s,Calidad del empleo,Desempleo femenino,SL.UEM.TOTL.FE.ZS,% de la PEA femenina,12.8,False
Colombia,COL,Región Andina,2014,2010s,Calidad del empleo,Desempleo femenino,SL.UEM.TOTL.FE.ZS,% de la PEA femenina,13.3,False
Colombia,COL,Región Andina,1992,1990s,Calidad del empleo,Empleadoras,SL.EMP.MPYR.FE.ZS,% del empleo femenino,2.0,False
Colombia,COL,Región Andina,1993,1990s,Calidad del empleo,Empleadoras,SL.EMP.MPYR.FE.ZS,% del empleo femenino,2.0,False
Colombia,COL,Región Andina,1994,1990s,Calidad del empleo,Empleadoras,SL.EMP.MPYR.FE.ZS,% del empleo femenino,2.8,False
Colombia,COL,Región Andina,1995,1990s,Calidad del empleo,Empleadoras,SL.EMP.MPYR.FE.ZS,% del empleo femenino,2.5,False
Colombia,COL,Región Andina,1996,1990s,Calidad del empleo,Empleadoras,SL.EMP.MPYR.FE.ZS,% del empleo femenino,2.8,False
Colombia,COL,Región Andina,1997,1990s,Calidad del empleo,Empleadoras,SL.EMP.MPYR.FE.ZS,% del empleo femenino,2.8,False
Colombia,COL,Región Andina,1998,1990s,Calidad del empleo,Empleadoras,SL.EMP.MPYR.FE.ZS,% del empleo femenino,2.4,False
Colombia,COL,Región Andina,1999,1990s,Calidad del empleo,Empleadoras,SL.EMP.MPYR.FE.ZS,% del empleo femenino,2.9,False
Colombia,COL,Región Andina,2000,2000s,Calidad del empleo,Empleadoras,SL.EMP.MPYR.FE.ZS,% del empleo femenino,2.5,False
Colombia,COL,Región Andina,2001,2000s,Calidad del empleo,Empleadoras,SL.EMP.MPYR.FE.ZS,% del empleo femenino,2.8,False
Colombia,COL,Región Andina,2002,2000s,Calidad del empleo,Empleadoras,SL.EMP.MPYR.FE.ZS,% del empleo femenino,2.9,False
Colombia,COL,Región Andina,2003,2000s,Calidad del empleo,Empleadoras,SL.EMP.MPYR.FE.ZS,% del empleo femenino,2.6,False
Colombia,COL,Región Andina,2004,2000s,Calidad del empleo,Empleadoras,SL.EMP.MPYR.FE.ZS,% del empleo femenino,3.2,False
Colombia,COL,Región Andina,2005,2000s,Calidad del empleo,Empleadoras,SL.EMP.MPYR.FE.ZS,% del empleo femenino,3.1,False
Colombia,COL,Región Andina,2006,2000s,Calidad del empleo,Empleadoras,SL.EMP.MPYR.FE.ZS,% del empleo femenino,3.1,False
Colombia,COL,Región Andina,2007,2000s,Calidad del empleo,Empleadoras,SL.EMP.MPYR.FE.ZS,% del empleo femenino,3.2,False
Colombia,COL,Región Andina,2008,2000s,Calidad del empleo,Empleadoras,SL.EMP.MPYR.FE.ZS,% del empleo femenino,2.6,False
Colombia,COL,Región Andina,2009,2000s,Calidad del empleo,Empleadoras,SL.EMP.MPYR.FE.ZS,% del empleo femenino,2.9,False
Colombia,COL,Región Andina,2010,2010s,Calidad del empleo,Empleadoras,SL.EMP.MPYR.FE.ZS,% del empleo femenino,2.8,False
Colombia,COL,Región Andina,2011,2010s,Calidad del empleo,Empleadoras,SL.EMP.MPYR.FE.ZS,% del empleo femenino,2.9,False
Colombia,COL,Región Andina,2012,2010s,Calidad del empleo,Empleadoras,SL.EMP.MPYR.FE.ZS,% del empleo femenino,2.9,False
Colombia,COL,Región Andina,2013,2010s,Calidad del empleo,Empleadoras,SL.EMP.MPYR.FE.ZS,% del empleo femenino,2.9,False
Colombia,COL,Región Andina,1990,1990s,Estructura sectorial,Empleo femenino en agricultura,SL.AGR.EMPL.FE.ZS,% del empleo femenino,0.6,False
Colombia,COL,Región Andina,1991,1990s,Estructura sectorial,Empleo femenino en agricultura,SL.AGR.EMPL.FE.ZS,% del empleo femenino,0.6,False
Colombia,COL,Región Andina,1992,1990s,Estructura sectorial,Empleo femenino en agricultura,SL.AGR.EMPL.FE.ZS,% del empleo femenino,0.8,False
Colombia,COL,Región Andina,1993,1990s,Estructura sectorial,Empleo femenino en agricultura,SL.AGR.EMPL.FE.ZS,% del empleo femenino,0.7,False
Colombia,COL,Región Andina,1994,1990s,Estructura sectorial,Empleo femenino en agricultura,SL.AGR.EMPL.FE.ZS,% del empleo femenino,0.8,False
Colombia,COL,Región Andina,1995,1990s,Estructura sectorial,Empleo femenino en agricultura,SL.AGR.EMPL.FE.ZS,% del empleo femenino,0.6,False
Colombia,COL,Región Andina,1996,1990s,Estructura sectorial,Empleo femenino en agricultura,SL.AGR.EMPL.FE.ZS,% del empleo femenino,0.8,False
Colombia,COL,Región Andina,1997,1990s,Estructura sectorial,Empleo femenino en agricultura,SL.AGR.EMPL.FE.ZS,% del empleo femenino,0.5,False
Colombia,COL,Región Andina,1998,1990s,Estructura sectorial,Empleo femenino en agricultura,SL.AGR.EMPL.FE.ZS,% del empleo femenino,0.6,False
Colombia,COL,Región Andina,1999,1990s,Estructura sectorial,Empleo femenino en agricultura,SL.AGR.EMPL.FE.ZS,% del empleo femenino,0.5,False
Colombia,COL,Región Andina,2000,2000s,Estructura sectorial,Empleo femenino en agricultura,SL.AGR.EMPL.FE.ZS,% del empleo femenino,0.5,False
Colombia,COL,Región Andina,2001,2000s,Estructura sectorial,Empleo femenino en agricultura,SL.AGR.EMPL.FE.ZS,% del empleo femenino,14.2,False
Colombia,COL,Región Andina,2002,2000s,Estructura sectorial,Empleo femenino en agricultura,SL.AGR.EMPL.FE.ZS,% del empleo femenino,5.5,False
Colombia,COL,Región Andina,2003,2000s,Estructura sectorial,Empleo femenino en agricultura,SL.AGR.EMPL.FE.ZS,% del empleo femenino,7.0,False
Colombia,COL,Región Andina,2004,2000s,Estructura sectorial,Empleo femenino en agricultura,SL.AGR.EMPL.FE.ZS,% del empleo femenino,6.4,False
Colombia,COL,Región Andina,2005,2000s,Estructura sectorial,Empleo femenino en agricultura,SL.AGR.EMPL.FE.ZS,% del empleo femenino,8.1,False
Colombia,COL,Región Andina,2006,2000s,Estructura sectorial,Empleo femenino en agricultura,SL.AGR.EMPL.FE.ZS,% del empleo femenino,6.1,False
Colombia,COL,Región Andina,2007,2000s,Estructura sectorial,Empleo femenino en agricultura,SL.AGR.EMPL.FE.ZS,% del empleo femenino,5.8,False
Colombia,COL,Región Andina,2008,2000s,Estructura sectorial,Empleo femenino en agricultura,SL.AGR.EMPL.FE.ZS,% del empleo femenino,5.9,False
Colombia,COL,Región Andina,2009,2000s,Estructura sectorial,Empleo femenino en agricultura,SL.AGR.EMPL.FE.ZS,% del empleo femenino,6.2,False
Colombia,COL,Región Andina,2010,2010s,Estructura sectorial,Empleo femenino en agricultura,SL.AGR.EMPL.FE.ZS,% del empleo femenino,6.6,False
Colombia,COL,Región Andina,2011,2010s,Estructura sectorial,Empleo femenino en agricultura,SL.AGR.EMPL.FE.ZS,% del empleo femenino,7.0,False
Colombia,COL,Región Andina,2012,2010s,Estructura sectorial,Empleo femenino en agricultura,SL.AGR.EMPL.FE.ZS,% del empleo femenino,7.3,False
Colombia,COL,Región Andina,2013,2010s,Estructura sectorial,Empleo femenino en agricultura,SL.AGR.EMPL.FE.ZS,% del empleo femenino,6.8,False
Colombia,COL,Región Andina,2014,2010s,Estructura sectorial,Empleo femenino en agricultura,SL.AGR.EMPL.FE.ZS,% del empleo femenino,6.6,False
Colombia,COL,Región Andina,1990,1990s,Estructura sectorial,Empleo femenino en servicios,SL.SRV.EMPL.FE.ZS,% del empleo femenino,74.3,False
Colombia,COL,Región Andina,1991,1990s,Estructura sectorial,Empleo femenino en servicios,SL.SRV.EMPL.FE.ZS,% del empleo femenino,73.4,False
Colombia,COL,Región Andina,1992,1990s,Estructura sectorial,Empleo femenino en servicios,SL.SRV.EMPL.FE.ZS,% del empleo femenino,73.9,False
Colombia,COL,Región Andina,1993,1990s,Estructura sectorial,Empleo femenino en servicios,SL.SRV.EMPL.FE.ZS,% del empleo femenino,73.7,False
Colombia,COL,Región Andina,1994,1990s,Estructura sectorial,Empleo femenino en servicios,SL.SRV.EMPL.FE.ZS,% del empleo femenino,74.4,False
Colombia,COL,Región Andina,1995,1990s,Estructura sectorial,Empleo femenino en servicios,SL.SRV.EMPL.FE.ZS,% del empleo femenino,75.1,False
Colombia,COL,Región Andina,1996,1990s,Estructura sectorial,Empleo femenino en servicios,SL.SRV.EMPL.FE.ZS,% del empleo femenino,75.1,False
Colombia,COL,Región Andina,1997,1990s,Estructura sectorial,Empleo femenino en servicios,SL.SRV.EMPL.FE.ZS,% del empleo femenino,77.9,False
Colombia,COL,Región Andina,1998,1990s,Estructura sectorial,Empleo femenino en servicios,SL.SRV.EMPL.FE.ZS,% del empleo femenino,78.4,False
Colombia,COL,Región Andina,1999,1990s,Estructura sectorial,Empleo femenino en servicios,SL.SRV.EMPL.FE.ZS,% del empleo femenino,79.4,False
Colombia,COL,Región Andina,2000,2000s,Estructura sectorial,Empleo femenino en servicios,SL.SRV.EMPL.FE.ZS,% del empleo femenino,79.5,False
Colombia,COL,Región Andina,2001,2000s,Estructura sectorial,Empleo femenino en servicios,SL.SRV.EMPL.FE.ZS,% del empleo femenino,56.2,False
Colombia,COL,Región Andina,2002,2000s,Estructura sectorial,Empleo femenino en servicios,SL.SRV.EMPL.FE.ZS,% del empleo femenino,77.4,False
Colombia,COL,Región Andina,2003,2000s,Estructura sectorial,Empleo femenino en servicios,SL.SRV.EMPL.FE.ZS,% del empleo femenino,76.8,False
Colombia,COL,Región Andina,2004,2000s,Estructura sectorial,Empleo femenino en servicios,SL.SRV.EMPL.FE.ZS,% del empleo femenino,76.3,False
Colombia,COL,Región Andina,2005,2000s,Estructura sectorial,Empleo femenino en servicios,SL.SRV.EMPL.FE.ZS,% del empleo femenino,75.6,False
Colombia,COL,Región Andina,2006,2000s,Estructura sectorial,Empleo femenino en servicios,SL.SRV.EMPL.FE.ZS,% del empleo femenino,75.8,False
Colombia,COL,Región Andina,2007,2000s,Estructura sectorial,Empleo femenino en servicios,SL.SRV.EMPL.FE.ZS,% del empleo femenino,78.2,False
Colombia,COL,Región Andina,2008,2000s,Estructura sectorial,Empleo femenino en servicios,SL.SRV.EMPL.FE.ZS,% del empleo femenino,78.9,False
Colombia,COL,Región Andina,2009,2000s,Estructura sectorial,Empleo femenino en servicios,SL.SRV.EMPL.FE.ZS,% del empleo femenino,77.9,False
Colombia,COL,Región Andina,2010,2010s,Estructura sectorial,Empleo femenino en servicios,SL.SRV.EMPL.FE.ZS,% del empleo femenino,77.7,False
Colombia,COL,Región Andina,2011,2010s,Estructura sectorial,Empleo femenino en servicios,SL.SRV.EMPL.FE.ZS,% del empleo femenino,77.1,False
Colombia,COL,Región Andina,2012,2010s,Estructura sectorial,Empleo femenino en servicios,SL.SRV.EMPL.FE.ZS,% del empleo femenino,76.8,False
Colombia,COL,Región Andina,2013,2010s,Estructura sectorial,Empleo femenino en servicios,SL.SRV.EMPL.FE.ZS,% del empleo femenino,78.6,False
Colombia,COL,Región Andina,2014,2010s,Estructura sectorial,Empleo femenino en servicios,SL.SRV.EMPL.FE.ZS,% del empleo femenino,79.2,False
Colombia,COL,Región Andina,1992,1990s,Calidad del empleo,Empleo vulnerable femenino,SL.EMP.VULN.FE.ZS,% del empleo femenino,26.4,False
Colombia,COL,Región Andina,1993,1990s,Calidad del empleo,Empleo vulnerable femenino,SL.EMP.VULN.FE.ZS,% del empleo femenino,25.2,False
Colombia,COL,Región Andina,1994,1990s,Calidad del empleo,Empleo vulnerable femenino,SL.EMP.VULN.FE.ZS,% del empleo femenino,23.3,False
Colombia,COL,Región Andina,1995,1990s,Calidad del empleo,Empleo vulnerable femenino,SL.EMP.VULN.FE.ZS,% del empleo femenino,26.6,False
Colombia,COL,Región Andina,1996,1990s,Calidad del empleo,Empleo vulnerable femenino,SL.EMP.VULN.FE.ZS,% del empleo femenino,25.7,False
Colombia,COL,Región Andina,1997,1990s,Calidad del empleo,Empleo vulnerable femenino,SL.EMP.VULN.FE.ZS,% del empleo femenino,27.1,False
Colombia,COL,Región Andina,1998,1990s,Calidad del empleo,Empleo vulnerable femenino,SL.EMP.VULN.FE.ZS,% del empleo femenino,30.3,False
Colombia,COL,Región Andina,1999,1990s,Calidad del empleo,Empleo vulnerable femenino,SL.EMP.VULN.FE.ZS,% del empleo femenino,31.8,False
Colombia,COL,Región Andina,2000,2000s,Calidad del empleo,Empleo vulnerable femenino,SL.EMP.VULN.FE.ZS,% del empleo femenino,42.4,False
Colombia,COL,Región Andina,2001,2000s,Calidad del empleo,Empleo vulnerable femenino,SL.EMP.VULN.FE.ZS,% del empleo femenino,45.6,False
Colombia,COL,Región Andina,2002,2000s,Calidad del empleo,Empleo vulnerable femenino,SL.EMP.VULN.FE.ZS,% del empleo femenino,45.9,False
Colombia,COL,Región Andina,2003,2000s,Calidad del empleo,Empleo vulnerable femenino,SL.EMP.VULN.FE.ZS,% del empleo femenino,44.7,False
Colombia,COL,Región Andina,2004,2000s,Calidad del empleo,Empleo vulnerable femenino,SL.EMP.VULN.FE.ZS,% del empleo femenino,45.5,False
Colombia,COL,Región Andina,2005,2000s,Calidad del empleo,Empleo vulnerable femenino,SL.EMP.VULN.FE.ZS,% del empleo femenino,45.3,False
Colombia,COL,Región Andina,2006,2000s,Calidad del empleo,Empleo vulnerable femenino,SL.EMP.VULN.FE.ZS,% del empleo femenino,44.6,False
Colombia,COL,Región Andina,2007,2000s,Calidad del empleo,Empleo vulnerable femenino,SL.EMP.VULN.FE.ZS,% del empleo femenino,41.2,False
Colombia,COL,Región Andina,2008,2000s,Calidad del empleo,Empleo vulnerable femenino,SL.EMP.VULN.FE.ZS,% del empleo femenino,46.7,False
Colombia,COL,Región Andina,2009,2000s,Calidad del empleo,Empleo vulnerable femenino,SL.EMP.VULN.FE.ZS,% del empleo femenino,48.5,False
Colombia,COL,Región Andina,2010,2010s,Calidad del empleo,Empleo vulnerable femenino,SL.EMP.VULN.FE.ZS,% del empleo femenino,49.3,False
Colombia,COL,Región Andina,2011,2010s,Calidad del empleo,Empleo vulnerable femenino,SL.EMP.VULN.FE.ZS,% del empleo femenino,50.2,False
Colombia,COL,Región Andina,2012,2010s,Calidad del empleo,Empleo vulnerable femenino,SL.EMP.VULN.FE.ZS,% del empleo femenino,50.7,False
Colombia,COL,Región Andina,2013,2010s,Calidad del empleo,Empleo vulnerable femenino,SL.EMP.VULN.FE.ZS,% del empleo femenino,49.0,False
Colombia,COL,Región Andina,2010,2010s,Liderazgo empresarial,Firmas con gerenta mujer,IC.FRM.FEMM.ZS,% de firmas,12.1,False
Colombia,COL,Región Andina,2006,2000s,Liderazgo empresarial,Firmas con propiedad femenina,IC.FRM.FEMO.ZS,% de firmas,43.0,False
Colombia,COL,Región Andina,2010,2010s,Liderazgo empresarial,Firmas con propiedad femenina,IC.FRM.FEMO.ZS,% de firmas,35.3,False
Colombia,COL,Región Andina,2009,2000s,Liderazgo,Mujeres en puestos directivos,SG.GEN.LSOM.ZS,% del total de directivos,53.44,True
Colombia,COL,Región Andina,2010,2010s,Liderazgo,Mujeres en puestos directivos,SG.GEN.LSOM.ZS,% del total de directivos,53.12,True
Colombia,COL,Región Andina,1990,1990s,Contexto,PBI per cápita,NY.GDP.PCAP.CD,USD corrientes,1175.15,False
Colombia,COL,Región Andina,1991,1990s,Contexto,PBI per cápita,NY.GDP.PCAP.CD,USD corrientes,1181.08,False
Colombia,COL,Región Andina,1992,1990s,Contexto,PBI per cápita,NY.GDP.PCAP.CD,USD corrientes,1385.87,False
Colombia,COL,Región Andina,1993,1990s,Contexto,PBI per cápita,NY.GDP.PCAP.CD,USD corrientes,1541.71,False
Colombia,COL,Región Andina,1994,1990s,Contexto,PBI per cápita,NY.GDP.PCAP.CD,USD corrientes,2218.78,False
Colombia,COL,Región Andina,1995,1990s,Contexto,PBI per cápita,NY.GDP.PCAP.CD,USD corrientes,2470.68,False
Colombia,COL,Región Andina,1996,1990s,Contexto,PBI per cápita,NY.GDP.PCAP.CD,USD corrientes,2553.55,False
Colombia,COL,Región Andina,1997,1990s,Contexto,PBI per cápita,NY.GDP.PCAP.CD,USD corrientes,2759.95,False
Colombia,COL,Región Andina,1998,1990s,Contexto,PBI per cápita,NY.GDP.PCAP.CD,USD corrientes,2509.14,False
Colombia,COL,Región Andina,1999,1990s,Contexto,PBI per cápita,NY.GDP.PCAP.CD,USD corrientes,2164.43,False
Colombia,COL,Región Andina,2000,2000s,Contexto,PBI per cápita,NY.GDP.PCAP.CD,USD corrientes,2472.2,False
Colombia,COL,Región Andina,2001,2000s,Contexto,PBI per cápita,NY.GDP.PCAP.CD,USD corrientes,2395.86,False
Colombia,COL,Región Andina,2002,2000s,Contexto,PBI per cápita,NY.GDP.PCAP.CD,USD corrientes,2355.73,False
Colombia,COL,Región Andina,2003,2000s,Contexto,PBI per cápita,NY.GDP.PCAP.CD,USD corrientes,2246.26,False
Colombia,COL,Región Andina,2004,2000s,Contexto,PBI per cápita,NY.GDP.PCAP.CD,USD corrientes,2740.25,False
Colombia,COL,Región Andina,2005,2000s,Contexto,PBI per cápita,NY.GDP.PCAP.CD,USD corrientes,3386.03,False
Colombia,COL,Región Andina,2006,2000s,Contexto,PBI per cápita,NY.GDP.PCAP.CD,USD corrientes,3709.08,False
Colombia,COL,Región Andina,2007,2000s,Contexto,PBI per cápita,NY.GDP.PCAP.CD,USD corrientes,4674.21,False
Colombia,COL,Región Andina,2008,2000s,Contexto,PBI per cápita,NY.GDP.PCAP.CD,USD corrientes,5433.71,False
Colombia,COL,Región Andina,2009,2000s,Contexto,PBI per cápita,NY.GDP.PCAP.CD,USD corrientes,5148.41,False
Colombia,COL,Región Andina,2010,2010s,Contexto,PBI per cápita,NY.GDP.PCAP.CD,USD corrientes,6250.65,False
Colombia,COL,Región Andina,2011,2010s,Contexto,PBI per cápita,NY.GDP.PCAP.CD,USD corrientes,7227.77,False
Colombia,COL,Región Andina,2012,2010s,Contexto,PBI per cápita,NY.GDP.PCAP.CD,USD corrientes,7885.06,False
Colombia,COL,Región Andina,2013,2010s,Contexto,PBI per cápita,NY.GDP.PCAP.CD,USD corrientes,8030.69,False
Colombia,COL,Región Andina,2014,2010s,Contexto,PBI per cápita,NY.GDP.PCAP.CD,USD corrientes,7918.08,False
Colombia,COL,Región Andina,1990,1990s,Participación,Participación laboral femenina,SL.TLF.CACT.FE.ZS,% de mujeres 15+,31.6,False
Colombia,COL,Región Andina,1991,1990s,Participación,Participación laboral femenina,SL.TLF.CACT.FE.ZS,% de mujeres 15+,31.6,False
Colombia,COL,Región Andina,1992,1990s,Participación,Participación laboral femenina,SL.TLF.CACT.FE.ZS,% de mujeres 15+,31.4,False
Colombia,COL,Región Andina,1993,1990s,Participación,Participación laboral femenina,SL.TLF.CACT.FE.ZS,% de mujeres 15+,31.3,False
Colombia,COL,Región Andina,1994,1990s,Participación,Participación laboral femenina,SL.TLF.CACT.FE.ZS,% de mujeres 15+,33.6,False
Colombia,COL,Región Andina,1995,1990s,Participación,Participación laboral femenina,SL.TLF.CACT.FE.ZS,% de mujeres 15+,36.0,False
Colombia,COL,Región Andina,1996,1990s,Participación,Participación laboral femenina,SL.TLF.CACT.FE.ZS,% de mujeres 15+,38.5,False
Colombia,COL,Región Andina,1997,1990s,Participación,Participación laboral femenina,SL.TLF.CACT.FE.ZS,% de mujeres 15+,41.0,False
Colombia,COL,Región Andina,1998,1990s,Participación,Participación laboral femenina,SL.TLF.CACT.FE.ZS,% de mujeres 15+,43.5,False
Colombia,COL,Región Andina,1999,1990s,Participación,Participación laboral femenina,SL.TLF.CACT.FE.ZS,% de mujeres 15+,46.0,False
Colombia,COL,Región Andina,2000,2000s,Participación,Participación laboral femenina,SL.TLF.CACT.FE.ZS,% de mujeres 15+,48.5,False
Colombia,COL,Región Andina,2001,2000s,Participación,Participación laboral femenina,SL.TLF.CACT.FE.ZS,% de mujeres 15+,51.1,False
Colombia,COL,Región Andina,2002,2000s,Participación,Participación laboral femenina,SL.TLF.CACT.FE.ZS,% de mujeres 15+,53.5,False
Colombia,COL,Región Andina,2003,2000s,Participación,Participación laboral femenina,SL.TLF.CACT.FE.ZS,% de mujeres 15+,56.0,False
Colombia,COL,Región Andina,2004,2000s,Participación,Participación laboral femenina,SL.TLF.CACT.FE.ZS,% de mujeres 15+,53.6,False
Colombia,COL,Región Andina,2005,2000s,Participación,Participación laboral femenina,SL.TLF.CACT.FE.ZS,% de mujeres 15+,53.0,False
Colombia,COL,Región Andina,2006,2000s,Participación,Participación laboral femenina,SL.TLF.CACT.FE.ZS,% de mujeres 15+,51.5,False
Colombia,COL,Región Andina,2007,2000s,Participación,Participación laboral femenina,SL.TLF.CACT.FE.ZS,% de mujeres 15+,50.7,False
Colombia,COL,Región Andina,2008,2000s,Participación,Participación laboral femenina,SL.TLF.CACT.FE.ZS,% de mujeres 15+,51.1,False
Colombia,COL,Región Andina,2009,2000s,Participación,Participación laboral femenina,SL.TLF.CACT.FE.ZS,% de mujeres 15+,54.4,False
Colombia,COL,Región Andina,2010,2010s,Participación,Participación laboral femenina,SL.TLF.CACT.FE.ZS,% de mujeres 15+,55.3,False
Colombia,COL,Región Andina,2011,2010s,Participación,Participación laboral femenina,SL.TLF.CACT.FE.ZS,% de mujeres 15+,55.5,False
Colombia,COL,Región Andina,2012,2010s,Participación,Participación laboral femenina,SL.TLF.CACT.FE.ZS,% de mujeres 15+,55.7,False
Colombia,COL,Región Andina,2013,2010s,Participación,Participación laboral femenina,SL.TLF.CACT.FE.ZS,% de mujeres 15+,55.8,False
Colombia,COL,Región Andina,2014,2010s,Participación,Participación laboral femenina,SL.TLF.CACT.FE.ZS,% de mujeres 15+,56.0,False
Colombia,COL,Región Andina,1990,1990s,Participación,Participación laboral masculina,SL.TLF.CACT.MA.ZS,% de varones 15+,77.3,False
Colombia,COL,Región Andina,1991,1990s,Participación,Participación laboral masculina,SL.TLF.CACT.MA.ZS,% de varones 15+,77.7,False
Colombia,COL,Región Andina,1992,1990s,Participación,Participación laboral masculina,SL.TLF.CACT.MA.ZS,% de varones 15+,78.0,False
Colombia,COL,Región Andina,1993,1990s,Participación,Participación laboral masculina,SL.TLF.CACT.MA.ZS,% de varones 15+,78.2,False
Colombia,COL,Región Andina,1994,1990s,Participación,Participación laboral masculina,SL.TLF.CACT.MA.ZS,% de varones 15+,78.8,False
Colombia,COL,Región Andina,1995,1990s,Participación,Participación laboral masculina,SL.TLF.CACT.MA.ZS,% de varones 15+,79.4,False
Colombia,COL,Región Andina,1996,1990s,Participación,Participación laboral masculina,SL.TLF.CACT.MA.ZS,% de varones 15+,79.9,False
Colombia,COL,Región Andina,1997,1990s,Participación,Participación laboral masculina,SL.TLF.CACT.MA.ZS,% de varones 15+,80.4,False
Colombia,COL,Región Andina,1998,1990s,Participación,Participación laboral masculina,SL.TLF.CACT.MA.ZS,% de varones 15+,80.9,False
Colombia,COL,Región Andina,1999,1990s,Participación,Participación laboral masculina,SL.TLF.CACT.MA.ZS,% de varones 15+,81.3,False
Colombia,COL,Región Andina,2000,2000s,Participación,Participación laboral masculina,SL.TLF.CACT.MA.ZS,% de varones 15+,81.8,False
Colombia,COL,Región Andina,2001,2000s,Participación,Participación laboral masculina,SL.TLF.CACT.MA.ZS,% de varones 15+,82.1,False
Colombia,COL,Región Andina,2002,2000s,Participación,Participación laboral masculina,SL.TLF.CACT.MA.ZS,% de varones 15+,82.5,False
Colombia,COL,Región Andina,2003,2000s,Participación,Participación laboral masculina,SL.TLF.CACT.MA.ZS,% de varones 15+,82.8,False
Colombia,COL,Región Andina,2004,2000s,Participación,Participación laboral masculina,SL.TLF.CACT.MA.ZS,% de varones 15+,81.2,False
Colombia,COL,Región Andina,2005,2000s,Participación,Participación laboral masculina,SL.TLF.CACT.MA.ZS,% de varones 15+,81.0,False
Colombia,COL,Región Andina,2006,2000s,Participación,Participación laboral masculina,SL.TLF.CACT.MA.ZS,% de varones 15+,78.4,False
Colombia,COL,Región Andina,2007,2000s,Participación,Participación laboral masculina,SL.TLF.CACT.MA.ZS,% de varones 15+,77.8,False
Colombia,COL,Región Andina,2008,2000s,Participación,Participación laboral masculina,SL.TLF.CACT.MA.ZS,% de varones 15+,78.4,False
Colombia,COL,Región Andina,2009,2000s,Participación,Participación laboral masculina,SL.TLF.CACT.MA.ZS,% de varones 15+,79.8,False
Colombia,COL,Región Andina,2010,2010s,Participación,Participación laboral masculina,SL.TLF.CACT.MA.ZS,% de varones 15+,79.7,False
Colombia,COL,Región Andina,2011,2010s,Participación,Participación laboral masculina,SL.TLF.CACT.MA.ZS,% de varones 15+,79.7,False
Colombia,COL,Región Andina,2012,2010s,Participación,Participación laboral masculina,SL.TLF.CACT.MA.ZS,% de varones 15+,79.7,False
Colombia,COL,Región Andina,2013,2010s,Participación,Participación laboral masculina,SL.TLF.CACT.MA.ZS,% de varones 15+,79.7,False
Colombia,COL,Región Andina,2014,2010s,Participación,Participación laboral masculina,SL.TLF.CACT.MA.ZS,% de varones 15+,79.7,False
Colombia,COL,Región Andina,1990,1990s,Participación,Ratio participación mujer/varón,SL.TLF.CACT.FM.ZS,% (mujer/varón),40.88,False
Colombia,COL,Región Andina,1991,1990s,Participación,Ratio participación mujer/varón,SL.TLF.CACT.FM.ZS,% (mujer/varón),40.67,False
Colombia,COL,Región Andina,1992,1990s,Participación,Ratio participación mujer/varón,SL.TLF.CACT.FM.ZS,% (mujer/varón),40.26,False
Colombia,COL,Región Andina,1993,1990s,Participación,Ratio participación mujer/varón,SL.TLF.CACT.FM.ZS,% (mujer/varón),40.03,False
Colombia,COL,Región Andina,1994,1990s,Participación,Ratio participación mujer/varón,SL.TLF.CACT.FM.ZS,% (mujer/varón),42.64,False
Colombia,COL,Región Andina,1995,1990s,Participación,Ratio participación mujer/varón,SL.TLF.CACT.FM.ZS,% (mujer/varón),45.34,False
Colombia,COL,Región Andina,1996,1990s,Participación,Ratio participación mujer/varón,SL.TLF.CACT.FM.ZS,% (mujer/varón),48.19,False
Colombia,COL,Región Andina,1997,1990s,Participación,Ratio participación mujer/varón,SL.TLF.CACT.FM.ZS,% (mujer/varón),51.0,False
Colombia,COL,Región Andina,1998,1990s,Participación,Ratio participación mujer/varón,SL.TLF.CACT.FM.ZS,% (mujer/varón),53.77,False
Colombia,COL,Región Andina,1999,1990s,Participación,Ratio participación mujer/varón,SL.TLF.CACT.FM.ZS,% (mujer/varón),56.58,False
Colombia,COL,Región Andina,2000,2000s,Participación,Ratio participación mujer/varón,SL.TLF.CACT.FM.ZS,% (mujer/varón),59.29,False
Colombia,COL,Región Andina,2001,2000s,Participación,Ratio participación mujer/varón,SL.TLF.CACT.FM.ZS,% (mujer/varón),62.24,False
Colombia,COL,Región Andina,2002,2000s,Participación,Ratio participación mujer/varón,SL.TLF.CACT.FM.ZS,% (mujer/varón),64.85,False
Colombia,COL,Región Andina,2003,2000s,Participación,Ratio participación mujer/varón,SL.TLF.CACT.FM.ZS,% (mujer/varón),67.63,False
Colombia,COL,Región Andina,2004,2000s,Participación,Ratio participación mujer/varón,SL.TLF.CACT.FM.ZS,% (mujer/varón),66.01,False
Colombia,COL,Región Andina,2005,2000s,Participación,Ratio participación mujer/varón,SL.TLF.CACT.FM.ZS,% (mujer/varón),65.43,False
Colombia,COL,Región Andina,2006,2000s,Participación,Ratio participación mujer/varón,SL.TLF.CACT.FM.ZS,% (mujer/varón),65.69,False
Colombia,COL,Región Andina,2007,2000s,Participación,Ratio participación mujer/varón,SL.TLF.CACT.FM.ZS,% (mujer/varón),65.17,False
Colombia,COL,Región Andina,2008,2000s,Participación,Ratio participación mujer/varón,SL.TLF.CACT.FM.ZS,% (mujer/varón),65.18,False
Colombia,COL,Región Andina,2009,2000s,Participación,Ratio participación mujer/varón,SL.TLF.CACT.FM.ZS,% (mujer/varón),68.17,False
Colombia,COL,Región Andina,2010,2010s,Participación,Ratio participación mujer/varón,SL.TLF.CACT.FM.ZS,% (mujer/varón),69.39,False
Colombia,COL,Región Andina,2011,2010s,Participación,Ratio participación mujer/varón,SL.TLF.CACT.FM.ZS,% (mujer/varón),69.64,False
Colombia,COL,Región Andina,2012,2010s,Participación,Ratio participación mujer/varón,SL.TLF.CACT.FM.ZS,% (mujer/varón),69.89,False
Colombia,COL,Región Andina,2013,2010s,Participación,Ratio participación mujer/varón,SL.TLF.CACT.FM.ZS,% (mujer/varón),70.01,False
Colombia,COL,Región Andina,2014,2010s,Participación,Ratio participación mujer/varón,SL.TLF.CACT.FM.ZS,% (mujer/varón),70.26,False
Costa Rica,CRI,Centroamérica y México,1990,1990s,Calidad del empleo,Asalariadas,SL.EMP.WORK.FE.ZS,% del empleo femenino,77.7,False
Costa Rica,CRI,Centroamérica y México,1991,1990s,Calidad del empleo,Asalariadas,SL.EMP.WORK.FE.ZS,% del empleo femenino,74.9,False
Costa Rica,CRI,Centroamérica y México,1992,1990s,Calidad del empleo,Asalariadas,SL.EMP.WORK.FE.ZS,% del empleo femenino,78.6,False
Costa Rica,CRI,Centroamérica y México,1993,1990s,Calidad del empleo,Asalariadas,SL.EMP.WORK.FE.ZS,% del empleo femenino,76.1,False
Costa Rica,CRI,Centroamérica y México,1994,1990s,Calidad del empleo,Asalariadas,SL.EMP.WORK.FE.ZS,% del empleo femenino,76.2,False
Costa Rica,CRI,Centroamérica y México,1995,1990s,Calidad del empleo,Asalariadas,SL.EMP.WORK.FE.ZS,% del empleo femenino,75.7,False
Costa Rica,CRI,Centroamérica y México,1996,1990s,Calidad del empleo,Asalariadas,SL.EMP.WORK.FE.ZS,% del empleo femenino,77.7,False
Costa Rica,CRI,Centroamérica y México,1997,1990s,Calidad del empleo,Asalariadas,SL.EMP.WORK.FE.ZS,% del empleo femenino,74.3,False
Costa Rica,CRI,Centroamérica y México,1998,1990s,Calidad del empleo,Asalariadas,SL.EMP.WORK.FE.ZS,% del empleo femenino,75.8,False
Costa Rica,CRI,Centroamérica y México,1999,1990s,Calidad del empleo,Asalariadas,SL.EMP.WORK.FE.ZS,% del empleo femenino,74.7,False
Costa Rica,CRI,Centroamérica y México,2000,2000s,Calidad del empleo,Asalariadas,SL.EMP.WORK.FE.ZS,% del empleo femenino,76.6,False
Costa Rica,CRI,Centroamérica y México,2001,2000s,Calidad del empleo,Asalariadas,SL.EMP.WORK.FE.ZS,% del empleo femenino,71.3,False
Costa Rica,CRI,Centroamérica y México,2003,2000s,Calidad del empleo,Asalariadas,SL.EMP.WORK.FE.ZS,% del empleo femenino,71.1,False
Costa Rica,CRI,Centroamérica y México,2004,2000s,Calidad del empleo,Asalariadas,SL.EMP.WORK.FE.ZS,% del empleo femenino,70.6,False
Costa Rica,CRI,Centroamérica y México,2005,2000s,Calidad del empleo,Asalariadas,SL.EMP.WORK.FE.ZS,% del empleo femenino,73.1,False
Costa Rica,CRI,Centroamérica y México,2006,2000s,Calidad del empleo,Asalariadas,SL.EMP.WORK.FE.ZS,% del empleo femenino,73.7,False
Costa Rica,CRI,Centroamérica y México,2007,2000s,Calidad del empleo,Asalariadas,SL.EMP.WORK.FE.ZS,% del empleo femenino,76.1,False
Costa Rica,CRI,Centroamérica y México,2008,2000s,Calidad del empleo,Asalariadas,SL.EMP.WORK.FE.ZS,% del empleo femenino,75.4,False
Costa Rica,CRI,Centroamérica y México,2009,2000s,Calidad del empleo,Asalariadas,SL.EMP.WORK.FE.ZS,% del empleo femenino,74.8,False
Costa Rica,CRI,Centroamérica y México,2010,2010s,Calidad del empleo,Asalariadas,SL.EMP.WORK.FE.ZS,% del empleo femenino,79.6,False
Costa Rica,CRI,Centroamérica y México,2011,2010s,Calidad del empleo,Asalariadas,SL.EMP.WORK.FE.ZS,% del empleo femenino,78.9,False
Costa Rica,CRI,Centroamérica y México,2012,2010s,Calidad del empleo,Asalariadas,SL.EMP.WORK.FE.ZS,% del empleo femenino,79.8,False
Costa Rica,CRI,Centroamérica y México,2013,2010s,Calidad del empleo,Asalariadas,SL.EMP.WORK.FE.ZS,% del empleo femenino,78.3,False
Costa Rica,CRI,Centroamérica y México,1990,1990s,Liderazgo,Bancas parlamentarias femeninas,SG.GEN.PARL.ZS,% de bancas,10.5,False
Costa Rica,CRI,Centroamérica y México,1997,1990s,Liderazgo,Bancas parlamentarias femeninas,SG.GEN.PARL.ZS,% de bancas,15.8,False
Costa Rica,CRI,Centroamérica y México,1998,1990s,Liderazgo,Bancas parlamentarias femeninas,SG.GEN.PARL.ZS,% de bancas,19.3,False
Costa Rica,CRI,Centroamérica y México,1999,1990s,Liderazgo,Bancas parlamentarias femeninas,SG.GEN.PARL.ZS,% de bancas,19.3,False
Costa Rica,CRI,Centroamérica y México,2000,2000s,Liderazgo,Bancas parlamentarias femeninas,SG.GEN.PARL.ZS,% de bancas,19.3,False
Costa Rica,CRI,Centroamérica y México,2001,2000s,Liderazgo,Bancas parlamentarias femeninas,SG.GEN.PARL.ZS,% de bancas,19.3,False
Costa Rica,CRI,Centroamérica y México,2002,2000s,Liderazgo,Bancas parlamentarias femeninas,SG.GEN.PARL.ZS,% de bancas,35.1,False
Costa Rica,CRI,Centroamérica y México,2003,2000s,Liderazgo,Bancas parlamentarias femeninas,SG.GEN.PARL.ZS,% de bancas,35.1,False
Costa Rica,CRI,Centroamérica y México,2004,2000s,Liderazgo,Bancas parlamentarias femeninas,SG.GEN.PARL.ZS,% de bancas,35.1,False
Costa Rica,CRI,Centroamérica y México,2005,2000s,Liderazgo,Bancas parlamentarias femeninas,SG.GEN.PARL.ZS,% de bancas,35.1,False
Costa Rica,CRI,Centroamérica y México,2006,2000s,Liderazgo,Bancas parlamentarias femeninas,SG.GEN.PARL.ZS,% de bancas,38.6,False
Costa Rica,CRI,Centroamérica y México,2007,2000s,Liderazgo,Bancas parlamentarias femeninas,SG.GEN.PARL.ZS,% de bancas,36.8,False
Costa Rica,CRI,Centroamérica y México,2008,2000s,Liderazgo,Bancas parlamentarias femeninas,SG.GEN.PARL.ZS,% de bancas,36.8,False
Costa Rica,CRI,Centroamérica y México,2009,2000s,Liderazgo,Bancas parlamentarias femeninas,SG.GEN.PARL.ZS,% de bancas,36.8,False
Costa Rica,CRI,Centroamérica y México,2010,2010s,Liderazgo,Bancas parlamentarias femeninas,SG.GEN.PARL.ZS,% de bancas,38.6,False
Costa Rica,CRI,Centroamérica y México,2011,2010s,Liderazgo,Bancas parlamentarias femeninas,SG.GEN.PARL.ZS,% de bancas,38.6,False
Costa Rica,CRI,Centroamérica y México,2012,2010s,Liderazgo,Bancas parlamentarias femeninas,SG.GEN.PARL.ZS,% de bancas,38.6,False
Costa Rica,CRI,Centroamérica y México,2013,2010s,Liderazgo,Bancas parlamentarias femeninas,SG.GEN.PARL.ZS,% de bancas,38.6,False
Costa Rica,CRI,Centroamérica y México,2014,2010s,Liderazgo,Bancas parlamentarias femeninas,SG.GEN.PARL.ZS,% de bancas,33.3,False
Costa Rica,CRI,Centroamérica y México,1991,1990s,Calidad del empleo,Desempleo femenino,SL.UEM.TOTL.FE.ZS,% de la PEA femenina,7.7,False
Costa Rica,CRI,Centroamérica y México,1992,1990s,Calidad del empleo,Desempleo femenino,SL.UEM.TOTL.FE.ZS,% de la PEA femenina,5.7,False
Costa Rica,CRI,Centroamérica y México,1993,1990s,Calidad del empleo,Desempleo femenino,SL.UEM.TOTL.FE.ZS,% de la PEA femenina,5.4,False
Costa Rica,CRI,Centroamérica y México,1994,1990s,Calidad del empleo,Desempleo femenino,SL.UEM.TOTL.FE.ZS,% de la PEA femenina,6.0,False
Costa Rica,CRI,Centroamérica y México,1995,1990s,Calidad del empleo,Desempleo femenino,SL.UEM.TOTL.FE.ZS,% de la PEA femenina,6.8,False
Costa Rica,CRI,Centroamérica y México,1996,1990s,Calidad del empleo,Desempleo femenino,SL.UEM.TOTL.FE.ZS,% de la PEA femenina,8.6,False
Costa Rica,CRI,Centroamérica y México,1997,1990s,Calidad del empleo,Desempleo femenino,SL.UEM.TOTL.FE.ZS,% de la PEA femenina,7.7,False
Costa Rica,CRI,Centroamérica y México,1998,1990s,Calidad del empleo,Desempleo femenino,SL.UEM.TOTL.FE.ZS,% de la PEA femenina,8.4,False
Costa Rica,CRI,Centroamérica y México,1999,1990s,Calidad del empleo,Desempleo femenino,SL.UEM.TOTL.FE.ZS,% de la PEA femenina,8.3,False
Costa Rica,CRI,Centroamérica y México,2000,2000s,Calidad del empleo,Desempleo femenino,SL.UEM.TOTL.FE.ZS,% de la PEA femenina,6.8,False
Costa Rica,CRI,Centroamérica y México,2001,2000s,Calidad del empleo,Desempleo femenino,SL.UEM.TOTL.FE.ZS,% de la PEA femenina,7.8,False
Costa Rica,CRI,Centroamérica y México,2002,2000s,Calidad del empleo,Desempleo femenino,SL.UEM.TOTL.FE.ZS,% de la PEA femenina,8.1,False
Costa Rica,CRI,Centroamérica y México,2003,2000s,Calidad del empleo,Desempleo femenino,SL.UEM.TOTL.FE.ZS,% de la PEA femenina,8.3,False
Costa Rica,CRI,Centroamérica y México,2004,2000s,Calidad del empleo,Desempleo femenino,SL.UEM.TOTL.FE.ZS,% de la PEA femenina,8.6,False
Costa Rica,CRI,Centroamérica y México,2005,2000s,Calidad del empleo,Desempleo femenino,SL.UEM.TOTL.FE.ZS,% de la PEA femenina,9.7,False
Costa Rica,CRI,Centroamérica y México,2006,2000s,Calidad del empleo,Desempleo femenino,SL.UEM.TOTL.FE.ZS,% de la PEA femenina,8.9,False
Costa Rica,CRI,Centroamérica y México,2007,2000s,Calidad del empleo,Desempleo femenino,SL.UEM.TOTL.FE.ZS,% de la PEA femenina,7.1,False
Costa Rica,CRI,Centroamérica y México,2008,2000s,Calidad del empleo,Desempleo femenino,SL.UEM.TOTL.FE.ZS,% de la PEA femenina,6.4,False
Costa Rica,CRI,Centroamérica y México,2009,2000s,Calidad del empleo,Desempleo femenino,SL.UEM.TOTL.FE.ZS,% de la PEA femenina,10.3,False
Costa Rica,CRI,Centroamérica y México,2010,2010s,Calidad del empleo,Desempleo femenino,SL.UEM.TOTL.FE.ZS,% de la PEA femenina,9.7,False
Costa Rica,CRI,Centroamérica y México,2011,2010s,Calidad del empleo,Desempleo femenino,SL.UEM.TOTL.FE.ZS,% de la PEA femenina,10.6,False
Costa Rica,CRI,Centroamérica y México,2012,2010s,Calidad del empleo,Desempleo femenino,SL.UEM.TOTL.FE.ZS,% de la PEA femenina,10.5,False
Costa Rica,CRI,Centroamérica y México,2013,2010s,Calidad del empleo,Desempleo femenino,SL.UEM.TOTL.FE.ZS,% de la PEA femenina,11.1,False
Costa Rica,CRI,Centroamérica y México,2014,2010s,Calidad del empleo,Desempleo femenino,SL.UEM.TOTL.FE.ZS,% de la PEA femenina,11.0,False
Costa Rica,CRI,Centroamérica y México,1990,1990s,Calidad del empleo,Empleadoras,SL.EMP.MPYR.FE.ZS,% del empleo femenino,1.9,False
Costa Rica,CRI,Centroamérica y México,1991,1990s,Calidad del empleo,Empleadoras,SL.EMP.MPYR.FE.ZS,% del empleo femenino,2.1,False
Costa Rica,CRI,Centroamérica y México,1992,1990s,Calidad del empleo,Empleadoras,SL.EMP.MPYR.FE.ZS,% del empleo femenino,1.8,False
Costa Rica,CRI,Centroamérica y México,1993,1990s,Calidad del empleo,Empleadoras,SL.EMP.MPYR.FE.ZS,% del empleo femenino,2.3,False
Costa Rica,CRI,Centroamérica y México,1994,1990s,Calidad del empleo,Empleadoras,SL.EMP.MPYR.FE.ZS,% del empleo femenino,3.7,False
Costa Rica,CRI,Centroamérica y México,1995,1990s,Calidad del empleo,Empleadoras,SL.EMP.MPYR.FE.ZS,% del empleo femenino,3.2,False
Costa Rica,CRI,Centroamérica y México,1996,1990s,Calidad del empleo,Empleadoras,SL.EMP.MPYR.FE.ZS,% del empleo femenino,4.4,False
Costa Rica,CRI,Centroamérica y México,1997,1990s,Calidad del empleo,Empleadoras,SL.EMP.MPYR.FE.ZS,% del empleo femenino,3.6,False
Costa Rica,CRI,Centroamérica y México,1998,1990s,Calidad del empleo,Empleadoras,SL.EMP.MPYR.FE.ZS,% del empleo femenino,4.0,False
Costa Rica,CRI,Centroamérica y México,1999,1990s,Calidad del empleo,Empleadoras,SL.EMP.MPYR.FE.ZS,% del empleo femenino,4.4,False
Costa Rica,CRI,Centroamérica y México,2000,2000s,Calidad del empleo,Empleadoras,SL.EMP.MPYR.FE.ZS,% del empleo femenino,2.9,False
Costa Rica,CRI,Centroamérica y México,2001,2000s,Calidad del empleo,Empleadoras,SL.EMP.MPYR.FE.ZS,% del empleo femenino,4.9,True
Costa Rica,CRI,Centroamérica y México,2003,2000s,Calidad del empleo,Empleadoras,SL.EMP.MPYR.FE.ZS,% del empleo femenino,4.9,True
Costa Rica,CRI,Centroamérica y México,2004,2000s,Calidad del empleo,Empleadoras,SL.EMP.MPYR.FE.ZS,% del empleo femenino,4.4,False
Costa Rica,CRI,Centroamérica y México,2005,2000s,Calidad del empleo,Empleadoras,SL.EMP.MPYR.FE.ZS,% del empleo femenino,4.3,False
Costa Rica,CRI,Centroamérica y México,2006,2000s,Calidad del empleo,Empleadoras,SL.EMP.MPYR.FE.ZS,% del empleo femenino,4.7,True
Costa Rica,CRI,Centroamérica y México,2007,2000s,Calidad del empleo,Empleadoras,SL.EMP.MPYR.FE.ZS,% del empleo femenino,4.0,False
Costa Rica,CRI,Centroamérica y México,2008,2000s,Calidad del empleo,Empleadoras,SL.EMP.MPYR.FE.ZS,% del empleo femenino,4.3,False
Costa Rica,CRI,Centroamérica y México,2009,2000s,Calidad del empleo,Empleadoras,SL.EMP.MPYR.FE.ZS,% del empleo femenino,4.0,False
Costa Rica,CRI,Centroamérica y México,2010,2010s,Calidad del empleo,Empleadoras,SL.EMP.MPYR.FE.ZS,% del empleo femenino,1.8,False
Costa Rica,CRI,Centroamérica y México,2011,2010s,Calidad del empleo,Empleadoras,SL.EMP.MPYR.FE.ZS,% del empleo femenino,2.2,False
Costa Rica,CRI,Centroamérica y México,2012,2010s,Calidad del empleo,Empleadoras,SL.EMP.MPYR.FE.ZS,% del empleo femenino,2.0,False
Costa Rica,CRI,Centroamérica y México,2013,2010s,Calidad del empleo,Empleadoras,SL.EMP.MPYR.FE.ZS,% del empleo femenino,2.2,False
Costa Rica,CRI,Centroamérica y México,1990,1990s,Estructura sectorial,Empleo femenino en agricultura,SL.AGR.EMPL.FE.ZS,% del empleo femenino,6.4,False
Costa Rica,CRI,Centroamérica y México,1991,1990s,Estructura sectorial,Empleo femenino en agricultura,SL.AGR.EMPL.FE.ZS,% del empleo femenino,6.7,False
Costa Rica,CRI,Centroamérica y México,1992,1990s,Estructura sectorial,Empleo femenino en agricultura,SL.AGR.EMPL.FE.ZS,% del empleo femenino,5.4,False
Costa Rica,CRI,Centroamérica y México,1993,1990s,Estructura sectorial,Empleo femenino en agricultura,SL.AGR.EMPL.FE.ZS,% del empleo femenino,6.1,False
Costa Rica,CRI,Centroamérica y México,1994,1990s,Estructura sectorial,Empleo femenino en agricultura,SL.AGR.EMPL.FE.ZS,% del empleo femenino,5.1,False
Costa Rica,CRI,Centroamérica y México,1995,1990s,Estructura sectorial,Empleo femenino en agricultura,SL.AGR.EMPL.FE.ZS,% del empleo femenino,6.2,False
Costa Rica,CRI,Centroamérica y México,1996,1990s,Estructura sectorial,Empleo femenino en agricultura,SL.AGR.EMPL.FE.ZS,% del empleo femenino,5.7,False
Costa Rica,CRI,Centroamérica y México,1997,1990s,Estructura sectorial,Empleo femenino en agricultura,SL.AGR.EMPL.FE.ZS,% del empleo femenino,5.9,False
Costa Rica,CRI,Centroamérica y México,1998,1990s,Estructura sectorial,Empleo femenino en agricultura,SL.AGR.EMPL.FE.ZS,% del empleo femenino,5.5,False
Costa Rica,CRI,Centroamérica y México,1999,1990s,Estructura sectorial,Empleo femenino en agricultura,SL.AGR.EMPL.FE.ZS,% del empleo femenino,4.7,False
Costa Rica,CRI,Centroamérica y México,2000,2000s,Estructura sectorial,Empleo femenino en agricultura,SL.AGR.EMPL.FE.ZS,% del empleo femenino,5.4,False
Costa Rica,CRI,Centroamérica y México,2001,2000s,Estructura sectorial,Empleo femenino en agricultura,SL.AGR.EMPL.FE.ZS,% del empleo femenino,3.8,False
Costa Rica,CRI,Centroamérica y México,2002,2000s,Estructura sectorial,Empleo femenino en agricultura,SL.AGR.EMPL.FE.ZS,% del empleo femenino,4.1,False
Costa Rica,CRI,Centroamérica y México,2003,2000s,Estructura sectorial,Empleo femenino en agricultura,SL.AGR.EMPL.FE.ZS,% del empleo femenino,4.1,False
Costa Rica,CRI,Centroamérica y México,2004,2000s,Estructura sectorial,Empleo femenino en agricultura,SL.AGR.EMPL.FE.ZS,% del empleo femenino,4.0,False
Costa Rica,CRI,Centroamérica y México,2005,2000s,Estructura sectorial,Empleo femenino en agricultura,SL.AGR.EMPL.FE.ZS,% del empleo femenino,4.8,False
Costa Rica,CRI,Centroamérica y México,2006,2000s,Estructura sectorial,Empleo femenino en agricultura,SL.AGR.EMPL.FE.ZS,% del empleo femenino,4.4,False
Costa Rica,CRI,Centroamérica y México,2007,2000s,Estructura sectorial,Empleo femenino en agricultura,SL.AGR.EMPL.FE.ZS,% del empleo femenino,5.1,False
Costa Rica,CRI,Centroamérica y México,2008,2000s,Estructura sectorial,Empleo femenino en agricultura,SL.AGR.EMPL.FE.ZS,% del empleo femenino,4.2,False
Costa Rica,CRI,Centroamérica y México,2009,2000s,Estructura sectorial,Empleo femenino en agricultura,SL.AGR.EMPL.FE.ZS,% del empleo femenino,3.4,False
Costa Rica,CRI,Centroamérica y México,2010,2010s,Estructura sectorial,Empleo femenino en agricultura,SL.AGR.EMPL.FE.ZS,% del empleo femenino,4.8,False
Costa Rica,CRI,Centroamérica y México,2011,2010s,Estructura sectorial,Empleo femenino en agricultura,SL.AGR.EMPL.FE.ZS,% del empleo femenino,4.3,False
Costa Rica,CRI,Centroamérica y México,2012,2010s,Estructura sectorial,Empleo femenino en agricultura,SL.AGR.EMPL.FE.ZS,% del empleo femenino,3.9,False
Costa Rica,CRI,Centroamérica y México,2013,2010s,Estructura sectorial,Empleo femenino en agricultura,SL.AGR.EMPL.FE.ZS,% del empleo femenino,3.4,False
Costa Rica,CRI,Centroamérica y México,1990,1990s,Estructura sectorial,Empleo femenino en servicios,SL.SRV.EMPL.FE.ZS,% del empleo femenino,68.7,False
Costa Rica,CRI,Centroamérica y México,1991,1990s,Estructura sectorial,Empleo femenino en servicios,SL.SRV.EMPL.FE.ZS,% del empleo femenino,66.5,False
Costa Rica,CRI,Centroamérica y México,1992,1990s,Estructura sectorial,Empleo femenino en servicios,SL.SRV.EMPL.FE.ZS,% del empleo femenino,69.1,False
Costa Rica,CRI,Centroamérica y México,1993,1990s,Estructura sectorial,Empleo femenino en servicios,SL.SRV.EMPL.FE.ZS,% del empleo femenino,70.1,False
Costa Rica,CRI,Centroamérica y México,1994,1990s,Estructura sectorial,Empleo femenino en servicios,SL.SRV.EMPL.FE.ZS,% del empleo femenino,71.6,False
Costa Rica,CRI,Centroamérica y México,1995,1990s,Estructura sectorial,Empleo femenino en servicios,SL.SRV.EMPL.FE.ZS,% del empleo femenino,72.2,False
Costa Rica,CRI,Centroamérica y México,1996,1990s,Estructura sectorial,Empleo femenino en servicios,SL.SRV.EMPL.FE.ZS,% del empleo femenino,75.1,False
Costa Rica,CRI,Centroamérica y México,1997,1990s,Estructura sectorial,Empleo femenino en servicios,SL.SRV.EMPL.FE.ZS,% del empleo femenino,76.1,False
Costa Rica,CRI,Centroamérica y México,1998,1990s,Estructura sectorial,Empleo femenino en servicios,SL.SRV.EMPL.FE.ZS,% del empleo femenino,75.9,False
Costa Rica,CRI,Centroamérica y México,1999,1990s,Estructura sectorial,Empleo femenino en servicios,SL.SRV.EMPL.FE.ZS,% del empleo femenino,77.4,False
Costa Rica,CRI,Centroamérica y México,2000,2000s,Estructura sectorial,Empleo femenino en servicios,SL.SRV.EMPL.FE.ZS,% del empleo femenino,77.4,False
Costa Rica,CRI,Centroamérica y México,2001,2000s,Estructura sectorial,Empleo femenino en servicios,SL.SRV.EMPL.FE.ZS,% del empleo femenino,78.6,False
Costa Rica,CRI,Centroamérica y México,2002,2000s,Estructura sectorial,Empleo femenino en servicios,SL.SRV.EMPL.FE.ZS,% del empleo femenino,80.6,False
Costa Rica,CRI,Centroamérica y México,2003,2000s,Estructura sectorial,Empleo femenino en servicios,SL.SRV.EMPL.FE.ZS,% del empleo femenino,81.1,False
Costa Rica,CRI,Centroamérica y México,2004,2000s,Estructura sectorial,Empleo femenino en servicios,SL.SRV.EMPL.FE.ZS,% del empleo femenino,82.7,False
Costa Rica,CRI,Centroamérica y México,2005,2000s,Estructura sectorial,Empleo femenino en servicios,SL.SRV.EMPL.FE.ZS,% del empleo femenino,82.5,False
Costa Rica,CRI,Centroamérica y México,2006,2000s,Estructura sectorial,Empleo femenino en servicios,SL.SRV.EMPL.FE.ZS,% del empleo femenino,82.5,False
Costa Rica,CRI,Centroamérica y México,2007,2000s,Estructura sectorial,Empleo femenino en servicios,SL.SRV.EMPL.FE.ZS,% del empleo femenino,81.6,False
Costa Rica,CRI,Centroamérica y México,2008,2000s,Estructura sectorial,Empleo femenino en servicios,SL.SRV.EMPL.FE.ZS,% del empleo femenino,82.5,False
Costa Rica,CRI,Centroamérica y México,2009,2000s,Estructura sectorial,Empleo femenino en servicios,SL.SRV.EMPL.FE.ZS,% del empleo femenino,84.0,False
Costa Rica,CRI,Centroamérica y México,2010,2010s,Estructura sectorial,Empleo femenino en servicios,SL.SRV.EMPL.FE.ZS,% del empleo femenino,83.1,False
Costa Rica,CRI,Centroamérica y México,2011,2010s,Estructura sectorial,Empleo femenino en servicios,SL.SRV.EMPL.FE.ZS,% del empleo femenino,84.2,False
Costa Rica,CRI,Centroamérica y México,2012,2010s,Estructura sectorial,Empleo femenino en servicios,SL.SRV.EMPL.FE.ZS,% del empleo femenino,84.6,False
Costa Rica,CRI,Centroamérica y México,2013,2010s,Estructura sectorial,Empleo femenino en servicios,SL.SRV.EMPL.FE.ZS,% del empleo femenino,85.1,False
Costa Rica,CRI,Centroamérica y México,1990,1990s,Calidad del empleo,Empleo vulnerable femenino,SL.EMP.VULN.FE.ZS,% del empleo femenino,20.5,False
Costa Rica,CRI,Centroamérica y México,1991,1990s,Calidad del empleo,Empleo vulnerable femenino,SL.EMP.VULN.FE.ZS,% del empleo femenino,23.0,False
Costa Rica,CRI,Centroamérica y México,1992,1990s,Calidad del empleo,Empleo vulnerable femenino,SL.EMP.VULN.FE.ZS,% del empleo femenino,19.7,False
Costa Rica,CRI,Centroamérica y México,1993,1990s,Calidad del empleo,Empleo vulnerable femenino,SL.EMP.VULN.FE.ZS,% del empleo femenino,21.6,False
Costa Rica,CRI,Centroamérica y México,1994,1990s,Calidad del empleo,Empleo vulnerable femenino,SL.EMP.VULN.FE.ZS,% del empleo femenino,20.1,False
Costa Rica,CRI,Centroamérica y México,1995,1990s,Calidad del empleo,Empleo vulnerable femenino,SL.EMP.VULN.FE.ZS,% del empleo femenino,21.1,False
Costa Rica,CRI,Centroamérica y México,1996,1990s,Calidad del empleo,Empleo vulnerable femenino,SL.EMP.VULN.FE.ZS,% del empleo femenino,17.9,False
Costa Rica,CRI,Centroamérica y México,1997,1990s,Calidad del empleo,Empleo vulnerable femenino,SL.EMP.VULN.FE.ZS,% del empleo femenino,22.1,False
Costa Rica,CRI,Centroamérica y México,1998,1990s,Calidad del empleo,Empleo vulnerable femenino,SL.EMP.VULN.FE.ZS,% del empleo femenino,20.2,False
Costa Rica,CRI,Centroamérica y México,1999,1990s,Calidad del empleo,Empleo vulnerable femenino,SL.EMP.VULN.FE.ZS,% del empleo femenino,20.9,False
Costa Rica,CRI,Centroamérica y México,2000,2000s,Calidad del empleo,Empleo vulnerable femenino,SL.EMP.VULN.FE.ZS,% del empleo femenino,20.5,False
Costa Rica,CRI,Centroamérica y México,2001,2000s,Calidad del empleo,Empleo vulnerable femenino,SL.EMP.VULN.FE.ZS,% del empleo femenino,23.8,False
Costa Rica,CRI,Centroamérica y México,2003,2000s,Calidad del empleo,Empleo vulnerable femenino,SL.EMP.VULN.FE.ZS,% del empleo femenino,24.0,False
Costa Rica,CRI,Centroamérica y México,2004,2000s,Calidad del empleo,Empleo vulnerable femenino,SL.EMP.VULN.FE.ZS,% del empleo femenino,25.0,False
Costa Rica,CRI,Centroamérica y México,2005,2000s,Calidad del empleo,Empleo vulnerable femenino,SL.EMP.VULN.FE.ZS,% del empleo femenino,22.6,False
Costa Rica,CRI,Centroamérica y México,2006,2000s,Calidad del empleo,Empleo vulnerable femenino,SL.EMP.VULN.FE.ZS,% del empleo femenino,21.6,False
Costa Rica,CRI,Centroamérica y México,2007,2000s,Calidad del empleo,Empleo vulnerable femenino,SL.EMP.VULN.FE.ZS,% del empleo femenino,19.9,False
Costa Rica,CRI,Centroamérica y México,2008,2000s,Calidad del empleo,Empleo vulnerable femenino,SL.EMP.VULN.FE.ZS,% del empleo femenino,20.3,False
Costa Rica,CRI,Centroamérica y México,2009,2000s,Calidad del empleo,Empleo vulnerable femenino,SL.EMP.VULN.FE.ZS,% del empleo femenino,21.2,False
Costa Rica,CRI,Centroamérica y México,2010,2010s,Calidad del empleo,Empleo vulnerable femenino,SL.EMP.VULN.FE.ZS,% del empleo femenino,18.6,False
Costa Rica,CRI,Centroamérica y México,2011,2010s,Calidad del empleo,Empleo vulnerable femenino,SL.EMP.VULN.FE.ZS,% del empleo femenino,18.9,False
Costa Rica,CRI,Centroamérica y México,2012,2010s,Calidad del empleo,Empleo vulnerable femenino,SL.EMP.VULN.FE.ZS,% del empleo femenino,18.3,False
Costa Rica,CRI,Centroamérica y México,2013,2010s,Calidad del empleo,Empleo vulnerable femenino,SL.EMP.VULN.FE.ZS,% del empleo femenino,19.4,False
Costa Rica,CRI,Centroamérica y México,2010,2010s,Liderazgo empresarial,Firmas con gerenta mujer,IC.FRM.FEMM.ZS,% de firmas,15.4,False
Costa Rica,CRI,Centroamérica y México,2005,2000s,Liderazgo empresarial,Firmas con propiedad femenina,IC.FRM.FEMO.ZS,% de firmas,65.3,True
Costa Rica,CRI,Centroamérica y México,2010,2010s,Liderazgo empresarial,Firmas con propiedad femenina,IC.FRM.FEMO.ZS,% de firmas,43.5,False
Costa Rica,CRI,Centroamérica y México,1997,1990s,Liderazgo,Mujeres en puestos directivos,SG.GEN.LSOM.ZS,% del total de directivos,28.54,False
Costa Rica,CRI,Centroamérica y México,1998,1990s,Liderazgo,Mujeres en puestos directivos,SG.GEN.LSOM.ZS,% del total de directivos,29.89,False
Costa Rica,CRI,Centroamérica y México,1999,1990s,Liderazgo,Mujeres en puestos directivos,SG.GEN.LSOM.ZS,% del total de directivos,29.9,False
Costa Rica,CRI,Centroamérica y México,2000,2000s,Liderazgo,Mujeres en puestos directivos,SG.GEN.LSOM.ZS,% del total de directivos,32.94,False
Costa Rica,CRI,Centroamérica y México,2001,2000s,Liderazgo,Mujeres en puestos directivos,SG.GEN.LSOM.ZS,% del total de directivos,25.36,False
Costa Rica,CRI,Centroamérica y México,2002,2000s,Liderazgo,Mujeres en puestos directivos,SG.GEN.LSOM.ZS,% del total de directivos,26.14,False
Costa Rica,CRI,Centroamérica y México,2003,2000s,Liderazgo,Mujeres en puestos directivos,SG.GEN.LSOM.ZS,% del total de directivos,29.08,False
Costa Rica,CRI,Centroamérica y México,2004,2000s,Liderazgo,Mujeres en puestos directivos,SG.GEN.LSOM.ZS,% del total de directivos,26.18,False
Costa Rica,CRI,Centroamérica y México,2005,2000s,Liderazgo,Mujeres en puestos directivos,SG.GEN.LSOM.ZS,% del total de directivos,24.88,False
Costa Rica,CRI,Centroamérica y México,2006,2000s,Liderazgo,Mujeres en puestos directivos,SG.GEN.LSOM.ZS,% del total de directivos,29.92,False
Costa Rica,CRI,Centroamérica y México,2007,2000s,Liderazgo,Mujeres en puestos directivos,SG.GEN.LSOM.ZS,% del total de directivos,26.99,False
Costa Rica,CRI,Centroamérica y México,2008,2000s,Liderazgo,Mujeres en puestos directivos,SG.GEN.LSOM.ZS,% del total de directivos,30.42,False
Costa Rica,CRI,Centroamérica y México,2010,2010s,Liderazgo,Mujeres en puestos directivos,SG.GEN.LSOM.ZS,% del total de directivos,29.69,False
Costa Rica,CRI,Centroamérica y México,2011,2010s,Liderazgo,Mujeres en puestos directivos,SG.GEN.LSOM.ZS,% del total de directivos,35.2,False
Costa Rica,CRI,Centroamérica y México,1990,1990s,Contexto,PBI per cápita,NY.GDP.PCAP.CD,USD corrientes,2391.3,False
Costa Rica,CRI,Centroamérica y México,1991,1990s,Contexto,PBI per cápita,NY.GDP.PCAP.CD,USD corrientes,2255.46,False
Costa Rica,CRI,Centroamérica y México,1992,1990s,Contexto,PBI per cápita,NY.GDP.PCAP.CD,USD corrientes,2631.99,False
Costa Rica,CRI,Centroamérica y México,1993,1990s,Contexto,PBI per cápita,NY.GDP.PCAP.CD,USD corrientes,2884.85,False
Costa Rica,CRI,Centroamérica y México,1994,1990s,Contexto,PBI per cápita,NY.GDP.PCAP.CD,USD corrientes,3081.87,False
Costa Rica,CRI,Centroamérica y México,1995,1990s,Contexto,PBI per cápita,NY.GDP.PCAP.CD,USD corrientes,3338.82,False
Costa Rica,CRI,Centroamérica y México,1996,1990s,Contexto,PBI per cápita,NY.GDP.PCAP.CD,USD corrientes,3292.77,False
Costa Rica,CRI,Centroamérica y México,1997,1990s,Contexto,PBI per cápita,NY.GDP.PCAP.CD,USD corrientes,3483.56,False
Costa Rica,CRI,Centroamérica y México,1998,1990s,Contexto,PBI per cápita,NY.GDP.PCAP.CD,USD corrientes,3743.13,False
Costa Rica,CRI,Centroamérica y México,1999,1990s,Contexto,PBI per cápita,NY.GDP.PCAP.CD,USD corrientes,4104.36,False
Costa Rica,CRI,Centroamérica y México,2000,2000s,Contexto,PBI per cápita,NY.GDP.PCAP.CD,USD corrientes,4062.32,False
Costa Rica,CRI,Centroamérica y México,2001,2000s,Contexto,PBI per cápita,NY.GDP.PCAP.CD,USD corrientes,4104.18,False
Costa Rica,CRI,Centroamérica y México,2002,2000s,Contexto,PBI per cápita,NY.GDP.PCAP.CD,USD corrientes,4145.59,False
Costa Rica,CRI,Centroamérica y México,2003,2000s,Contexto,PBI per cápita,NY.GDP.PCAP.CD,USD corrientes,4245.68,False
Costa Rica,CRI,Centroamérica y México,2004,2000s,Contexto,PBI per cápita,NY.GDP.PCAP.CD,USD corrientes,4441.41,False
Costa Rica,CRI,Centroamérica y México,2005,2000s,Contexto,PBI per cápita,NY.GDP.PCAP.CD,USD corrientes,4700.01,False
Costa Rica,CRI,Centroamérica y México,2006,2000s,Contexto,PBI per cápita,NY.GDP.PCAP.CD,USD corrientes,5228.03,False
Costa Rica,CRI,Centroamérica y México,2007,2000s,Contexto,PBI per cápita,NY.GDP.PCAP.CD,USD corrientes,6024.08,False
Costa Rica,CRI,Centroamérica y México,2008,2000s,Contexto,PBI per cápita,NY.GDP.PCAP.CD,USD corrientes,6736.17,False
Costa Rica,CRI,Centroamérica y México,2009,2000s,Contexto,PBI per cápita,NY.GDP.PCAP.CD,USD corrientes,6546.57,False
Costa Rica,CRI,Centroamérica y México,2010,2010s,Contexto,PBI per cápita,NY.GDP.PCAP.CD,USD corrientes,7985.95,False
Costa Rica,CRI,Centroamérica y México,2011,2010s,Contexto,PBI per cápita,NY.GDP.PCAP.CD,USD corrientes,8963.68,False
Costa Rica,CRI,Centroamérica y México,2012,2010s,Contexto,PBI per cápita,NY.GDP.PCAP.CD,USD corrientes,9733.4,False
Costa Rica,CRI,Centroamérica y México,2013,2010s,Contexto,PBI per cápita,NY.GDP.PCAP.CD,USD corrientes,10461.58,False
Costa Rica,CRI,Centroamérica y México,2014,2010s,Contexto,PBI per cápita,NY.GDP.PCAP.CD,USD corrientes,10415.46,False
Costa Rica,CRI,Centroamérica y México,1990,1990s,Participación,Participación laboral femenina,SL.TLF.CACT.FE.ZS,% de mujeres 15+,32.9,False
Costa Rica,CRI,Centroamérica y México,1991,1990s,Participación,Participación laboral femenina,SL.TLF.CACT.FE.ZS,% de mujeres 15+,33.5,False
Costa Rica,CRI,Centroamérica y México,1992,1990s,Participación,Participación laboral femenina,SL.TLF.CACT.FE.ZS,% de mujeres 15+,33.0,False
Costa Rica,CRI,Centroamérica y México,1993,1990s,Participación,Participación laboral femenina,SL.TLF.CACT.FE.ZS,% de mujeres 15+,33.9,False
Costa Rica,CRI,Centroamérica y México,1994,1990s,Participación,Participación laboral femenina,SL.TLF.CACT.FE.ZS,% de mujeres 15+,34.8,False
Costa Rica,CRI,Centroamérica y México,1995,1990s,Participación,Participación laboral femenina,SL.TLF.CACT.FE.ZS,% de mujeres 15+,35.8,False
Costa Rica,CRI,Centroamérica y México,1996,1990s,Participación,Participación laboral femenina,SL.TLF.CACT.FE.ZS,% de mujeres 15+,34.0,False
Costa Rica,CRI,Centroamérica y México,1997,1990s,Participación,Participación laboral femenina,SL.TLF.CACT.FE.ZS,% de mujeres 15+,37.2,False
Costa Rica,CRI,Centroamérica y México,1998,1990s,Participación,Participación laboral femenina,SL.TLF.CACT.FE.ZS,% de mujeres 15+,39.4,False
Costa Rica,CRI,Centroamérica y México,1999,1990s,Participación,Participación laboral femenina,SL.TLF.CACT.FE.ZS,% de mujeres 15+,39.0,False
Costa Rica,CRI,Centroamérica y México,2000,2000s,Participación,Participación laboral femenina,SL.TLF.CACT.FE.ZS,% de mujeres 15+,37.1,False
Costa Rica,CRI,Centroamérica y México,2001,2000s,Participación,Participación laboral femenina,SL.TLF.CACT.FE.ZS,% de mujeres 15+,42.2,False
Costa Rica,CRI,Centroamérica y México,2002,2000s,Participación,Participación laboral femenina,SL.TLF.CACT.FE.ZS,% de mujeres 15+,42.0,False
Costa Rica,CRI,Centroamérica y México,2003,2000s,Participación,Participación laboral femenina,SL.TLF.CACT.FE.ZS,% de mujeres 15+,41.8,False
Costa Rica,CRI,Centroamérica y México,2004,2000s,Participación,Participación laboral femenina,SL.TLF.CACT.FE.ZS,% de mujeres 15+,40.3,False
Costa Rica,CRI,Centroamérica y México,2005,2000s,Participación,Participación laboral femenina,SL.TLF.CACT.FE.ZS,% de mujeres 15+,44.0,False
Costa Rica,CRI,Centroamérica y México,2006,2000s,Participación,Participación laboral femenina,SL.TLF.CACT.FE.ZS,% de mujeres 15+,44.0,False
Costa Rica,CRI,Centroamérica y México,2007,2000s,Participación,Participación laboral femenina,SL.TLF.CACT.FE.ZS,% de mujeres 15+,45.1,False
Costa Rica,CRI,Centroamérica y México,2008,2000s,Participación,Participación laboral femenina,SL.TLF.CACT.FE.ZS,% de mujeres 15+,45.0,False
Costa Rica,CRI,Centroamérica y México,2009,2000s,Participación,Participación laboral femenina,SL.TLF.CACT.FE.ZS,% de mujeres 15+,45.5,False
Costa Rica,CRI,Centroamérica y México,2010,2010s,Participación,Participación laboral femenina,SL.TLF.CACT.FE.ZS,% de mujeres 15+,46.1,False
Costa Rica,CRI,Centroamérica y México,2011,2010s,Participación,Participación laboral femenina,SL.TLF.CACT.FE.ZS,% de mujeres 15+,46.3,False
Costa Rica,CRI,Centroamérica y México,2012,2010s,Participación,Participación laboral femenina,SL.TLF.CACT.FE.ZS,% de mujeres 15+,46.4,False
Costa Rica,CRI,Centroamérica y México,2013,2010s,Participación,Participación laboral femenina,SL.TLF.CACT.FE.ZS,% de mujeres 15+,46.6,False
Costa Rica,CRI,Centroamérica y México,2014,2010s,Participación,Participación laboral femenina,SL.TLF.CACT.FE.ZS,% de mujeres 15+,46.7,False
Costa Rica,CRI,Centroamérica y México,1990,1990s,Participación,Participación laboral masculina,SL.TLF.CACT.MA.ZS,% de varones 15+,84.0,False
Costa Rica,CRI,Centroamérica y México,1991,1990s,Participación,Participación laboral masculina,SL.TLF.CACT.MA.ZS,% de varones 15+,82.7,False
Costa Rica,CRI,Centroamérica y México,1992,1990s,Participación,Participación laboral masculina,SL.TLF.CACT.MA.ZS,% de varones 15+,82.1,False
Costa Rica,CRI,Centroamérica y México,1993,1990s,Participación,Participación laboral masculina,SL.TLF.CACT.MA.ZS,% de varones 15+,82.7,False
Costa Rica,CRI,Centroamérica y México,1994,1990s,Participación,Participación laboral masculina,SL.TLF.CACT.MA.ZS,% de varones 15+,82.5,False
Costa Rica,CRI,Centroamérica y México,1995,1990s,Participación,Participación laboral masculina,SL.TLF.CACT.MA.ZS,% de varones 15+,83.4,False
Costa Rica,CRI,Centroamérica y México,1996,1990s,Participación,Participación laboral masculina,SL.TLF.CACT.MA.ZS,% de varones 15+,81.5,False
Costa Rica,CRI,Centroamérica y México,1997,1990s,Participación,Participación laboral masculina,SL.TLF.CACT.MA.ZS,% de varones 15+,82.7,False
Costa Rica,CRI,Centroamérica y México,1998,1990s,Participación,Participación laboral masculina,SL.TLF.CACT.MA.ZS,% de varones 15+,83.4,False
Costa Rica,CRI,Centroamérica y México,1999,1990s,Participación,Participación laboral masculina,SL.TLF.CACT.MA.ZS,% de varones 15+,82.6,False
Costa Rica,CRI,Centroamérica y México,2000,2000s,Participación,Participación laboral masculina,SL.TLF.CACT.MA.ZS,% de varones 15+,81.5,False
Costa Rica,CRI,Centroamérica y México,2001,2000s,Participación,Participación laboral masculina,SL.TLF.CACT.MA.ZS,% de varones 15+,81.5,False
Costa Rica,CRI,Centroamérica y México,2002,2000s,Participación,Participación laboral masculina,SL.TLF.CACT.MA.ZS,% de varones 15+,81.2,False
Costa Rica,CRI,Centroamérica y México,2003,2000s,Participación,Participación laboral masculina,SL.TLF.CACT.MA.ZS,% de varones 15+,80.8,False
Costa Rica,CRI,Centroamérica y México,2004,2000s,Participación,Participación laboral masculina,SL.TLF.CACT.MA.ZS,% de varones 15+,80.1,False
Costa Rica,CRI,Centroamérica y México,2005,2000s,Participación,Participación laboral masculina,SL.TLF.CACT.MA.ZS,% de varones 15+,80.5,False
Costa Rica,CRI,Centroamérica y México,2006,2000s,Participación,Participación laboral masculina,SL.TLF.CACT.MA.ZS,% de varones 15+,80.3,False
Costa Rica,CRI,Centroamérica y México,2007,2000s,Participación,Participación laboral masculina,SL.TLF.CACT.MA.ZS,% de varones 15+,81.0,False
Costa Rica,CRI,Centroamérica y México,2008,2000s,Participación,Participación laboral masculina,SL.TLF.CACT.MA.ZS,% de varones 15+,80.0,False
Costa Rica,CRI,Centroamérica y México,2009,2000s,Participación,Participación laboral masculina,SL.TLF.CACT.MA.ZS,% de varones 15+,78.9,False
Costa Rica,CRI,Centroamérica y México,2010,2010s,Participación,Participación laboral masculina,SL.TLF.CACT.MA.ZS,% de varones 15+,78.9,False
Costa Rica,CRI,Centroamérica y México,2011,2010s,Participación,Participación laboral masculina,SL.TLF.CACT.MA.ZS,% de varones 15+,79.0,False
Costa Rica,CRI,Centroamérica y México,2012,2010s,Participación,Participación laboral masculina,SL.TLF.CACT.MA.ZS,% de varones 15+,79.0,False
Costa Rica,CRI,Centroamérica y México,2013,2010s,Participación,Participación laboral masculina,SL.TLF.CACT.MA.ZS,% de varones 15+,79.0,False
Costa Rica,CRI,Centroamérica y México,2014,2010s,Participación,Participación laboral masculina,SL.TLF.CACT.MA.ZS,% de varones 15+,79.0,False
Costa Rica,CRI,Centroamérica y México,1990,1990s,Participación,Ratio participación mujer/varón,SL.TLF.CACT.FM.ZS,% (mujer/varón),39.17,False
Costa Rica,CRI,Centroamérica y México,1991,1990s,Participación,Ratio participación mujer/varón,SL.TLF.CACT.FM.ZS,% (mujer/varón),40.51,False
Costa Rica,CRI,Centroamérica y México,1992,1990s,Participación,Ratio participación mujer/varón,SL.TLF.CACT.FM.ZS,% (mujer/varón),40.19,False
Costa Rica,CRI,Centroamérica y México,1993,1990s,Participación,Ratio participación mujer/varón,SL.TLF.CACT.FM.ZS,% (mujer/varón),40.99,False
Costa Rica,CRI,Centroamérica y México,1994,1990s,Participación,Ratio participación mujer/varón,SL.TLF.CACT.FM.ZS,% (mujer/varón),42.18,False
Costa Rica,CRI,Centroamérica y México,1995,1990s,Participación,Ratio participación mujer/varón,SL.TLF.CACT.FM.ZS,% (mujer/varón),42.93,False
Costa Rica,CRI,Centroamérica y México,1996,1990s,Participación,Ratio participación mujer/varón,SL.TLF.CACT.FM.ZS,% (mujer/varón),41.72,False
Costa Rica,CRI,Centroamérica y México,1997,1990s,Participación,Ratio participación mujer/varón,SL.TLF.CACT.FM.ZS,% (mujer/varón),44.98,False
Costa Rica,CRI,Centroamérica y México,1998,1990s,Participación,Ratio participación mujer/varón,SL.TLF.CACT.FM.ZS,% (mujer/varón),47.24,False
Costa Rica,CRI,Centroamérica y México,1999,1990s,Participación,Ratio participación mujer/varón,SL.TLF.CACT.FM.ZS,% (mujer/varón),47.22,False
Costa Rica,CRI,Centroamérica y México,2000,2000s,Participación,Ratio participación mujer/varón,SL.TLF.CACT.FM.ZS,% (mujer/varón),45.52,False
Costa Rica,CRI,Centroamérica y México,2001,2000s,Participación,Ratio participación mujer/varón,SL.TLF.CACT.FM.ZS,% (mujer/varón),51.78,False
Costa Rica,CRI,Centroamérica y México,2002,2000s,Participación,Ratio participación mujer/varón,SL.TLF.CACT.FM.ZS,% (mujer/varón),51.72,False
Costa Rica,CRI,Centroamérica y México,2003,2000s,Participación,Ratio participación mujer/varón,SL.TLF.CACT.FM.ZS,% (mujer/varón),51.73,False
Costa Rica,CRI,Centroamérica y México,2004,2000s,Participación,Ratio participación mujer/varón,SL.TLF.CACT.FM.ZS,% (mujer/varón),50.31,False
Costa Rica,CRI,Centroamérica y México,2005,2000s,Participación,Ratio participación mujer/varón,SL.TLF.CACT.FM.ZS,% (mujer/varón),54.66,False
Costa Rica,CRI,Centroamérica y México,2006,2000s,Participación,Ratio participación mujer/varón,SL.TLF.CACT.FM.ZS,% (mujer/varón),54.79,False
Costa Rica,CRI,Centroamérica y México,2007,2000s,Participación,Ratio participación mujer/varón,SL.TLF.CACT.FM.ZS,% (mujer/varón),55.68,False
Costa Rica,CRI,Centroamérica y México,2008,2000s,Participación,Ratio participación mujer/varón,SL.TLF.CACT.FM.ZS,% (mujer/varón),56.25,False
Costa Rica,CRI,Centroamérica y México,2009,2000s,Participación,Ratio participación mujer/varón,SL.TLF.CACT.FM.ZS,% (mujer/varón),57.67,False
Costa Rica,CRI,Centroamérica y México,2010,2010s,Participación,Ratio participación mujer/varón,SL.TLF.CACT.FM.ZS,% (mujer/varón),58.43,False
Costa Rica,CRI,Centroamérica y México,2011,2010s,Participación,Ratio participación mujer/varón,SL.TLF.CACT.FM.ZS,% (mujer/varón),58.61,False
Costa Rica,CRI,Centroamérica y México,2012,2010s,Participación,Ratio participación mujer/varón,SL.TLF.CACT.FM.ZS,% (mujer/varón),58.73,False
Costa Rica,CRI,Centroamérica y México,2013,2010s,Participación,Ratio participación mujer/varón,SL.TLF.CACT.FM.ZS,% (mujer/varón),58.99,False
Costa Rica,CRI,Centroamérica y México,2014,2010s,Participación,Ratio participación mujer/varón,SL.TLF.CACT.FM.ZS,% (mujer/varón),59.11,False
Cuba,CUB,Caribe,1995,1990s,Calidad del empleo,Asalariadas,SL.EMP.WORK.FE.ZS,% del empleo femenino,91.9,False
Cuba,CUB,Caribe,1996,1990s,Calidad del empleo,Asalariadas,SL.EMP.WORK.FE.ZS,% del empleo femenino,92.5,False
Cuba,CUB,Caribe,1997,1990s,Calidad del empleo,Asalariadas,SL.EMP.WORK.FE.ZS,% del empleo femenino,92.2,False
Cuba,CUB,Caribe,1998,1990s,Calidad del empleo,Asalariadas,SL.EMP.WORK.FE.ZS,% del empleo femenino,91.9,False
Cuba,CUB,Caribe,1999,1990s,Calidad del empleo,Asalariadas,SL.EMP.WORK.FE.ZS,% del empleo femenino,91.3,False
Cuba,CUB,Caribe,2000,2000s,Calidad del empleo,Asalariadas,SL.EMP.WORK.FE.ZS,% del empleo femenino,91.5,False
Cuba,CUB,Caribe,2001,2000s,Calidad del empleo,Asalariadas,SL.EMP.WORK.FE.ZS,% del empleo femenino,91.4,False
Cuba,CUB,Caribe,2002,2000s,Calidad del empleo,Asalariadas,SL.EMP.WORK.FE.ZS,% del empleo femenino,91.7,False
Cuba,CUB,Caribe,2003,2000s,Calidad del empleo,Asalariadas,SL.EMP.WORK.FE.ZS,% del empleo femenino,91.3,False
Cuba,CUB,Caribe,2004,2000s,Calidad del empleo,Asalariadas,SL.EMP.WORK.FE.ZS,% del empleo femenino,91.6,False
Cuba,CUB,Caribe,2005,2000s,Calidad del empleo,Asalariadas,SL.EMP.WORK.FE.ZS,% del empleo femenino,91.8,False
Cuba,CUB,Caribe,2006,2000s,Calidad del empleo,Asalariadas,SL.EMP.WORK.FE.ZS,% del empleo femenino,92.0,False
Cuba,CUB,Caribe,2007,2000s,Calidad del empleo,Asalariadas,SL.EMP.WORK.FE.ZS,% del empleo femenino,93.5,False
Cuba,CUB,Caribe,2008,2000s,Calidad del empleo,Asalariadas,SL.EMP.WORK.FE.ZS,% del empleo femenino,93.4,False
Cuba,CUB,Caribe,2009,2000s,Calidad del empleo,Asalariadas,SL.EMP.WORK.FE.ZS,% del empleo femenino,93.9,False
Cuba,CUB,Caribe,2010,2010s,Calidad del empleo,Asalariadas,SL.EMP.WORK.FE.ZS,% del empleo femenino,94.0,False
Cuba,CUB,Caribe,2011,2010s,Calidad del empleo,Asalariadas,SL.EMP.WORK.FE.ZS,% del empleo femenino,89.0,False
Cuba,CUB,Caribe,1990,1990s,Liderazgo,Bancas parlamentarias femeninas,SG.GEN.PARL.ZS,% de bancas,33.9,False
Cuba,CUB,Caribe,1997,1990s,Liderazgo,Bancas parlamentarias femeninas,SG.GEN.PARL.ZS,% de bancas,22.8,False
Cuba,CUB,Caribe,1998,1990s,Liderazgo,Bancas parlamentarias femeninas,SG.GEN.PARL.ZS,% de bancas,27.6,False
Cuba,CUB,Caribe,1999,1990s,Liderazgo,Bancas parlamentarias femeninas,SG.GEN.PARL.ZS,% de bancas,27.6,False
Cuba,CUB,Caribe,2000,2000s,Liderazgo,Bancas parlamentarias femeninas,SG.GEN.PARL.ZS,% de bancas,27.6,False
Cuba,CUB,Caribe,2001,2000s,Liderazgo,Bancas parlamentarias femeninas,SG.GEN.PARL.ZS,% de bancas,27.6,False
Cuba,CUB,Caribe,2002,2000s,Liderazgo,Bancas parlamentarias femeninas,SG.GEN.PARL.ZS,% de bancas,27.6,False
Cuba,CUB,Caribe,2003,2000s,Liderazgo,Bancas parlamentarias femeninas,SG.GEN.PARL.ZS,% de bancas,36.0,False
Cuba,CUB,Caribe,2004,2000s,Liderazgo,Bancas parlamentarias femeninas,SG.GEN.PARL.ZS,% de bancas,36.0,False
Cuba,CUB,Caribe,2005,2000s,Liderazgo,Bancas parlamentarias femeninas,SG.GEN.PARL.ZS,% de bancas,36.0,False
Cuba,CUB,Caribe,2006,2000s,Liderazgo,Bancas parlamentarias femeninas,SG.GEN.PARL.ZS,% de bancas,36.0,False
Cuba,CUB,Caribe,2007,2000s,Liderazgo,Bancas parlamentarias femeninas,SG.GEN.PARL.ZS,% de bancas,36.0,False
Cuba,CUB,Caribe,2008,2000s,Liderazgo,Bancas parlamentarias femeninas,SG.GEN.PARL.ZS,% de bancas,43.2,True
Cuba,CUB,Caribe,2009,2000s,Liderazgo,Bancas parlamentarias femeninas,SG.GEN.PARL.ZS,% de bancas,43.2,True
Cuba,CUB,Caribe,2010,2010s,Liderazgo,Bancas parlamentarias femeninas,SG.GEN.PARL.ZS,% de bancas,43.2,True
Cuba,CUB,Caribe,2011,2010s,Liderazgo,Bancas parlamentarias femeninas,SG.GEN.PARL.ZS,% de bancas,45.2,True
Cuba,CUB,Caribe,2012,2010s,Liderazgo,Bancas parlamentarias femeninas,SG.GEN.PARL.ZS,% de bancas,45.2,True
Cuba,CUB,Caribe,2013,2010s,Liderazgo,Bancas parlamentarias femeninas,SG.GEN.PARL.ZS,% de bancas,48.9,True
Cuba,CUB,Caribe,2014,2010s,Liderazgo,Bancas parlamentarias femeninas,SG.GEN.PARL.ZS,% de bancas,48.9,True
Cuba,CUB,Caribe,1991,1990s,Calidad del empleo,Desempleo femenino,SL.UEM.TOTL.FE.ZS,% de la PEA femenina,2.7,False
Cuba,CUB,Caribe,1992,1990s,Calidad del empleo,Desempleo femenino,SL.UEM.TOTL.FE.ZS,% de la PEA femenina,7.1,False
Cuba,CUB,Caribe,1993,1990s,Calidad del empleo,Desempleo femenino,SL.UEM.TOTL.FE.ZS,% de la PEA femenina,4.1,False
Cuba,CUB,Caribe,1994,1990s,Calidad del empleo,Desempleo femenino,SL.UEM.TOTL.FE.ZS,% de la PEA femenina,4.3,False
Cuba,CUB,Caribe,1995,1990s,Calidad del empleo,Desempleo femenino,SL.UEM.TOTL.FE.ZS,% de la PEA femenina,9.8,False
Cuba,CUB,Caribe,1996,1990s,Calidad del empleo,Desempleo femenino,SL.UEM.TOTL.FE.ZS,% de la PEA femenina,9.0,False
Cuba,CUB,Caribe,1997,1990s,Calidad del empleo,Desempleo femenino,SL.UEM.TOTL.FE.ZS,% de la PEA femenina,8.4,False
Cuba,CUB,Caribe,1998,1990s,Calidad del empleo,Desempleo femenino,SL.UEM.TOTL.FE.ZS,% de la PEA femenina,7.3,False
Cuba,CUB,Caribe,1999,1990s,Calidad del empleo,Desempleo femenino,SL.UEM.TOTL.FE.ZS,% de la PEA femenina,7.5,False
Cuba,CUB,Caribe,2000,2000s,Calidad del empleo,Desempleo femenino,SL.UEM.TOTL.FE.ZS,% de la PEA femenina,6.4,False
Cuba,CUB,Caribe,2001,2000s,Calidad del empleo,Desempleo femenino,SL.UEM.TOTL.FE.ZS,% de la PEA femenina,4.9,False
Cuba,CUB,Caribe,2002,2000s,Calidad del empleo,Desempleo femenino,SL.UEM.TOTL.FE.ZS,% de la PEA femenina,3.9,False
Cuba,CUB,Caribe,2003,2000s,Calidad del empleo,Desempleo femenino,SL.UEM.TOTL.FE.ZS,% de la PEA femenina,2.7,False
Cuba,CUB,Caribe,2004,2000s,Calidad del empleo,Desempleo femenino,SL.UEM.TOTL.FE.ZS,% de la PEA femenina,2.3,False
Cuba,CUB,Caribe,2005,2000s,Calidad del empleo,Desempleo femenino,SL.UEM.TOTL.FE.ZS,% de la PEA femenina,2.3,False
Cuba,CUB,Caribe,2006,2000s,Calidad del empleo,Desempleo femenino,SL.UEM.TOTL.FE.ZS,% de la PEA femenina,2.2,False
Cuba,CUB,Caribe,2007,2000s,Calidad del empleo,Desempleo femenino,SL.UEM.TOTL.FE.ZS,% de la PEA femenina,1.9,False
Cuba,CUB,Caribe,2008,2000s,Calidad del empleo,Desempleo femenino,SL.UEM.TOTL.FE.ZS,% de la PEA femenina,2.0,False
Cuba,CUB,Caribe,2009,2000s,Calidad del empleo,Desempleo femenino,SL.UEM.TOTL.FE.ZS,% de la PEA femenina,2.0,False
Cuba,CUB,Caribe,2010,2010s,Calidad del empleo,Desempleo femenino,SL.UEM.TOTL.FE.ZS,% de la PEA femenina,2.8,False
Cuba,CUB,Caribe,2011,2010s,Calidad del empleo,Desempleo femenino,SL.UEM.TOTL.FE.ZS,% de la PEA femenina,3.8,False
Cuba,CUB,Caribe,2012,2010s,Calidad del empleo,Desempleo femenino,SL.UEM.TOTL.FE.ZS,% de la PEA femenina,3.8,False
Cuba,CUB,Caribe,2013,2010s,Calidad del empleo,Desempleo femenino,SL.UEM.TOTL.FE.ZS,% de la PEA femenina,3.8,False
Cuba,CUB,Caribe,2014,2010s,Calidad del empleo,Desempleo femenino,SL.UEM.TOTL.FE.ZS,% de la PEA femenina,3.9,False
Cuba,CUB,Caribe,1995,1990s,Estructura sectorial,Empleo femenino en agricultura,SL.AGR.EMPL.FE.ZS,% del empleo femenino,13.2,False
Cuba,CUB,Caribe,1996,1990s,Estructura sectorial,Empleo femenino en agricultura,SL.AGR.EMPL.FE.ZS,% del empleo femenino,13.2,False
Cuba,CUB,Caribe,1997,1990s,Estructura sectorial,Empleo femenino en agricultura,SL.AGR.EMPL.FE.ZS,% del empleo femenino,13.2,False
Cuba,CUB,Caribe,1998,1990s,Estructura sectorial,Empleo femenino en agricultura,SL.AGR.EMPL.FE.ZS,% del empleo femenino,11.5,False
Cuba,CUB,Caribe,1999,1990s,Estructura sectorial,Empleo femenino en agricultura,SL.AGR.EMPL.FE.ZS,% del empleo femenino,14.2,False
Cuba,CUB,Caribe,2000,2000s,Estructura sectorial,Empleo femenino en agricultura,SL.AGR.EMPL.FE.ZS,% del empleo femenino,14.2,False
Cuba,CUB,Caribe,2001,2000s,Estructura sectorial,Empleo femenino en agricultura,SL.AGR.EMPL.FE.ZS,% del empleo femenino,9.2,False
Cuba,CUB,Caribe,2002,2000s,Estructura sectorial,Empleo femenino en agricultura,SL.AGR.EMPL.FE.ZS,% del empleo femenino,9.2,False
Cuba,CUB,Caribe,2003,2000s,Estructura sectorial,Empleo femenino en agricultura,SL.AGR.EMPL.FE.ZS,% del empleo femenino,9.2,False
Cuba,CUB,Caribe,2004,2000s,Estructura sectorial,Empleo femenino en agricultura,SL.AGR.EMPL.FE.ZS,% del empleo femenino,10.1,False
Cuba,CUB,Caribe,2005,2000s,Estructura sectorial,Empleo femenino en agricultura,SL.AGR.EMPL.FE.ZS,% del empleo femenino,9.4,False
Cuba,CUB,Caribe,2006,2000s,Estructura sectorial,Empleo femenino en agricultura,SL.AGR.EMPL.FE.ZS,% del empleo femenino,9.4,False
Cuba,CUB,Caribe,2007,2000s,Estructura sectorial,Empleo femenino en agricultura,SL.AGR.EMPL.FE.ZS,% del empleo femenino,8.6,False
Cuba,CUB,Caribe,2008,2000s,Estructura sectorial,Empleo femenino en agricultura,SL.AGR.EMPL.FE.ZS,% del empleo femenino,8.5,False
Cuba,CUB,Caribe,2009,2000s,Estructura sectorial,Empleo femenino en agricultura,SL.AGR.EMPL.FE.ZS,% del empleo femenino,8.3,False
Cuba,CUB,Caribe,2010,2010s,Estructura sectorial,Empleo femenino en agricultura,SL.AGR.EMPL.FE.ZS,% del empleo femenino,8.4,False
Cuba,CUB,Caribe,2011,2010s,Estructura sectorial,Empleo femenino en agricultura,SL.AGR.EMPL.FE.ZS,% del empleo femenino,8.8,False
Cuba,CUB,Caribe,2012,2010s,Estructura sectorial,Empleo femenino en agricultura,SL.AGR.EMPL.FE.ZS,% del empleo femenino,8.0,False
Cuba,CUB,Caribe,2013,2010s,Estructura sectorial,Empleo femenino en agricultura,SL.AGR.EMPL.FE.ZS,% del empleo femenino,7.7,False
Cuba,CUB,Caribe,1995,1990s,Estructura sectorial,Empleo femenino en servicios,SL.SRV.EMPL.FE.ZS,% del empleo femenino,70.6,False
Cuba,CUB,Caribe,1996,1990s,Estructura sectorial,Empleo femenino en servicios,SL.SRV.EMPL.FE.ZS,% del empleo femenino,70.6,False
Cuba,CUB,Caribe,1997,1990s,Estructura sectorial,Empleo femenino en servicios,SL.SRV.EMPL.FE.ZS,% del empleo femenino,70.6,False
Cuba,CUB,Caribe,1998,1990s,Estructura sectorial,Empleo femenino en servicios,SL.SRV.EMPL.FE.ZS,% del empleo femenino,71.9,False
Cuba,CUB,Caribe,1999,1990s,Estructura sectorial,Empleo femenino en servicios,SL.SRV.EMPL.FE.ZS,% del empleo femenino,71.9,False
Cuba,CUB,Caribe,2000,2000s,Estructura sectorial,Empleo femenino en servicios,SL.SRV.EMPL.FE.ZS,% del empleo femenino,71.9,False
Cuba,CUB,Caribe,2001,2000s,Estructura sectorial,Empleo femenino en servicios,SL.SRV.EMPL.FE.ZS,% del empleo femenino,75.1,False
Cuba,CUB,Caribe,2002,2000s,Estructura sectorial,Empleo femenino en servicios,SL.SRV.EMPL.FE.ZS,% del empleo femenino,75.1,False
Cuba,CUB,Caribe,2003,2000s,Estructura sectorial,Empleo femenino en servicios,SL.SRV.EMPL.FE.ZS,% del empleo femenino,75.1,False
Cuba,CUB,Caribe,2004,2000s,Estructura sectorial,Empleo femenino en servicios,SL.SRV.EMPL.FE.ZS,% del empleo femenino,76.0,False
Cuba,CUB,Caribe,2005,2000s,Estructura sectorial,Empleo femenino en servicios,SL.SRV.EMPL.FE.ZS,% del empleo femenino,77.4,False
Cuba,CUB,Caribe,2006,2000s,Estructura sectorial,Empleo femenino en servicios,SL.SRV.EMPL.FE.ZS,% del empleo femenino,77.8,False
Cuba,CUB,Caribe,2007,2000s,Estructura sectorial,Empleo femenino en servicios,SL.SRV.EMPL.FE.ZS,% del empleo femenino,79.1,False
Cuba,CUB,Caribe,2008,2000s,Estructura sectorial,Empleo femenino en servicios,SL.SRV.EMPL.FE.ZS,% del empleo femenino,79.6,False
Cuba,CUB,Caribe,2009,2000s,Estructura sectorial,Empleo femenino en servicios,SL.SRV.EMPL.FE.ZS,% del empleo femenino,80.1,False
Cuba,CUB,Caribe,2010,2010s,Estructura sectorial,Empleo femenino en servicios,SL.SRV.EMPL.FE.ZS,% del empleo femenino,80.1,False
Cuba,CUB,Caribe,2011,2010s,Estructura sectorial,Empleo femenino en servicios,SL.SRV.EMPL.FE.ZS,% del empleo femenino,79.3,False
Cuba,CUB,Caribe,2012,2010s,Estructura sectorial,Empleo femenino en servicios,SL.SRV.EMPL.FE.ZS,% del empleo femenino,78.6,False
Cuba,CUB,Caribe,2013,2010s,Estructura sectorial,Empleo femenino en servicios,SL.SRV.EMPL.FE.ZS,% del empleo femenino,81.0,False
Cuba,CUB,Caribe,1990,1990s,Contexto,PBI per cápita,NY.GDP.PCAP.CD,USD corrientes,2706.98,False
Cuba,CUB,Caribe,1991,1990s,Contexto,PBI per cápita,NY.GDP.PCAP.CD,USD corrientes,2280.25,False
Cuba,CUB,Caribe,1992,1990s,Contexto,PBI per cápita,NY.GDP.PCAP.CD,USD corrientes,2057.22,False
Cuba,CUB,Caribe,1993,1990s,Contexto,PBI per cápita,NY.GDP.PCAP.CD,USD corrientes,2071.51,False
Cuba,CUB,Caribe,1994,1990s,Contexto,PBI per cápita,NY.GDP.PCAP.CD,USD corrientes,2621.14,False
Cuba,CUB,Caribe,1995,1990s,Contexto,PBI per cápita,NY.GDP.PCAP.CD,USD corrientes,2790.07,False
Cuba,CUB,Caribe,1996,1990s,Contexto,PBI per cápita,NY.GDP.PCAP.CD,USD corrientes,2283.56,False
Cuba,CUB,Caribe,1997,1990s,Contexto,PBI per cápita,NY.GDP.PCAP.CD,USD corrientes,2305.93,False
Cuba,CUB,Caribe,1998,1990s,Contexto,PBI per cápita,NY.GDP.PCAP.CD,USD corrientes,2330.81,False
Cuba,CUB,Caribe,1999,1990s,Contexto,PBI per cápita,NY.GDP.PCAP.CD,USD corrientes,2559.93,False
Cuba,CUB,Caribe,2000,2000s,Contexto,PBI per cápita,NY.GDP.PCAP.CD,USD corrientes,2749.46,False
Cuba,CUB,Caribe,2001,2000s,Contexto,PBI per cápita,NY.GDP.PCAP.CD,USD corrientes,2841.18,False
Cuba,CUB,Caribe,2002,2000s,Contexto,PBI per cápita,NY.GDP.PCAP.CD,USD corrientes,3003.29,False
Cuba,CUB,Caribe,2003,2000s,Contexto,PBI per cápita,NY.GDP.PCAP.CD,USD corrientes,3201.25,False
Cuba,CUB,Caribe,2004,2000s,Contexto,PBI per cápita,NY.GDP.PCAP.CD,USD corrientes,3398.62,False
Cuba,CUB,Caribe,2005,2000s,Contexto,PBI per cápita,NY.GDP.PCAP.CD,USD corrientes,3786.88,False
Cuba,CUB,Caribe,2006,2000s,Contexto,PBI per cápita,NY.GDP.PCAP.CD,USD corrientes,4677.71,False
Cuba,CUB,Caribe,2007,2000s,Contexto,PBI per cápita,NY.GDP.PCAP.CD,USD corrientes,5193.48,False
Cuba,CUB,Caribe,2008,2000s,Contexto,PBI per cápita,NY.GDP.PCAP.CD,USD corrientes,5385.74,False
Cuba,CUB,Caribe,2009,2000s,Contexto,PBI per cápita,NY.GDP.PCAP.CD,USD corrientes,5494.93,False
Cuba,CUB,Caribe,2010,2010s,Contexto,PBI per cápita,NY.GDP.PCAP.CD,USD corrientes,5688.67,False
Cuba,CUB,Caribe,2011,2010s,Contexto,PBI per cápita,NY.GDP.PCAP.CD,USD corrientes,6092.61,False
Cuba,CUB,Caribe,2012,2010s,Contexto,PBI per cápita,NY.GDP.PCAP.CD,USD corrientes,6448.16,False
Cuba,CUB,Caribe,2013,2010s,Contexto,PBI per cápita,NY.GDP.PCAP.CD,USD corrientes,6789.85,False
Cuba,CUB,Caribe,1990,1990s,Participación,Participación laboral femenina,SL.TLF.CACT.FE.ZS,% de mujeres 15+,35.0,False
Cuba,CUB,Caribe,1991,1990s,Participación,Participación laboral femenina,SL.TLF.CACT.FE.ZS,% de mujeres 15+,35.4,False
Cuba,CUB,Caribe,1992,1990s,Participación,Participación laboral femenina,SL.TLF.CACT.FE.ZS,% de mujeres 15+,35.8,False
Cuba,CUB,Caribe,1993,1990s,Participación,Participación laboral femenina,SL.TLF.CACT.FE.ZS,% de mujeres 15+,36.2,False
Cuba,CUB,Caribe,1994,1990s,Participación,Participación laboral femenina,SL.TLF.CACT.FE.ZS,% de mujeres 15+,36.6,False
Cuba,CUB,Caribe,1995,1990s,Participación,Participación laboral femenina,SL.TLF.CACT.FE.ZS,% de mujeres 15+,36.9,False
Cuba,CUB,Caribe,1996,1990s,Participación,Participación laboral femenina,SL.TLF.CACT.FE.ZS,% de mujeres 15+,37.2,False
Cuba,CUB,Caribe,1997,1990s,Participación,Participación laboral femenina,SL.TLF.CACT.FE.ZS,% de mujeres 15+,37.4,False
Cuba,CUB,Caribe,1998,1990s,Participación,Participación laboral femenina,SL.TLF.CACT.FE.ZS,% de mujeres 15+,37.6,False
Cuba,CUB,Caribe,1999,1990s,Participación,Participación laboral femenina,SL.TLF.CACT.FE.ZS,% de mujeres 15+,37.7,False
Cuba,CUB,Caribe,2000,2000s,Participación,Participación laboral femenina,SL.TLF.CACT.FE.ZS,% de mujeres 15+,37.7,False
Cuba,CUB,Caribe,2001,2000s,Participación,Participación laboral femenina,SL.TLF.CACT.FE.ZS,% de mujeres 15+,37.8,False
Cuba,CUB,Caribe,2002,2000s,Participación,Participación laboral femenina,SL.TLF.CACT.FE.ZS,% de mujeres 15+,37.9,False
Cuba,CUB,Caribe,2003,2000s,Participación,Participación laboral femenina,SL.TLF.CACT.FE.ZS,% de mujeres 15+,37.9,False
Cuba,CUB,Caribe,2004,2000s,Participación,Participación laboral femenina,SL.TLF.CACT.FE.ZS,% de mujeres 15+,38.0,False
Cuba,CUB,Caribe,2005,2000s,Participación,Participación laboral femenina,SL.TLF.CACT.FE.ZS,% de mujeres 15+,38.7,False
Cuba,CUB,Caribe,2006,2000s,Participación,Participación laboral femenina,SL.TLF.CACT.FE.ZS,% de mujeres 15+,39.5,False
Cuba,CUB,Caribe,2007,2000s,Participación,Participación laboral femenina,SL.TLF.CACT.FE.ZS,% de mujeres 15+,41.1,False
Cuba,CUB,Caribe,2008,2000s,Participación,Participación laboral femenina,SL.TLF.CACT.FE.ZS,% de mujeres 15+,41.5,False
Cuba,CUB,Caribe,2009,2000s,Participación,Participación laboral femenina,SL.TLF.CACT.FE.ZS,% de mujeres 15+,42.9,False
Cuba,CUB,Caribe,2010,2010s,Participación,Participación laboral femenina,SL.TLF.CACT.FE.ZS,% de mujeres 15+,43.1,False
Cuba,CUB,Caribe,2011,2010s,Participación,Participación laboral femenina,SL.TLF.CACT.FE.ZS,% de mujeres 15+,43.2,False
Cuba,CUB,Caribe,2012,2010s,Participación,Participación laboral femenina,SL.TLF.CACT.FE.ZS,% de mujeres 15+,43.3,False
Cuba,CUB,Caribe,2013,2010s,Participación,Participación laboral femenina,SL.TLF.CACT.FE.ZS,% de mujeres 15+,43.4,False
Cuba,CUB,Caribe,2014,2010s,Participación,Participación laboral femenina,SL.TLF.CACT.FE.ZS,% de mujeres 15+,43.5,False
Cuba,CUB,Caribe,1990,1990s,Participación,Participación laboral masculina,SL.TLF.CACT.MA.ZS,% de varones 15+,72.3,False
Cuba,CUB,Caribe,1991,1990s,Participación,Participación laboral masculina,SL.TLF.CACT.MA.ZS,% de varones 15+,72.3,False
Cuba,CUB,Caribe,1992,1990s,Participación,Participación laboral masculina,SL.TLF.CACT.MA.ZS,% de varones 15+,72.3,False
Cuba,CUB,Caribe,1993,1990s,Participación,Participación laboral masculina,SL.TLF.CACT.MA.ZS,% de varones 15+,72.4,False
Cuba,CUB,Caribe,1994,1990s,Participación,Participación laboral masculina,SL.TLF.CACT.MA.ZS,% de varones 15+,72.4,False
Cuba,CUB,Caribe,1995,1990s,Participación,Participación laboral masculina,SL.TLF.CACT.MA.ZS,% de varones 15+,72.4,False
Cuba,CUB,Caribe,1996,1990s,Participación,Participación laboral masculina,SL.TLF.CACT.MA.ZS,% de varones 15+,72.1,False
Cuba,CUB,Caribe,1997,1990s,Participación,Participación laboral masculina,SL.TLF.CACT.MA.ZS,% de varones 15+,71.8,False
Cuba,CUB,Caribe,1998,1990s,Participación,Participación laboral masculina,SL.TLF.CACT.MA.ZS,% de varones 15+,71.3,False
Cuba,CUB,Caribe,1999,1990s,Participación,Participación laboral masculina,SL.TLF.CACT.MA.ZS,% de varones 15+,70.8,False
Cuba,CUB,Caribe,2000,2000s,Participación,Participación laboral masculina,SL.TLF.CACT.MA.ZS,% de varones 15+,70.2,False
Cuba,CUB,Caribe,2001,2000s,Participación,Participación laboral masculina,SL.TLF.CACT.MA.ZS,% de varones 15+,69.5,False
Cuba,CUB,Caribe,2002,2000s,Participación,Participación laboral masculina,SL.TLF.CACT.MA.ZS,% de varones 15+,68.8,False
Cuba,CUB,Caribe,2003,2000s,Participación,Participación laboral masculina,SL.TLF.CACT.MA.ZS,% de varones 15+,68.0,False
Cuba,CUB,Caribe,2004,2000s,Participación,Participación laboral masculina,SL.TLF.CACT.MA.ZS,% de varones 15+,67.3,False
Cuba,CUB,Caribe,2005,2000s,Participación,Participación laboral masculina,SL.TLF.CACT.MA.ZS,% de varones 15+,67.2,True
Cuba,CUB,Caribe,2006,2000s,Participación,Participación laboral masculina,SL.TLF.CACT.MA.ZS,% de varones 15+,67.1,True
Cuba,CUB,Caribe,2007,2000s,Participación,Participación laboral masculina,SL.TLF.CACT.MA.ZS,% de varones 15+,67.6,False
Cuba,CUB,Caribe,2008,2000s,Participación,Participación laboral masculina,SL.TLF.CACT.MA.ZS,% de varones 15+,68.4,False
Cuba,CUB,Caribe,2009,2000s,Participación,Participación laboral masculina,SL.TLF.CACT.MA.ZS,% de varones 15+,70.1,False
Cuba,CUB,Caribe,2010,2010s,Participación,Participación laboral masculina,SL.TLF.CACT.MA.ZS,% de varones 15+,70.1,False
Cuba,CUB,Caribe,2011,2010s,Participación,Participación laboral masculina,SL.TLF.CACT.MA.ZS,% de varones 15+,70.1,False
Cuba,CUB,Caribe,2012,2010s,Participación,Participación laboral masculina,SL.TLF.CACT.MA.ZS,% de varones 15+,70.1,False
Cuba,CUB,Caribe,2013,2010s,Participación,Participación laboral masculina,SL.TLF.CACT.MA.ZS,% de varones 15+,70.0,False
Cuba,CUB,Caribe,2014,2010s,Participación,Participación laboral masculina,SL.TLF.CACT.MA.ZS,% de varones 15+,70.0,False
Cuba,CUB,Caribe,1990,1990s,Participación,Ratio participación mujer/varón,SL.TLF.CACT.FM.ZS,% (mujer/varón),48.41,False
Cuba,CUB,Caribe,1991,1990s,Participación,Ratio participación mujer/varón,SL.TLF.CACT.FM.ZS,% (mujer/varón),48.96,False
Cuba,CUB,Caribe,1992,1990s,Participación,Ratio participación mujer/varón,SL.TLF.CACT.FM.ZS,% (mujer/varón),49.52,False
Cuba,CUB,Caribe,1993,1990s,Participación,Ratio participación mujer/varón,SL.TLF.CACT.FM.ZS,% (mujer/varón),50.0,False
Cuba,CUB,Caribe,1994,1990s,Participación,Ratio participación mujer/varón,SL.TLF.CACT.FM.ZS,% (mujer/varón),50.55,False
Cuba,CUB,Caribe,1995,1990s,Participación,Ratio participación mujer/varón,SL.TLF.CACT.FM.ZS,% (mujer/varón),50.97,False
Cuba,CUB,Caribe,1996,1990s,Participación,Ratio participación mujer/varón,SL.TLF.CACT.FM.ZS,% (mujer/varón),51.6,False
Cuba,CUB,Caribe,1997,1990s,Participación,Ratio participación mujer/varón,SL.TLF.CACT.FM.ZS,% (mujer/varón),52.09,False
Cuba,CUB,Caribe,1998,1990s,Participación,Ratio participación mujer/varón,SL.TLF.CACT.FM.ZS,% (mujer/varón),52.73,False
Cuba,CUB,Caribe,1999,1990s,Participación,Ratio participación mujer/varón,SL.TLF.CACT.FM.ZS,% (mujer/varón),53.25,False
Cuba,CUB,Caribe,2000,2000s,Participación,Ratio participación mujer/varón,SL.TLF.CACT.FM.ZS,% (mujer/varón),53.7,False
Cuba,CUB,Caribe,2001,2000s,Participación,Ratio participación mujer/varón,SL.TLF.CACT.FM.ZS,% (mujer/varón),54.39,False
Cuba,CUB,Caribe,2002,2000s,Participación,Ratio participación mujer/varón,SL.TLF.CACT.FM.ZS,% (mujer/varón),55.09,False
Cuba,CUB,Caribe,2003,2000s,Participación,Ratio participación mujer/varón,SL.TLF.CACT.FM.ZS,% (mujer/varón),55.74,False
Cuba,CUB,Caribe,2004,2000s,Participación,Ratio participación mujer/varón,SL.TLF.CACT.FM.ZS,% (mujer/varón),56.46,False
Cuba,CUB,Caribe,2005,2000s,Participación,Ratio participación mujer/varón,SL.TLF.CACT.FM.ZS,% (mujer/varón),57.59,False
Cuba,CUB,Caribe,2006,2000s,Participación,Ratio participación mujer/varón,SL.TLF.CACT.FM.ZS,% (mujer/varón),58.87,False
Cuba,CUB,Caribe,2007,2000s,Participación,Ratio participación mujer/varón,SL.TLF.CACT.FM.ZS,% (mujer/varón),60.8,False
Cuba,CUB,Caribe,2008,2000s,Participación,Ratio participación mujer/varón,SL.TLF.CACT.FM.ZS,% (mujer/varón),60.67,False
Cuba,CUB,Caribe,2009,2000s,Participación,Ratio participación mujer/varón,SL.TLF.CACT.FM.ZS,% (mujer/varón),61.2,False
Cuba,CUB,Caribe,2010,2010s,Participación,Ratio participación mujer/varón,SL.TLF.CACT.FM.ZS,% (mujer/varón),61.48,False
Cuba,CUB,Caribe,2011,2010s,Participación,Ratio participación mujer/varón,SL.TLF.CACT.FM.ZS,% (mujer/varón),61.63,False
Cuba,CUB,Caribe,2012,2010s,Participación,Ratio participación mujer/varón,SL.TLF.CACT.FM.ZS,% (mujer/varón),61.77,False
Cuba,CUB,Caribe,2013,2010s,Participación,Ratio participación mujer/varón,SL.TLF.CACT.FM.ZS,% (mujer/varón),62.0,False
Cuba,CUB,Caribe,2014,2010s,Participación,Ratio participación mujer/varón,SL.TLF.CACT.FM.ZS,% (mujer/varón),62.14,False
Ecuador,ECU,Región Andina,1990,1990s,Calidad del empleo,Asalariadas,SL.EMP.WORK.FE.ZS,% del empleo femenino,44.8,False
Ecuador,ECU,Región Andina,1991,1990s,Calidad del empleo,Asalariadas,SL.EMP.WORK.FE.ZS,% del empleo femenino,43.7,False
Ecuador,ECU,Región Andina,1992,1990s,Calidad del empleo,Asalariadas,SL.EMP.WORK.FE.ZS,% del empleo femenino,42.4,False
Ecuador,ECU,Región Andina,1993,1990s,Calidad del empleo,Asalariadas,SL.EMP.WORK.FE.ZS,% del empleo femenino,41.5,False
Ecuador,ECU,Región Andina,1994,1990s,Calidad del empleo,Asalariadas,SL.EMP.WORK.FE.ZS,% del empleo femenino,43.7,False
Ecuador,ECU,Región Andina,1995,1990s,Calidad del empleo,Asalariadas,SL.EMP.WORK.FE.ZS,% del empleo femenino,43.6,False
Ecuador,ECU,Región Andina,1996,1990s,Calidad del empleo,Asalariadas,SL.EMP.WORK.FE.ZS,% del empleo femenino,43.7,False
Ecuador,ECU,Región Andina,1997,1990s,Calidad del empleo,Asalariadas,SL.EMP.WORK.FE.ZS,% del empleo femenino,46.1,False
Ecuador,ECU,Región Andina,1998,1990s,Calidad del empleo,Asalariadas,SL.EMP.WORK.FE.ZS,% del empleo femenino,42.9,False
Ecuador,ECU,Región Andina,1999,1990s,Calidad del empleo,Asalariadas,SL.EMP.WORK.FE.ZS,% del empleo femenino,57.0,False
Ecuador,ECU,Región Andina,2000,2000s,Calidad del empleo,Asalariadas,SL.EMP.WORK.FE.ZS,% del empleo femenino,48.8,False
Ecuador,ECU,Región Andina,2001,2000s,Calidad del empleo,Asalariadas,SL.EMP.WORK.FE.ZS,% del empleo femenino,42.4,False
Ecuador,ECU,Región Andina,2003,2000s,Calidad del empleo,Asalariadas,SL.EMP.WORK.FE.ZS,% del empleo femenino,47.3,False
Ecuador,ECU,Región Andina,2004,2000s,Calidad del empleo,Asalariadas,SL.EMP.WORK.FE.ZS,% del empleo femenino,41.1,False
Ecuador,ECU,Región Andina,2005,2000s,Calidad del empleo,Asalariadas,SL.EMP.WORK.FE.ZS,% del empleo femenino,46.1,False
Ecuador,ECU,Región Andina,2006,2000s,Calidad del empleo,Asalariadas,SL.EMP.WORK.FE.ZS,% del empleo femenino,43.6,False
Ecuador,ECU,Región Andina,2007,2000s,Calidad del empleo,Asalariadas,SL.EMP.WORK.FE.ZS,% del empleo femenino,45.1,False
Ecuador,ECU,Región Andina,2008,2000s,Calidad del empleo,Asalariadas,SL.EMP.WORK.FE.ZS,% del empleo femenino,47.5,False
Ecuador,ECU,Región Andina,2009,2000s,Calidad del empleo,Asalariadas,SL.EMP.WORK.FE.ZS,% del empleo femenino,46.3,False
Ecuador,ECU,Región Andina,2010,2010s,Calidad del empleo,Asalariadas,SL.EMP.WORK.FE.ZS,% del empleo femenino,48.6,False
Ecuador,ECU,Región Andina,2011,2010s,Calidad del empleo,Asalariadas,SL.EMP.WORK.FE.ZS,% del empleo femenino,45.9,False
Ecuador,ECU,Región Andina,2012,2010s,Calidad del empleo,Asalariadas,SL.EMP.WORK.FE.ZS,% del empleo femenino,56.1,False
Ecuador,ECU,Región Andina,2013,2010s,Calidad del empleo,Asalariadas,SL.EMP.WORK.FE.ZS,% del empleo femenino,49.7,False
Ecuador,ECU,Región Andina,1990,1990s,Liderazgo,Bancas parlamentarias femeninas,SG.GEN.PARL.ZS,% de bancas,4.5,False
Ecuador,ECU,Región Andina,1997,1990s,Liderazgo,Bancas parlamentarias femeninas,SG.GEN.PARL.ZS,% de bancas,3.7,False
Ecuador,ECU,Región Andina,1998,1990s,Liderazgo,Bancas parlamentarias femeninas,SG.GEN.PARL.ZS,% de bancas,17.4,False
Ecuador,ECU,Región Andina,1999,1990s,Liderazgo,Bancas parlamentarias femeninas,SG.GEN.PARL.ZS,% de bancas,17.4,False
Ecuador,ECU,Región Andina,2000,2000s,Liderazgo,Bancas parlamentarias femeninas,SG.GEN.PARL.ZS,% de bancas,14.6,False
Ecuador,ECU,Región Andina,2001,2000s,Liderazgo,Bancas parlamentarias femeninas,SG.GEN.PARL.ZS,% de bancas,14.6,False
Ecuador,ECU,Región Andina,2003,2000s,Liderazgo,Bancas parlamentarias femeninas,SG.GEN.PARL.ZS,% de bancas,16.0,False
Ecuador,ECU,Región Andina,2004,2000s,Liderazgo,Bancas parlamentarias femeninas,SG.GEN.PARL.ZS,% de bancas,16.0,False
Ecuador,ECU,Región Andina,2005,2000s,Liderazgo,Bancas parlamentarias femeninas,SG.GEN.PARL.ZS,% de bancas,16.0,False
Ecuador,ECU,Región Andina,2006,2000s,Liderazgo,Bancas parlamentarias femeninas,SG.GEN.PARL.ZS,% de bancas,25.0,False
Ecuador,ECU,Región Andina,2007,2000s,Liderazgo,Bancas parlamentarias femeninas,SG.GEN.PARL.ZS,% de bancas,25.0,False
Ecuador,ECU,Región Andina,2008,2000s,Liderazgo,Bancas parlamentarias femeninas,SG.GEN.PARL.ZS,% de bancas,25.0,False
Ecuador,ECU,Región Andina,2009,2000s,Liderazgo,Bancas parlamentarias femeninas,SG.GEN.PARL.ZS,% de bancas,32.3,False
Ecuador,ECU,Región Andina,2010,2010s,Liderazgo,Bancas parlamentarias femeninas,SG.GEN.PARL.ZS,% de bancas,32.3,False
Ecuador,ECU,Región Andina,2011,2010s,Liderazgo,Bancas parlamentarias femeninas,SG.GEN.PARL.ZS,% de bancas,32.3,False
Ecuador,ECU,Región Andina,2012,2010s,Liderazgo,Bancas parlamentarias femeninas,SG.GEN.PARL.ZS,% de bancas,32.3,False
Ecuador,ECU,Región Andina,2013,2010s,Liderazgo,Bancas parlamentarias femeninas,SG.GEN.PARL.ZS,% de bancas,38.7,False
Ecuador,ECU,Región Andina,2014,2010s,Liderazgo,Bancas parlamentarias femeninas,SG.GEN.PARL.ZS,% de bancas,41.6,True
Ecuador,ECU,Región Andina,1991,1990s,Calidad del empleo,Desempleo femenino,SL.UEM.TOTL.FE.ZS,% de la PEA femenina,5.2,False
Ecuador,ECU,Región Andina,1992,1990s,Calidad del empleo,Desempleo femenino,SL.UEM.TOTL.FE.ZS,% de la PEA femenina,6.9,False
Ecuador,ECU,Región Andina,1993,1990s,Calidad del empleo,Desempleo femenino,SL.UEM.TOTL.FE.ZS,% de la PEA femenina,6.7,False
Ecuador,ECU,Región Andina,1994,1990s,Calidad del empleo,Desempleo femenino,SL.UEM.TOTL.FE.ZS,% de la PEA femenina,11.6,False
Ecuador,ECU,Región Andina,1995,1990s,Calidad del empleo,Desempleo femenino,SL.UEM.TOTL.FE.ZS,% de la PEA femenina,6.6,False
Ecuador,ECU,Región Andina,1996,1990s,Calidad del empleo,Desempleo femenino,SL.UEM.TOTL.FE.ZS,% de la PEA femenina,6.8,False
Ecuador,ECU,Región Andina,1997,1990s,Calidad del empleo,Desempleo femenino,SL.UEM.TOTL.FE.ZS,% de la PEA femenina,10.6,False
Ecuador,ECU,Región Andina,1998,1990s,Calidad del empleo,Desempleo femenino,SL.UEM.TOTL.FE.ZS,% de la PEA femenina,8.1,False
Ecuador,ECU,Región Andina,1999,1990s,Calidad del empleo,Desempleo femenino,SL.UEM.TOTL.FE.ZS,% de la PEA femenina,9.1,False
Ecuador,ECU,Región Andina,2000,2000s,Calidad del empleo,Desempleo femenino,SL.UEM.TOTL.FE.ZS,% de la PEA femenina,10.1,False
Ecuador,ECU,Región Andina,2001,2000s,Calidad del empleo,Desempleo femenino,SL.UEM.TOTL.FE.ZS,% de la PEA femenina,13.0,False
Ecuador,ECU,Región Andina,2002,2000s,Calidad del empleo,Desempleo femenino,SL.UEM.TOTL.FE.ZS,% de la PEA femenina,14.1,False
Ecuador,ECU,Región Andina,2003,2000s,Calidad del empleo,Desempleo femenino,SL.UEM.TOTL.FE.ZS,% de la PEA femenina,12.3,False
Ecuador,ECU,Región Andina,2004,2000s,Calidad del empleo,Desempleo femenino,SL.UEM.TOTL.FE.ZS,% de la PEA femenina,9.0,False
Ecuador,ECU,Región Andina,2005,2000s,Calidad del empleo,Desempleo femenino,SL.UEM.TOTL.FE.ZS,% de la PEA femenina,9.3,False
Ecuador,ECU,Región Andina,2006,2000s,Calidad del empleo,Desempleo femenino,SL.UEM.TOTL.FE.ZS,% de la PEA femenina,9.1,False
Ecuador,ECU,Región Andina,2007,2000s,Calidad del empleo,Desempleo femenino,SL.UEM.TOTL.FE.ZS,% de la PEA femenina,6.8,False
Ecuador,ECU,Región Andina,2008,2000s,Calidad del empleo,Desempleo femenino,SL.UEM.TOTL.FE.ZS,% de la PEA femenina,8.5,False
Ecuador,ECU,Región Andina,2009,2000s,Calidad del empleo,Desempleo femenino,SL.UEM.TOTL.FE.ZS,% de la PEA femenina,8.5,False
Ecuador,ECU,Región Andina,2010,2010s,Calidad del empleo,Desempleo femenino,SL.UEM.TOTL.FE.ZS,% de la PEA femenina,6.6,False
Ecuador,ECU,Región Andina,2011,2010s,Calidad del empleo,Desempleo femenino,SL.UEM.TOTL.FE.ZS,% de la PEA femenina,5.7,False
Ecuador,ECU,Región Andina,2012,2010s,Calidad del empleo,Desempleo femenino,SL.UEM.TOTL.FE.ZS,% de la PEA femenina,4.9,False
Ecuador,ECU,Región Andina,2013,2010s,Calidad del empleo,Desempleo femenino,SL.UEM.TOTL.FE.ZS,% de la PEA femenina,5.5,False
Ecuador,ECU,Región Andina,2014,2010s,Calidad del empleo,Desempleo femenino,SL.UEM.TOTL.FE.ZS,% de la PEA femenina,6.2,False
Ecuador,ECU,Región Andina,1990,1990s,Calidad del empleo,Empleadoras,SL.EMP.MPYR.FE.ZS,% del empleo femenino,2.7,False
Ecuador,ECU,Región Andina,1991,1990s,Calidad del empleo,Empleadoras,SL.EMP.MPYR.FE.ZS,% del empleo femenino,3.5,False
Ecuador,ECU,Región Andina,1992,1990s,Calidad del empleo,Empleadoras,SL.EMP.MPYR.FE.ZS,% del empleo femenino,4.2,False
Ecuador,ECU,Región Andina,1993,1990s,Calidad del empleo,Empleadoras,SL.EMP.MPYR.FE.ZS,% del empleo femenino,5.7,True
Ecuador,ECU,Región Andina,1994,1990s,Calidad del empleo,Empleadoras,SL.EMP.MPYR.FE.ZS,% del empleo femenino,5.0,True
Ecuador,ECU,Región Andina,1995,1990s,Calidad del empleo,Empleadoras,SL.EMP.MPYR.FE.ZS,% del empleo femenino,4.2,False
Ecuador,ECU,Región Andina,1996,1990s,Calidad del empleo,Empleadoras,SL.EMP.MPYR.FE.ZS,% del empleo femenino,4.2,False
Ecuador,ECU,Región Andina,1997,1990s,Calidad del empleo,Empleadoras,SL.EMP.MPYR.FE.ZS,% del empleo femenino,4.5,True
Ecuador,ECU,Región Andina,1998,1990s,Calidad del empleo,Empleadoras,SL.EMP.MPYR.FE.ZS,% del empleo femenino,4.6,True
Ecuador,ECU,Región Andina,1999,1990s,Calidad del empleo,Empleadoras,SL.EMP.MPYR.FE.ZS,% del empleo femenino,4.8,True
Ecuador,ECU,Región Andina,2000,2000s,Calidad del empleo,Empleadoras,SL.EMP.MPYR.FE.ZS,% del empleo femenino,2.1,False
Ecuador,ECU,Región Andina,2001,2000s,Calidad del empleo,Empleadoras,SL.EMP.MPYR.FE.ZS,% del empleo femenino,3.1,False
Ecuador,ECU,Región Andina,2003,2000s,Calidad del empleo,Empleadoras,SL.EMP.MPYR.FE.ZS,% del empleo femenino,3.4,False
Ecuador,ECU,Región Andina,2004,2000s,Calidad del empleo,Empleadoras,SL.EMP.MPYR.FE.ZS,% del empleo femenino,4.3,False
Ecuador,ECU,Región Andina,2005,2000s,Calidad del empleo,Empleadoras,SL.EMP.MPYR.FE.ZS,% del empleo femenino,3.9,False
Ecuador,ECU,Región Andina,2006,2000s,Calidad del empleo,Empleadoras,SL.EMP.MPYR.FE.ZS,% del empleo femenino,3.7,False
Ecuador,ECU,Región Andina,2007,2000s,Calidad del empleo,Empleadoras,SL.EMP.MPYR.FE.ZS,% del empleo femenino,3.0,False
Ecuador,ECU,Región Andina,2008,2000s,Calidad del empleo,Empleadoras,SL.EMP.MPYR.FE.ZS,% del empleo femenino,2.9,False
Ecuador,ECU,Región Andina,2009,2000s,Calidad del empleo,Empleadoras,SL.EMP.MPYR.FE.ZS,% del empleo femenino,2.3,False
Ecuador,ECU,Región Andina,2010,2010s,Calidad del empleo,Empleadoras,SL.EMP.MPYR.FE.ZS,% del empleo femenino,1.9,False
Ecuador,ECU,Región Andina,2011,2010s,Calidad del empleo,Empleadoras,SL.EMP.MPYR.FE.ZS,% del empleo femenino,2.0,False
Ecuador,ECU,Región Andina,2012,2010s,Calidad del empleo,Empleadoras,SL.EMP.MPYR.FE.ZS,% del empleo femenino,2.2,False
Ecuador,ECU,Región Andina,2013,2010s,Calidad del empleo,Empleadoras,SL.EMP.MPYR.FE.ZS,% del empleo femenino,1.6,False
Ecuador,ECU,Región Andina,1990,1990s,Estructura sectorial,Empleo femenino en agricultura,SL.AGR.EMPL.FE.ZS,% del empleo femenino,2.5,False
Ecuador,ECU,Región Andina,1991,1990s,Estructura sectorial,Empleo femenino en agricultura,SL.AGR.EMPL.FE.ZS,% del empleo femenino,2.3,False
Ecuador,ECU,Región Andina,1992,1990s,Estructura sectorial,Empleo femenino en agricultura,SL.AGR.EMPL.FE.ZS,% del empleo femenino,1.9,False
Ecuador,ECU,Región Andina,1993,1990s,Estructura sectorial,Empleo femenino en agricultura,SL.AGR.EMPL.FE.ZS,% del empleo femenino,2.4,False
Ecuador,ECU,Región Andina,1994,1990s,Estructura sectorial,Empleo femenino en agricultura,SL.AGR.EMPL.FE.ZS,% del empleo femenino,2.4,False
Ecuador,ECU,Región Andina,1995,1990s,Estructura sectorial,Empleo femenino en agricultura,SL.AGR.EMPL.FE.ZS,% del empleo femenino,2.0,False
Ecuador,ECU,Región Andina,1996,1990s,Estructura sectorial,Empleo femenino en agricultura,SL.AGR.EMPL.FE.ZS,% del empleo femenino,1.9,False
Ecuador,ECU,Región Andina,1997,1990s,Estructura sectorial,Empleo femenino en agricultura,SL.AGR.EMPL.FE.ZS,% del empleo femenino,1.9,False
Ecuador,ECU,Región Andina,1998,1990s,Estructura sectorial,Empleo femenino en agricultura,SL.AGR.EMPL.FE.ZS,% del empleo femenino,2.3,False
Ecuador,ECU,Región Andina,1999,1990s,Estructura sectorial,Empleo femenino en agricultura,SL.AGR.EMPL.FE.ZS,% del empleo femenino,2.4,False
Ecuador,ECU,Región Andina,2000,2000s,Estructura sectorial,Empleo femenino en agricultura,SL.AGR.EMPL.FE.ZS,% del empleo femenino,21.0,False
Ecuador,ECU,Región Andina,2001,2000s,Estructura sectorial,Empleo femenino en agricultura,SL.AGR.EMPL.FE.ZS,% del empleo femenino,27.3,True
Ecuador,ECU,Región Andina,2003,2000s,Estructura sectorial,Empleo femenino en agricultura,SL.AGR.EMPL.FE.ZS,% del empleo femenino,24.7,True
Ecuador,ECU,Región Andina,2004,2000s,Estructura sectorial,Empleo femenino en agricultura,SL.AGR.EMPL.FE.ZS,% del empleo femenino,28.8,True
Ecuador,ECU,Región Andina,2005,2000s,Estructura sectorial,Empleo femenino en agricultura,SL.AGR.EMPL.FE.ZS,% del empleo femenino,26.7,True
Ecuador,ECU,Región Andina,2006,2000s,Estructura sectorial,Empleo femenino en agricultura,SL.AGR.EMPL.FE.ZS,% del empleo femenino,27.0,True
Ecuador,ECU,Región Andina,2007,2000s,Estructura sectorial,Empleo femenino en agricultura,SL.AGR.EMPL.FE.ZS,% del empleo femenino,24.0,True
Ecuador,ECU,Región Andina,2008,2000s,Estructura sectorial,Empleo femenino en agricultura,SL.AGR.EMPL.FE.ZS,% del empleo femenino,22.1,True
Ecuador,ECU,Región Andina,2009,2000s,Estructura sectorial,Empleo femenino en agricultura,SL.AGR.EMPL.FE.ZS,% del empleo femenino,22.1,True
Ecuador,ECU,Región Andina,2010,2010s,Estructura sectorial,Empleo femenino en agricultura,SL.AGR.EMPL.FE.ZS,% del empleo femenino,21.3,True
Ecuador,ECU,Región Andina,2011,2010s,Estructura sectorial,Empleo femenino en agricultura,SL.AGR.EMPL.FE.ZS,% del empleo femenino,21.0,False
Ecuador,ECU,Región Andina,2012,2010s,Estructura sectorial,Empleo femenino en agricultura,SL.AGR.EMPL.FE.ZS,% del empleo femenino,21.2,True
Ecuador,ECU,Región Andina,2013,2010s,Estructura sectorial,Empleo femenino en agricultura,SL.AGR.EMPL.FE.ZS,% del empleo femenino,20.3,False
Ecuador,ECU,Región Andina,1990,1990s,Estructura sectorial,Empleo femenino en servicios,SL.SRV.EMPL.FE.ZS,% del empleo femenino,81.0,False
Ecuador,ECU,Región Andina,1991,1990s,Estructura sectorial,Empleo femenino en servicios,SL.SRV.EMPL.FE.ZS,% del empleo femenino,81.3,False
Ecuador,ECU,Región Andina,1992,1990s,Estructura sectorial,Empleo femenino en servicios,SL.SRV.EMPL.FE.ZS,% del empleo femenino,81.0,False
Ecuador,ECU,Región Andina,1993,1990s,Estructura sectorial,Empleo femenino en servicios,SL.SRV.EMPL.FE.ZS,% del empleo femenino,81.0,False
Ecuador,ECU,Región Andina,1994,1990s,Estructura sectorial,Empleo femenino en servicios,SL.SRV.EMPL.FE.ZS,% del empleo femenino,82.6,False
Ecuador,ECU,Región Andina,1995,1990s,Estructura sectorial,Empleo femenino en servicios,SL.SRV.EMPL.FE.ZS,% del empleo femenino,83.2,False
Ecuador,ECU,Región Andina,1996,1990s,Estructura sectorial,Empleo femenino en servicios,SL.SRV.EMPL.FE.ZS,% del empleo femenino,84.1,False
Ecuador,ECU,Región Andina,1997,1990s,Estructura sectorial,Empleo femenino en servicios,SL.SRV.EMPL.FE.ZS,% del empleo femenino,82.7,False
Ecuador,ECU,Región Andina,1998,1990s,Estructura sectorial,Empleo femenino en servicios,SL.SRV.EMPL.FE.ZS,% del empleo femenino,84.0,False
Ecuador,ECU,Región Andina,1999,1990s,Estructura sectorial,Empleo femenino en servicios,SL.SRV.EMPL.FE.ZS,% del empleo femenino,82.7,False
Ecuador,ECU,Región Andina,2000,2000s,Estructura sectorial,Empleo femenino en servicios,SL.SRV.EMPL.FE.ZS,% del empleo femenino,65.4,False
Ecuador,ECU,Región Andina,2001,2000s,Estructura sectorial,Empleo femenino en servicios,SL.SRV.EMPL.FE.ZS,% del empleo femenino,58.5,False
Ecuador,ECU,Región Andina,2003,2000s,Estructura sectorial,Empleo femenino en servicios,SL.SRV.EMPL.FE.ZS,% del empleo femenino,64.5,False
Ecuador,ECU,Región Andina,2004,2000s,Estructura sectorial,Empleo femenino en servicios,SL.SRV.EMPL.FE.ZS,% del empleo femenino,59.9,False
Ecuador,ECU,Región Andina,2005,2000s,Estructura sectorial,Empleo femenino en servicios,SL.SRV.EMPL.FE.ZS,% del empleo femenino,63.3,False
Ecuador,ECU,Región Andina,2006,2000s,Estructura sectorial,Empleo femenino en servicios,SL.SRV.EMPL.FE.ZS,% del empleo femenino,62.3,False
Ecuador,ECU,Región Andina,2007,2000s,Estructura sectorial,Empleo femenino en servicios,SL.SRV.EMPL.FE.ZS,% del empleo femenino,64.8,False
Ecuador,ECU,Región Andina,2008,2000s,Estructura sectorial,Empleo femenino en servicios,SL.SRV.EMPL.FE.ZS,% del empleo femenino,66.5,False
Ecuador,ECU,Región Andina,2009,2000s,Estructura sectorial,Empleo femenino en servicios,SL.SRV.EMPL.FE.ZS,% del empleo femenino,66.5,False
Ecuador,ECU,Región Andina,2010,2010s,Estructura sectorial,Empleo femenino en servicios,SL.SRV.EMPL.FE.ZS,% del empleo femenino,67.5,False
Ecuador,ECU,Región Andina,2011,2010s,Estructura sectorial,Empleo femenino en servicios,SL.SRV.EMPL.FE.ZS,% del empleo femenino,67.6,False
Ecuador,ECU,Región Andina,2012,2010s,Estructura sectorial,Empleo femenino en servicios,SL.SRV.EMPL.FE.ZS,% del empleo femenino,67.5,False
Ecuador,ECU,Región Andina,2013,2010s,Estructura sectorial,Empleo femenino en servicios,SL.SRV.EMPL.FE.ZS,% del empleo femenino,67.5,False
Ecuador,ECU,Región Andina,1990,1990s,Calidad del empleo,Empleo vulnerable femenino,SL.EMP.VULN.FE.ZS,% del empleo femenino,40.8,False
Ecuador,ECU,Región Andina,1991,1990s,Calidad del empleo,Empleo vulnerable femenino,SL.EMP.VULN.FE.ZS,% del empleo femenino,40.7,False
Ecuador,ECU,Región Andina,1992,1990s,Calidad del empleo,Empleo vulnerable femenino,SL.EMP.VULN.FE.ZS,% del empleo femenino,43.1,False
Ecuador,ECU,Región Andina,1993,1990s,Calidad del empleo,Empleo vulnerable femenino,SL.EMP.VULN.FE.ZS,% del empleo femenino,41.8,False
Ecuador,ECU,Región Andina,1994,1990s,Calidad del empleo,Empleo vulnerable femenino,SL.EMP.VULN.FE.ZS,% del empleo femenino,39.5,False
Ecuador,ECU,Región Andina,1995,1990s,Calidad del empleo,Empleo vulnerable femenino,SL.EMP.VULN.FE.ZS,% del empleo femenino,40.8,False
Ecuador,ECU,Región Andina,1996,1990s,Calidad del empleo,Empleo vulnerable femenino,SL.EMP.VULN.FE.ZS,% del empleo femenino,40.4,False
Ecuador,ECU,Región Andina,1997,1990s,Calidad del empleo,Empleo vulnerable femenino,SL.EMP.VULN.FE.ZS,% del empleo femenino,37.1,False
Ecuador,ECU,Región Andina,1998,1990s,Calidad del empleo,Empleo vulnerable femenino,SL.EMP.VULN.FE.ZS,% del empleo femenino,39.8,False
Ecuador,ECU,Región Andina,1999,1990s,Calidad del empleo,Empleo vulnerable femenino,SL.EMP.VULN.FE.ZS,% del empleo femenino,38.2,False
Ecuador,ECU,Región Andina,2000,2000s,Calidad del empleo,Empleo vulnerable femenino,SL.EMP.VULN.FE.ZS,% del empleo femenino,49.1,False
Ecuador,ECU,Región Andina,2001,2000s,Calidad del empleo,Empleo vulnerable femenino,SL.EMP.VULN.FE.ZS,% del empleo femenino,53.8,False
Ecuador,ECU,Región Andina,2003,2000s,Calidad del empleo,Empleo vulnerable femenino,SL.EMP.VULN.FE.ZS,% del empleo femenino,49.3,False
Ecuador,ECU,Región Andina,2004,2000s,Calidad del empleo,Empleo vulnerable femenino,SL.EMP.VULN.FE.ZS,% del empleo femenino,54.6,False
Ecuador,ECU,Región Andina,2005,2000s,Calidad del empleo,Empleo vulnerable femenino,SL.EMP.VULN.FE.ZS,% del empleo femenino,49.9,False
Ecuador,ECU,Región Andina,2006,2000s,Calidad del empleo,Empleo vulnerable femenino,SL.EMP.VULN.FE.ZS,% del empleo femenino,52.7,False
Ecuador,ECU,Región Andina,2007,2000s,Calidad del empleo,Empleo vulnerable femenino,SL.EMP.VULN.FE.ZS,% del empleo femenino,51.9,False
Ecuador,ECU,Región Andina,2008,2000s,Calidad del empleo,Empleo vulnerable femenino,SL.EMP.VULN.FE.ZS,% del empleo femenino,49.6,False
Ecuador,ECU,Región Andina,2009,2000s,Calidad del empleo,Empleo vulnerable femenino,SL.EMP.VULN.FE.ZS,% del empleo femenino,51.4,False
Ecuador,ECU,Región Andina,2010,2010s,Calidad del empleo,Empleo vulnerable femenino,SL.EMP.VULN.FE.ZS,% del empleo femenino,49.5,False
Ecuador,ECU,Región Andina,2011,2010s,Calidad del empleo,Empleo vulnerable femenino,SL.EMP.VULN.FE.ZS,% del empleo femenino,52.2,False
Ecuador,ECU,Región Andina,2012,2010s,Calidad del empleo,Empleo vulnerable femenino,SL.EMP.VULN.FE.ZS,% del empleo femenino,41.7,False
Ecuador,ECU,Región Andina,2013,2010s,Calidad del empleo,Empleo vulnerable femenino,SL.EMP.VULN.FE.ZS,% del empleo femenino,47.9,False
Ecuador,ECU,Región Andina,2010,2010s,Liderazgo empresarial,Firmas con gerenta mujer,IC.FRM.FEMM.ZS,% de firmas,17.0,False
Ecuador,ECU,Región Andina,2006,2000s,Liderazgo empresarial,Firmas con propiedad femenina,IC.FRM.FEMO.ZS,% de firmas,32.7,False
Ecuador,ECU,Región Andina,2010,2010s,Liderazgo empresarial,Firmas con propiedad femenina,IC.FRM.FEMO.ZS,% de firmas,24.1,False
Ecuador,ECU,Región Andina,2000,2000s,Liderazgo,Mujeres en puestos directivos,SG.GEN.LSOM.ZS,% del total de directivos,29.3,False
Ecuador,ECU,Región Andina,2001,2000s,Liderazgo,Mujeres en puestos directivos,SG.GEN.LSOM.ZS,% del total de directivos,25.28,False
Ecuador,ECU,Región Andina,2002,2000s,Liderazgo,Mujeres en puestos directivos,SG.GEN.LSOM.ZS,% del total de directivos,25.02,False
Ecuador,ECU,Región Andina,2004,2000s,Liderazgo,Mujeres en puestos directivos,SG.GEN.LSOM.ZS,% del total de directivos,33.5,False
Ecuador,ECU,Región Andina,2005,2000s,Liderazgo,Mujeres en puestos directivos,SG.GEN.LSOM.ZS,% del total de directivos,34.62,False
Ecuador,ECU,Región Andina,2006,2000s,Liderazgo,Mujeres en puestos directivos,SG.GEN.LSOM.ZS,% del total de directivos,27.72,False
Ecuador,ECU,Región Andina,2011,2010s,Liderazgo,Mujeres en puestos directivos,SG.GEN.LSOM.ZS,% del total de directivos,40.74,False
Ecuador,ECU,Región Andina,2012,2010s,Liderazgo,Mujeres en puestos directivos,SG.GEN.LSOM.ZS,% del total de directivos,39.7,False
Ecuador,ECU,Región Andina,1990,1990s,Contexto,PBI per cápita,NY.GDP.PCAP.CD,USD corrientes,1491.4,False
Ecuador,ECU,Región Andina,1991,1990s,Contexto,PBI per cápita,NY.GDP.PCAP.CD,USD corrientes,1623.99,False
Ecuador,ECU,Región Andina,1992,1990s,Contexto,PBI per cápita,NY.GDP.PCAP.CD,USD corrientes,1690.15,False
Ecuador,ECU,Región Andina,1993,1990s,Contexto,PBI per cápita,NY.GDP.PCAP.CD,USD corrientes,1729.37,False
Ecuador,ECU,Región Andina,1994,1990s,Contexto,PBI per cápita,NY.GDP.PCAP.CD,USD corrientes,2028.2,False
Ecuador,ECU,Región Andina,1995,1990s,Contexto,PBI per cápita,NY.GDP.PCAP.CD,USD corrientes,2135.63,False
Ecuador,ECU,Región Andina,1996,1990s,Contexto,PBI per cápita,NY.GDP.PCAP.CD,USD corrientes,2159.15,False
Ecuador,ECU,Región Andina,1997,1990s,Contexto,PBI per cápita,NY.GDP.PCAP.CD,USD corrientes,2361.6,False
Ecuador,ECU,Región Andina,1998,1990s,Contexto,PBI per cápita,NY.GDP.PCAP.CD,USD corrientes,2300.41,False
Ecuador,ECU,Región Andina,1999,1990s,Contexto,PBI per cápita,NY.GDP.PCAP.CD,USD corrientes,1584.46,False
Ecuador,ECU,Región Andina,2000,2000s,Contexto,PBI per cápita,NY.GDP.PCAP.CD,USD corrientes,1451.29,False
Ecuador,ECU,Región Andina,2001,2000s,Contexto,PBI per cápita,NY.GDP.PCAP.CD,USD corrientes,1903.74,False
Ecuador,ECU,Región Andina,2002,2000s,Contexto,PBI per cápita,NY.GDP.PCAP.CD,USD corrientes,2183.97,False
Ecuador,ECU,Región Andina,2003,2000s,Contexto,PBI per cápita,NY.GDP.PCAP.CD,USD corrientes,2440.47,False
Ecuador,ECU,Región Andina,2004,2000s,Contexto,PBI per cápita,NY.GDP.PCAP.CD,USD corrientes,2708.56,False
Ecuador,ECU,Región Andina,2005,2000s,Contexto,PBI per cápita,NY.GDP.PCAP.CD,USD corrientes,3021.94,False
Ecuador,ECU,Región Andina,2006,2000s,Contexto,PBI per cápita,NY.GDP.PCAP.CD,USD corrientes,3350.78,False
Ecuador,ECU,Región Andina,2007,2000s,Contexto,PBI per cápita,NY.GDP.PCAP.CD,USD corrientes,3590.71,False
Ecuador,ECU,Región Andina,2008,2000s,Contexto,PBI per cápita,NY.GDP.PCAP.CD,USD corrientes,4274.94,False
Ecuador,ECU,Región Andina,2009,2000s,Contexto,PBI per cápita,NY.GDP.PCAP.CD,USD corrientes,4255.56,False
Ecuador,ECU,Región Andina,2010,2010s,Contexto,PBI per cápita,NY.GDP.PCAP.CD,USD corrientes,4657.3,False
Ecuador,ECU,Región Andina,2011,2010s,Contexto,PBI per cápita,NY.GDP.PCAP.CD,USD corrientes,5223.38,False
Ecuador,ECU,Región Andina,2012,2010s,Contexto,PBI per cápita,NY.GDP.PCAP.CD,USD corrientes,5702.17,False
Ecuador,ECU,Región Andina,2013,2010s,Contexto,PBI per cápita,NY.GDP.PCAP.CD,USD corrientes,6051.61,False
Ecuador,ECU,Región Andina,2014,2010s,Contexto,PBI per cápita,NY.GDP.PCAP.CD,USD corrientes,6345.84,False
Ecuador,ECU,Región Andina,1990,1990s,Participación,Participación laboral femenina,SL.TLF.CACT.FE.ZS,% de mujeres 15+,39.3,False
Ecuador,ECU,Región Andina,1991,1990s,Participación,Participación laboral femenina,SL.TLF.CACT.FE.ZS,% de mujeres 15+,40.1,False
Ecuador,ECU,Región Andina,1992,1990s,Participación,Participación laboral femenina,SL.TLF.CACT.FE.ZS,% de mujeres 15+,41.3,False
Ecuador,ECU,Región Andina,1993,1990s,Participación,Participación laboral femenina,SL.TLF.CACT.FE.ZS,% de mujeres 15+,42.6,False
Ecuador,ECU,Región Andina,1994,1990s,Participación,Participación laboral femenina,SL.TLF.CACT.FE.ZS,% de mujeres 15+,43.5,False
Ecuador,ECU,Región Andina,1995,1990s,Participación,Participación laboral femenina,SL.TLF.CACT.FE.ZS,% de mujeres 15+,44.6,False
Ecuador,ECU,Región Andina,1996,1990s,Participación,Participación laboral femenina,SL.TLF.CACT.FE.ZS,% de mujeres 15+,45.6,False
Ecuador,ECU,Región Andina,1997,1990s,Participación,Participación laboral femenina,SL.TLF.CACT.FE.ZS,% de mujeres 15+,46.4,False
Ecuador,ECU,Región Andina,1998,1990s,Participación,Participación laboral femenina,SL.TLF.CACT.FE.ZS,% de mujeres 15+,47.3,False
Ecuador,ECU,Región Andina,1999,1990s,Participación,Participación laboral femenina,SL.TLF.CACT.FE.ZS,% de mujeres 15+,49.0,False
Ecuador,ECU,Región Andina,2000,2000s,Participación,Participación laboral femenina,SL.TLF.CACT.FE.ZS,% de mujeres 15+,49.9,False
Ecuador,ECU,Región Andina,2001,2000s,Participación,Participación laboral femenina,SL.TLF.CACT.FE.ZS,% de mujeres 15+,56.7,False
Ecuador,ECU,Región Andina,2002,2000s,Participación,Participación laboral femenina,SL.TLF.CACT.FE.ZS,% de mujeres 15+,55.2,False
Ecuador,ECU,Región Andina,2003,2000s,Participación,Participación laboral femenina,SL.TLF.CACT.FE.ZS,% de mujeres 15+,53.9,False
Ecuador,ECU,Región Andina,2004,2000s,Participación,Participación laboral femenina,SL.TLF.CACT.FE.ZS,% de mujeres 15+,57.5,False
Ecuador,ECU,Región Andina,2005,2000s,Participación,Participación laboral femenina,SL.TLF.CACT.FE.ZS,% de mujeres 15+,55.3,False
Ecuador,ECU,Región Andina,2006,2000s,Participación,Participación laboral femenina,SL.TLF.CACT.FE.ZS,% de mujeres 15+,56.6,False
Ecuador,ECU,Región Andina,2007,2000s,Participación,Participación laboral femenina,SL.TLF.CACT.FE.ZS,% de mujeres 15+,54.2,False
Ecuador,ECU,Región Andina,2008,2000s,Participación,Participación laboral femenina,SL.TLF.CACT.FE.ZS,% de mujeres 15+,52.7,False
Ecuador,ECU,Región Andina,2009,2000s,Participación,Participación laboral femenina,SL.TLF.CACT.FE.ZS,% de mujeres 15+,52.9,False
Ecuador,ECU,Región Andina,2010,2010s,Participación,Participación laboral femenina,SL.TLF.CACT.FE.ZS,% de mujeres 15+,53.7,False
Ecuador,ECU,Región Andina,2011,2010s,Participación,Participación laboral femenina,SL.TLF.CACT.FE.ZS,% de mujeres 15+,54.1,False
Ecuador,ECU,Región Andina,2012,2010s,Participación,Participación laboral femenina,SL.TLF.CACT.FE.ZS,% de mujeres 15+,54.4,False
Ecuador,ECU,Región Andina,2013,2010s,Participación,Participación laboral femenina,SL.TLF.CACT.FE.ZS,% de mujeres 15+,54.7,False
Ecuador,ECU,Región Andina,2014,2010s,Participación,Participación laboral femenina,SL.TLF.CACT.FE.ZS,% de mujeres 15+,55.0,False
Ecuador,ECU,Región Andina,1990,1990s,Participación,Participación laboral masculina,SL.TLF.CACT.MA.ZS,% de varones 15+,84.0,False
Ecuador,ECU,Región Andina,1991,1990s,Participación,Participación laboral masculina,SL.TLF.CACT.MA.ZS,% de varones 15+,83.9,False
Ecuador,ECU,Región Andina,1992,1990s,Participación,Participación laboral masculina,SL.TLF.CACT.MA.ZS,% de varones 15+,83.9,False
Ecuador,ECU,Región Andina,1993,1990s,Participación,Participación laboral masculina,SL.TLF.CACT.MA.ZS,% de varones 15+,83.9,False
Ecuador,ECU,Región Andina,1994,1990s,Participación,Participación laboral masculina,SL.TLF.CACT.MA.ZS,% de varones 15+,83.9,False
Ecuador,ECU,Región Andina,1995,1990s,Participación,Participación laboral masculina,SL.TLF.CACT.MA.ZS,% de varones 15+,83.8,False
Ecuador,ECU,Región Andina,1996,1990s,Participación,Participación laboral masculina,SL.TLF.CACT.MA.ZS,% de varones 15+,83.8,False
Ecuador,ECU,Región Andina,1997,1990s,Participación,Participación laboral masculina,SL.TLF.CACT.MA.ZS,% de varones 15+,83.8,False
Ecuador,ECU,Región Andina,1998,1990s,Participación,Participación laboral masculina,SL.TLF.CACT.MA.ZS,% de varones 15+,83.8,False
Ecuador,ECU,Región Andina,1999,1990s,Participación,Participación laboral masculina,SL.TLF.CACT.MA.ZS,% de varones 15+,83.8,False
Ecuador,ECU,Región Andina,2000,2000s,Participación,Participación laboral masculina,SL.TLF.CACT.MA.ZS,% de varones 15+,83.8,False
Ecuador,ECU,Región Andina,2001,2000s,Participación,Participación laboral masculina,SL.TLF.CACT.MA.ZS,% de varones 15+,86.5,False
Ecuador,ECU,Región Andina,2002,2000s,Participación,Participación laboral masculina,SL.TLF.CACT.MA.ZS,% de varones 15+,85.4,False
Ecuador,ECU,Región Andina,2003,2000s,Participación,Participación laboral masculina,SL.TLF.CACT.MA.ZS,% de varones 15+,84.2,False
Ecuador,ECU,Región Andina,2004,2000s,Participación,Participación laboral masculina,SL.TLF.CACT.MA.ZS,% de varones 15+,84.7,False
Ecuador,ECU,Región Andina,2005,2000s,Participación,Participación laboral masculina,SL.TLF.CACT.MA.ZS,% de varones 15+,84.7,False
Ecuador,ECU,Región Andina,2006,2000s,Participación,Participación laboral masculina,SL.TLF.CACT.MA.ZS,% de varones 15+,85.8,False
Ecuador,ECU,Región Andina,2007,2000s,Participación,Participación laboral masculina,SL.TLF.CACT.MA.ZS,% de varones 15+,84.1,False
Ecuador,ECU,Región Andina,2008,2000s,Participación,Participación laboral masculina,SL.TLF.CACT.MA.ZS,% de varones 15+,83.3,False
Ecuador,ECU,Región Andina,2009,2000s,Participación,Participación laboral masculina,SL.TLF.CACT.MA.ZS,% de varones 15+,82.5,False
Ecuador,ECU,Región Andina,2010,2010s,Participación,Participación laboral masculina,SL.TLF.CACT.MA.ZS,% de varones 15+,82.5,False
Ecuador,ECU,Región Andina,2011,2010s,Participación,Participación laboral masculina,SL.TLF.CACT.MA.ZS,% de varones 15+,82.6,False
Ecuador,ECU,Región Andina,2012,2010s,Participación,Participación laboral masculina,SL.TLF.CACT.MA.ZS,% de varones 15+,82.6,False
Ecuador,ECU,Región Andina,2013,2010s,Participación,Participación laboral masculina,SL.TLF.CACT.MA.ZS,% de varones 15+,82.7,False
Ecuador,ECU,Región Andina,2014,2010s,Participación,Participación laboral masculina,SL.TLF.CACT.MA.ZS,% de varones 15+,82.7,False
Ecuador,ECU,Región Andina,1990,1990s,Participación,Ratio participación mujer/varón,SL.TLF.CACT.FM.ZS,% (mujer/varón),46.79,False
Ecuador,ECU,Región Andina,1991,1990s,Participación,Ratio participación mujer/varón,SL.TLF.CACT.FM.ZS,% (mujer/varón),47.79,False
Ecuador,ECU,Región Andina,1992,1990s,Participación,Ratio participación mujer/varón,SL.TLF.CACT.FM.ZS,% (mujer/varón),49.23,False
Ecuador,ECU,Región Andina,1993,1990s,Participación,Ratio participación mujer/varón,SL.TLF.CACT.FM.ZS,% (mujer/varón),50.77,False
Ecuador,ECU,Región Andina,1994,1990s,Participación,Ratio participación mujer/varón,SL.TLF.CACT.FM.ZS,% (mujer/varón),51.85,False
Ecuador,ECU,Región Andina,1995,1990s,Participación,Ratio participación mujer/varón,SL.TLF.CACT.FM.ZS,% (mujer/varón),53.22,False
Ecuador,ECU,Región Andina,1996,1990s,Participación,Ratio participación mujer/varón,SL.TLF.CACT.FM.ZS,% (mujer/varón),54.42,False
Ecuador,ECU,Región Andina,1997,1990s,Participación,Ratio participación mujer/varón,SL.TLF.CACT.FM.ZS,% (mujer/varón),55.37,False
Ecuador,ECU,Región Andina,1998,1990s,Participación,Ratio participación mujer/varón,SL.TLF.CACT.FM.ZS,% (mujer/varón),56.44,False
Ecuador,ECU,Región Andina,1999,1990s,Participación,Ratio participación mujer/varón,SL.TLF.CACT.FM.ZS,% (mujer/varón),58.47,False
Ecuador,ECU,Región Andina,2000,2000s,Participación,Ratio participación mujer/varón,SL.TLF.CACT.FM.ZS,% (mujer/varón),59.55,False
Ecuador,ECU,Región Andina,2001,2000s,Participación,Ratio participación mujer/varón,SL.TLF.CACT.FM.ZS,% (mujer/varón),65.55,False
Ecuador,ECU,Región Andina,2002,2000s,Participación,Ratio participación mujer/varón,SL.TLF.CACT.FM.ZS,% (mujer/varón),64.64,False
Ecuador,ECU,Región Andina,2003,2000s,Participación,Ratio participación mujer/varón,SL.TLF.CACT.FM.ZS,% (mujer/varón),64.01,False
Ecuador,ECU,Región Andina,2004,2000s,Participación,Ratio participación mujer/varón,SL.TLF.CACT.FM.ZS,% (mujer/varón),67.89,False
Ecuador,ECU,Región Andina,2005,2000s,Participación,Ratio participación mujer/varón,SL.TLF.CACT.FM.ZS,% (mujer/varón),65.29,False
Ecuador,ECU,Región Andina,2006,2000s,Participación,Ratio participación mujer/varón,SL.TLF.CACT.FM.ZS,% (mujer/varón),65.97,False
Ecuador,ECU,Región Andina,2007,2000s,Participación,Ratio participación mujer/varón,SL.TLF.CACT.FM.ZS,% (mujer/varón),64.45,False
Ecuador,ECU,Región Andina,2008,2000s,Participación,Ratio participación mujer/varón,SL.TLF.CACT.FM.ZS,% (mujer/varón),63.27,False
Ecuador,ECU,Región Andina,2009,2000s,Participación,Ratio participación mujer/varón,SL.TLF.CACT.FM.ZS,% (mujer/varón),64.12,False
Ecuador,ECU,Región Andina,2010,2010s,Participación,Ratio participación mujer/varón,SL.TLF.CACT.FM.ZS,% (mujer/varón),65.09,False
Ecuador,ECU,Región Andina,2011,2010s,Participación,Ratio participación mujer/varón,SL.TLF.CACT.FM.ZS,% (mujer/varón),65.5,False
Ecuador,ECU,Región Andina,2012,2010s,Participación,Ratio participación mujer/varón,SL.TLF.CACT.FM.ZS,% (mujer/varón),65.86,False
Ecuador,ECU,Región Andina,2013,2010s,Participación,Ratio participación mujer/varón,SL.TLF.CACT.FM.ZS,% (mujer/varón),66.14,False
Ecuador,ECU,Región Andina,2014,2010s,Participación,Ratio participación mujer/varón,SL.TLF.CACT.FM.ZS,% (mujer/varón),66.51,False
El Salvador,SLV,Centroamérica y México,1993,1990s,Calidad del empleo,Asalariadas,SL.EMP.WORK.FE.ZS,% del empleo femenino,49.8,False
El Salvador,SLV,Centroamérica y México,1994,1990s,Calidad del empleo,Asalariadas,SL.EMP.WORK.FE.ZS,% del empleo femenino,50.4,False
El Salvador,SLV,Centroamérica y México,1995,1990s,Calidad del empleo,Asalariadas,SL.EMP.WORK.FE.ZS,% del empleo femenino,41.5,False
El Salvador,SLV,Centroamérica y México,1996,1990s,Calidad del empleo,Asalariadas,SL.EMP.WORK.FE.ZS,% del empleo femenino,39.7,False
El Salvador,SLV,Centroamérica y México,1997,1990s,Calidad del empleo,Asalariadas,SL.EMP.WORK.FE.ZS,% del empleo femenino,40.7,False
El Salvador,SLV,Centroamérica y México,1998,1990s,Calidad del empleo,Asalariadas,SL.EMP.WORK.FE.ZS,% del empleo femenino,53.5,False
El Salvador,SLV,Centroamérica y México,1999,1990s,Calidad del empleo,Asalariadas,SL.EMP.WORK.FE.ZS,% del empleo femenino,54.2,False
El Salvador,SLV,Centroamérica y México,2000,2000s,Calidad del empleo,Asalariadas,SL.EMP.WORK.FE.ZS,% del empleo femenino,41.2,False
El Salvador,SLV,Centroamérica y México,2001,2000s,Calidad del empleo,Asalariadas,SL.EMP.WORK.FE.ZS,% del empleo femenino,40.0,False
El Salvador,SLV,Centroamérica y México,2002,2000s,Calidad del empleo,Asalariadas,SL.EMP.WORK.FE.ZS,% del empleo femenino,40.8,False
El Salvador,SLV,Centroamérica y México,2003,2000s,Calidad del empleo,Asalariadas,SL.EMP.WORK.FE.ZS,% del empleo femenino,42.3,False
El Salvador,SLV,Centroamérica y México,2004,2000s,Calidad del empleo,Asalariadas,SL.EMP.WORK.FE.ZS,% del empleo femenino,41.3,False
El Salvador,SLV,Centroamérica y México,2005,2000s,Calidad del empleo,Asalariadas,SL.EMP.WORK.FE.ZS,% del empleo femenino,40.5,False
El Salvador,SLV,Centroamérica y México,2006,2000s,Calidad del empleo,Asalariadas,SL.EMP.WORK.FE.ZS,% del empleo femenino,42.5,False
El Salvador,SLV,Centroamérica y México,2007,2000s,Calidad del empleo,Asalariadas,SL.EMP.WORK.FE.ZS,% del empleo femenino,52.5,False
El Salvador,SLV,Centroamérica y México,2008,2000s,Calidad del empleo,Asalariadas,SL.EMP.WORK.FE.ZS,% del empleo femenino,52.1,False
El Salvador,SLV,Centroamérica y México,2009,2000s,Calidad del empleo,Asalariadas,SL.EMP.WORK.FE.ZS,% del empleo femenino,43.3,False
El Salvador,SLV,Centroamérica y México,2010,2010s,Calidad del empleo,Asalariadas,SL.EMP.WORK.FE.ZS,% del empleo femenino,51.1,False
El Salvador,SLV,Centroamérica y México,2011,2010s,Calidad del empleo,Asalariadas,SL.EMP.WORK.FE.ZS,% del empleo femenino,51.7,False
El Salvador,SLV,Centroamérica y México,2012,2010s,Calidad del empleo,Asalariadas,SL.EMP.WORK.FE.ZS,% del empleo femenino,51.6,False
El Salvador,SLV,Centroamérica y México,2013,2010s,Calidad del empleo,Asalariadas,SL.EMP.WORK.FE.ZS,% del empleo femenino,41.4,False
El Salvador,SLV,Centroamérica y México,1990,1990s,Liderazgo,Bancas parlamentarias femeninas,SG.GEN.PARL.ZS,% de bancas,11.7,False
El Salvador,SLV,Centroamérica y México,1997,1990s,Liderazgo,Bancas parlamentarias femeninas,SG.GEN.PARL.ZS,% de bancas,15.5,False
El Salvador,SLV,Centroamérica y México,1998,1990s,Liderazgo,Bancas parlamentarias femeninas,SG.GEN.PARL.ZS,% de bancas,16.7,False
El Salvador,SLV,Centroamérica y México,1999,1990s,Liderazgo,Bancas parlamentarias femeninas,SG.GEN.PARL.ZS,% de bancas,16.7,False
El Salvador,SLV,Centroamérica y México,2000,2000s,Liderazgo,Bancas parlamentarias femeninas,SG.GEN.PARL.ZS,% de bancas,9.5,False
El Salvador,SLV,Centroamérica y México,2001,2000s,Liderazgo,Bancas parlamentarias femeninas,SG.GEN.PARL.ZS,% de bancas,9.5,False
El Salvador,SLV,Centroamérica y México,2002,2000s,Liderazgo,Bancas parlamentarias femeninas,SG.GEN.PARL.ZS,% de bancas,9.5,False
El Salvador,SLV,Centroamérica y México,2003,2000s,Liderazgo,Bancas parlamentarias femeninas,SG.GEN.PARL.ZS,% de bancas,10.7,False
El Salvador,SLV,Centroamérica y México,2004,2000s,Liderazgo,Bancas parlamentarias femeninas,SG.GEN.PARL.ZS,% de bancas,10.7,False
El Salvador,SLV,Centroamérica y México,2005,2000s,Liderazgo,Bancas parlamentarias femeninas,SG.GEN.PARL.ZS,% de bancas,10.7,False
El Salvador,SLV,Centroamérica y México,2006,2000s,Liderazgo,Bancas parlamentarias femeninas,SG.GEN.PARL.ZS,% de bancas,16.7,False
El Salvador,SLV,Centroamérica y México,2007,2000s,Liderazgo,Bancas parlamentarias femeninas,SG.GEN.PARL.ZS,% de bancas,16.7,False
El Salvador,SLV,Centroamérica y México,2008,2000s,Liderazgo,Bancas parlamentarias femeninas,SG.GEN.PARL.ZS,% de bancas,16.7,False
El Salvador,SLV,Centroamérica y México,2009,2000s,Liderazgo,Bancas parlamentarias femeninas,SG.GEN.PARL.ZS,% de bancas,19.0,False
El Salvador,SLV,Centroamérica y México,2010,2010s,Liderazgo,Bancas parlamentarias femeninas,SG.GEN.PARL.ZS,% de bancas,19.0,False
El Salvador,SLV,Centroamérica y México,2011,2010s,Liderazgo,Bancas parlamentarias femeninas,SG.GEN.PARL.ZS,% de bancas,19.0,False
El Salvador,SLV,Centroamérica y México,2012,2010s,Liderazgo,Bancas parlamentarias femeninas,SG.GEN.PARL.ZS,% de bancas,26.2,False
El Salvador,SLV,Centroamérica y México,2013,2010s,Liderazgo,Bancas parlamentarias femeninas,SG.GEN.PARL.ZS,% de bancas,26.2,False
El Salvador,SLV,Centroamérica y México,2014,2010s,Liderazgo,Bancas parlamentarias femeninas,SG.GEN.PARL.ZS,% de bancas,27.4,False
El Salvador,SLV,Centroamérica y México,1991,1990s,Calidad del empleo,Desempleo femenino,SL.UEM.TOTL.FE.ZS,% de la PEA femenina,4.0,False
El Salvador,SLV,Centroamérica y México,1992,1990s,Calidad del empleo,Desempleo femenino,SL.UEM.TOTL.FE.ZS,% de la PEA femenina,5.1,False
El Salvador,SLV,Centroamérica y México,1993,1990s,Calidad del empleo,Desempleo femenino,SL.UEM.TOTL.FE.ZS,% de la PEA femenina,6.6,False
El Salvador,SLV,Centroamérica y México,1994,1990s,Calidad del empleo,Desempleo femenino,SL.UEM.TOTL.FE.ZS,% de la PEA femenina,5.1,False
El Salvador,SLV,Centroamérica y México,1995,1990s,Calidad del empleo,Desempleo femenino,SL.UEM.TOTL.FE.ZS,% de la PEA femenina,5.9,False
El Salvador,SLV,Centroamérica y México,1996,1990s,Calidad del empleo,Desempleo femenino,SL.UEM.TOTL.FE.ZS,% de la PEA femenina,6.5,False
El Salvador,SLV,Centroamérica y México,1997,1990s,Calidad del empleo,Desempleo femenino,SL.UEM.TOTL.FE.ZS,% de la PEA femenina,5.4,False
El Salvador,SLV,Centroamérica y México,1998,1990s,Calidad del empleo,Desempleo femenino,SL.UEM.TOTL.FE.ZS,% de la PEA femenina,5.9,False
El Salvador,SLV,Centroamérica y México,1999,1990s,Calidad del empleo,Desempleo femenino,SL.UEM.TOTL.FE.ZS,% de la PEA femenina,4.7,False
El Salvador,SLV,Centroamérica y México,2000,2000s,Calidad del empleo,Desempleo femenino,SL.UEM.TOTL.FE.ZS,% de la PEA femenina,4.5,False
El Salvador,SLV,Centroamérica y México,2001,2000s,Calidad del empleo,Desempleo femenino,SL.UEM.TOTL.FE.ZS,% de la PEA femenina,4.4,False
El Salvador,SLV,Centroamérica y México,2002,2000s,Calidad del empleo,Desempleo femenino,SL.UEM.TOTL.FE.ZS,% de la PEA femenina,3.5,False
El Salvador,SLV,Centroamérica y México,2003,2000s,Calidad del empleo,Desempleo femenino,SL.UEM.TOTL.FE.ZS,% de la PEA femenina,3.5,False
El Salvador,SLV,Centroamérica y México,2004,2000s,Calidad del empleo,Desempleo femenino,SL.UEM.TOTL.FE.ZS,% de la PEA femenina,3.9,False
El Salvador,SLV,Centroamérica y México,2005,2000s,Calidad del empleo,Desempleo femenino,SL.UEM.TOTL.FE.ZS,% de la PEA femenina,4.2,False
El Salvador,SLV,Centroamérica y México,2006,2000s,Calidad del empleo,Desempleo femenino,SL.UEM.TOTL.FE.ZS,% de la PEA femenina,3.9,False
El Salvador,SLV,Centroamérica y México,2007,2000s,Calidad del empleo,Desempleo femenino,SL.UEM.TOTL.FE.ZS,% de la PEA femenina,3.7,False
El Salvador,SLV,Centroamérica y México,2008,2000s,Calidad del empleo,Desempleo femenino,SL.UEM.TOTL.FE.ZS,% de la PEA femenina,3.6,False
El Salvador,SLV,Centroamérica y México,2009,2000s,Calidad del empleo,Desempleo femenino,SL.UEM.TOTL.FE.ZS,% de la PEA femenina,4.9,False
El Salvador,SLV,Centroamérica y México,2010,2010s,Calidad del empleo,Desempleo femenino,SL.UEM.TOTL.FE.ZS,% de la PEA femenina,5.2,False
El Salvador,SLV,Centroamérica y México,2011,2010s,Calidad del empleo,Desempleo femenino,SL.UEM.TOTL.FE.ZS,% de la PEA femenina,4.5,False
El Salvador,SLV,Centroamérica y México,2012,2010s,Calidad del empleo,Desempleo femenino,SL.UEM.TOTL.FE.ZS,% de la PEA femenina,4.4,False
El Salvador,SLV,Centroamérica y México,2013,2010s,Calidad del empleo,Desempleo femenino,SL.UEM.TOTL.FE.ZS,% de la PEA femenina,4.5,False
El Salvador,SLV,Centroamérica y México,2014,2010s,Calidad del empleo,Desempleo femenino,SL.UEM.TOTL.FE.ZS,% de la PEA femenina,4.4,False
El Salvador,SLV,Centroamérica y México,1993,1990s,Calidad del empleo,Empleadoras,SL.EMP.MPYR.FE.ZS,% del empleo femenino,3.0,False
El Salvador,SLV,Centroamérica y México,1994,1990s,Calidad del empleo,Empleadoras,SL.EMP.MPYR.FE.ZS,% del empleo femenino,3.2,False
El Salvador,SLV,Centroamérica y México,1995,1990s,Calidad del empleo,Empleadoras,SL.EMP.MPYR.FE.ZS,% del empleo femenino,2.9,False
El Salvador,SLV,Centroamérica y México,1996,1990s,Calidad del empleo,Empleadoras,SL.EMP.MPYR.FE.ZS,% del empleo femenino,2.6,False
El Salvador,SLV,Centroamérica y México,1997,1990s,Calidad del empleo,Empleadoras,SL.EMP.MPYR.FE.ZS,% del empleo femenino,3.0,False
El Salvador,SLV,Centroamérica y México,1998,1990s,Calidad del empleo,Empleadoras,SL.EMP.MPYR.FE.ZS,% del empleo femenino,1.9,False
El Salvador,SLV,Centroamérica y México,1999,1990s,Calidad del empleo,Empleadoras,SL.EMP.MPYR.FE.ZS,% del empleo femenino,2.5,False
El Salvador,SLV,Centroamérica y México,2000,2000s,Calidad del empleo,Empleadoras,SL.EMP.MPYR.FE.ZS,% del empleo femenino,3.1,False
El Salvador,SLV,Centroamérica y México,2001,2000s,Calidad del empleo,Empleadoras,SL.EMP.MPYR.FE.ZS,% del empleo femenino,2.9,False
El Salvador,SLV,Centroamérica y México,2002,2000s,Calidad del empleo,Empleadoras,SL.EMP.MPYR.FE.ZS,% del empleo femenino,2.6,False
El Salvador,SLV,Centroamérica y México,2003,2000s,Calidad del empleo,Empleadoras,SL.EMP.MPYR.FE.ZS,% del empleo femenino,2.7,False
El Salvador,SLV,Centroamérica y México,2004,2000s,Calidad del empleo,Empleadoras,SL.EMP.MPYR.FE.ZS,% del empleo femenino,2.8,False
El Salvador,SLV,Centroamérica y México,2005,2000s,Calidad del empleo,Empleadoras,SL.EMP.MPYR.FE.ZS,% del empleo femenino,2.9,False
El Salvador,SLV,Centroamérica y México,2006,2000s,Calidad del empleo,Empleadoras,SL.EMP.MPYR.FE.ZS,% del empleo femenino,2.8,False
El Salvador,SLV,Centroamérica y México,2007,2000s,Calidad del empleo,Empleadoras,SL.EMP.MPYR.FE.ZS,% del empleo femenino,3.2,False
El Salvador,SLV,Centroamérica y México,2008,2000s,Calidad del empleo,Empleadoras,SL.EMP.MPYR.FE.ZS,% del empleo femenino,2.6,False
El Salvador,SLV,Centroamérica y México,2009,2000s,Calidad del empleo,Empleadoras,SL.EMP.MPYR.FE.ZS,% del empleo femenino,1.9,False
El Salvador,SLV,Centroamérica y México,2010,2010s,Calidad del empleo,Empleadoras,SL.EMP.MPYR.FE.ZS,% del empleo femenino,2.9,False
El Salvador,SLV,Centroamérica y México,2011,2010s,Calidad del empleo,Empleadoras,SL.EMP.MPYR.FE.ZS,% del empleo femenino,2.7,False
El Salvador,SLV,Centroamérica y México,2012,2010s,Calidad del empleo,Empleadoras,SL.EMP.MPYR.FE.ZS,% del empleo femenino,3.1,False
El Salvador,SLV,Centroamérica y México,2013,2010s,Calidad del empleo,Empleadoras,SL.EMP.MPYR.FE.ZS,% del empleo femenino,3.1,False
El Salvador,SLV,Centroamérica y México,1990,1990s,Estructura sectorial,Empleo femenino en agricultura,SL.AGR.EMPL.FE.ZS,% del empleo femenino,2.7,False
El Salvador,SLV,Centroamérica y México,1991,1990s,Estructura sectorial,Empleo femenino en agricultura,SL.AGR.EMPL.FE.ZS,% del empleo femenino,5.0,False
El Salvador,SLV,Centroamérica y México,1992,1990s,Estructura sectorial,Empleo femenino en agricultura,SL.AGR.EMPL.FE.ZS,% del empleo femenino,14.8,False
El Salvador,SLV,Centroamérica y México,1994,1990s,Estructura sectorial,Empleo femenino en agricultura,SL.AGR.EMPL.FE.ZS,% del empleo femenino,8.3,False
El Salvador,SLV,Centroamérica y México,1995,1990s,Estructura sectorial,Empleo femenino en agricultura,SL.AGR.EMPL.FE.ZS,% del empleo femenino,7.7,False
El Salvador,SLV,Centroamérica y México,1996,1990s,Estructura sectorial,Empleo femenino en agricultura,SL.AGR.EMPL.FE.ZS,% del empleo femenino,7.9,False
El Salvador,SLV,Centroamérica y México,1997,1990s,Estructura sectorial,Empleo femenino en agricultura,SL.AGR.EMPL.FE.ZS,% del empleo femenino,7.0,False
El Salvador,SLV,Centroamérica y México,1998,1990s,Estructura sectorial,Empleo femenino en agricultura,SL.AGR.EMPL.FE.ZS,% del empleo femenino,6.3,False
El Salvador,SLV,Centroamérica y México,2000,2000s,Estructura sectorial,Empleo femenino en agricultura,SL.AGR.EMPL.FE.ZS,% del empleo femenino,3.8,False
El Salvador,SLV,Centroamérica y México,2001,2000s,Estructura sectorial,Empleo femenino en agricultura,SL.AGR.EMPL.FE.ZS,% del empleo femenino,4.1,False
El Salvador,SLV,Centroamérica y México,2002,2000s,Estructura sectorial,Empleo femenino en agricultura,SL.AGR.EMPL.FE.ZS,% del empleo femenino,2.7,False
El Salvador,SLV,Centroamérica y México,2003,2000s,Estructura sectorial,Empleo femenino en agricultura,SL.AGR.EMPL.FE.ZS,% del empleo femenino,3.9,False
El Salvador,SLV,Centroamérica y México,2004,2000s,Estructura sectorial,Empleo femenino en agricultura,SL.AGR.EMPL.FE.ZS,% del empleo femenino,3.4,False
El Salvador,SLV,Centroamérica y México,2005,2000s,Estructura sectorial,Empleo femenino en agricultura,SL.AGR.EMPL.FE.ZS,% del empleo femenino,4.8,False
El Salvador,SLV,Centroamérica y México,2006,2000s,Estructura sectorial,Empleo femenino en agricultura,SL.AGR.EMPL.FE.ZS,% del empleo femenino,4.8,False
El Salvador,SLV,Centroamérica y México,2007,2000s,Estructura sectorial,Empleo femenino en agricultura,SL.AGR.EMPL.FE.ZS,% del empleo femenino,3.6,False
El Salvador,SLV,Centroamérica y México,2008,2000s,Estructura sectorial,Empleo femenino en agricultura,SL.AGR.EMPL.FE.ZS,% del empleo femenino,4.8,False
El Salvador,SLV,Centroamérica y México,2009,2000s,Estructura sectorial,Empleo femenino en agricultura,SL.AGR.EMPL.FE.ZS,% del empleo femenino,4.8,False
El Salvador,SLV,Centroamérica y México,2010,2010s,Estructura sectorial,Empleo femenino en agricultura,SL.AGR.EMPL.FE.ZS,% del empleo femenino,5.4,False
El Salvador,SLV,Centroamérica y México,2011,2010s,Estructura sectorial,Empleo femenino en agricultura,SL.AGR.EMPL.FE.ZS,% del empleo femenino,6.6,False
El Salvador,SLV,Centroamérica y México,2012,2010s,Estructura sectorial,Empleo femenino en agricultura,SL.AGR.EMPL.FE.ZS,% del empleo femenino,5.0,False
El Salvador,SLV,Centroamérica y México,2013,2010s,Estructura sectorial,Empleo femenino en agricultura,SL.AGR.EMPL.FE.ZS,% del empleo femenino,4.5,False
El Salvador,SLV,Centroamérica y México,1990,1990s,Estructura sectorial,Empleo femenino en servicios,SL.SRV.EMPL.FE.ZS,% del empleo femenino,74.9,False
El Salvador,SLV,Centroamérica y México,1991,1990s,Estructura sectorial,Empleo femenino en servicios,SL.SRV.EMPL.FE.ZS,% del empleo femenino,71.2,False
El Salvador,SLV,Centroamérica y México,1992,1990s,Estructura sectorial,Empleo femenino en servicios,SL.SRV.EMPL.FE.ZS,% del empleo femenino,62.7,False
El Salvador,SLV,Centroamérica y México,1994,1990s,Estructura sectorial,Empleo femenino en servicios,SL.SRV.EMPL.FE.ZS,% del empleo femenino,65.5,False
El Salvador,SLV,Centroamérica y México,1995,1990s,Estructura sectorial,Empleo femenino en servicios,SL.SRV.EMPL.FE.ZS,% del empleo femenino,66.4,False
El Salvador,SLV,Centroamérica y México,1996,1990s,Estructura sectorial,Empleo femenino en servicios,SL.SRV.EMPL.FE.ZS,% del empleo femenino,67.9,False
El Salvador,SLV,Centroamérica y México,1997,1990s,Estructura sectorial,Empleo femenino en servicios,SL.SRV.EMPL.FE.ZS,% del empleo femenino,72.2,False
El Salvador,SLV,Centroamérica y México,1998,1990s,Estructura sectorial,Empleo femenino en servicios,SL.SRV.EMPL.FE.ZS,% del empleo femenino,68.7,False
El Salvador,SLV,Centroamérica y México,2000,2000s,Estructura sectorial,Empleo femenino en servicios,SL.SRV.EMPL.FE.ZS,% del empleo femenino,71.4,False
El Salvador,SLV,Centroamérica y México,2001,2000s,Estructura sectorial,Empleo femenino en servicios,SL.SRV.EMPL.FE.ZS,% del empleo femenino,73.3,False
El Salvador,SLV,Centroamérica y México,2002,2000s,Estructura sectorial,Empleo femenino en servicios,SL.SRV.EMPL.FE.ZS,% del empleo femenino,73.2,False
El Salvador,SLV,Centroamérica y México,2003,2000s,Estructura sectorial,Empleo femenino en servicios,SL.SRV.EMPL.FE.ZS,% del empleo femenino,73.9,False
El Salvador,SLV,Centroamérica y México,2004,2000s,Estructura sectorial,Empleo femenino en servicios,SL.SRV.EMPL.FE.ZS,% del empleo femenino,74.6,False
El Salvador,SLV,Centroamérica y México,2005,2000s,Estructura sectorial,Empleo femenino en servicios,SL.SRV.EMPL.FE.ZS,% del empleo femenino,74.5,False
El Salvador,SLV,Centroamérica y México,2006,2000s,Estructura sectorial,Empleo femenino en servicios,SL.SRV.EMPL.FE.ZS,% del empleo femenino,75.6,False
El Salvador,SLV,Centroamérica y México,2007,2000s,Estructura sectorial,Empleo femenino en servicios,SL.SRV.EMPL.FE.ZS,% del empleo femenino,75.6,False
El Salvador,SLV,Centroamérica y México,2008,2000s,Estructura sectorial,Empleo femenino en servicios,SL.SRV.EMPL.FE.ZS,% del empleo femenino,74.0,False
El Salvador,SLV,Centroamérica y México,2009,2000s,Estructura sectorial,Empleo femenino en servicios,SL.SRV.EMPL.FE.ZS,% del empleo femenino,76.9,False
El Salvador,SLV,Centroamérica y México,2010,2010s,Estructura sectorial,Empleo femenino en servicios,SL.SRV.EMPL.FE.ZS,% del empleo femenino,76.2,False
El Salvador,SLV,Centroamérica y México,2011,2010s,Estructura sectorial,Empleo femenino en servicios,SL.SRV.EMPL.FE.ZS,% del empleo femenino,74.7,False
El Salvador,SLV,Centroamérica y México,2012,2010s,Estructura sectorial,Empleo femenino en servicios,SL.SRV.EMPL.FE.ZS,% del empleo femenino,76.6,False
El Salvador,SLV,Centroamérica y México,2013,2010s,Estructura sectorial,Empleo femenino en servicios,SL.SRV.EMPL.FE.ZS,% del empleo femenino,78.0,False
El Salvador,SLV,Centroamérica y México,1993,1990s,Calidad del empleo,Empleo vulnerable femenino,SL.EMP.VULN.FE.ZS,% del empleo femenino,46.0,False
El Salvador,SLV,Centroamérica y México,1994,1990s,Calidad del empleo,Empleo vulnerable femenino,SL.EMP.VULN.FE.ZS,% del empleo femenino,46.1,False
El Salvador,SLV,Centroamérica y México,1995,1990s,Calidad del empleo,Empleo vulnerable femenino,SL.EMP.VULN.FE.ZS,% del empleo femenino,46.0,False
El Salvador,SLV,Centroamérica y México,1996,1990s,Calidad del empleo,Empleo vulnerable femenino,SL.EMP.VULN.FE.ZS,% del empleo femenino,46.5,False
El Salvador,SLV,Centroamérica y México,1997,1990s,Calidad del empleo,Empleo vulnerable femenino,SL.EMP.VULN.FE.ZS,% del empleo femenino,45.3,False
El Salvador,SLV,Centroamérica y México,1998,1990s,Calidad del empleo,Empleo vulnerable femenino,SL.EMP.VULN.FE.ZS,% del empleo femenino,44.5,False
El Salvador,SLV,Centroamérica y México,1999,1990s,Calidad del empleo,Empleo vulnerable femenino,SL.EMP.VULN.FE.ZS,% del empleo femenino,43.1,False
El Salvador,SLV,Centroamérica y México,2000,2000s,Calidad del empleo,Empleo vulnerable femenino,SL.EMP.VULN.FE.ZS,% del empleo femenino,45.6,False
El Salvador,SLV,Centroamérica y México,2001,2000s,Calidad del empleo,Empleo vulnerable femenino,SL.EMP.VULN.FE.ZS,% del empleo femenino,46.3,False
El Salvador,SLV,Centroamérica y México,2002,2000s,Calidad del empleo,Empleo vulnerable femenino,SL.EMP.VULN.FE.ZS,% del empleo femenino,47.2,False
El Salvador,SLV,Centroamérica y México,2003,2000s,Calidad del empleo,Empleo vulnerable femenino,SL.EMP.VULN.FE.ZS,% del empleo femenino,45.0,False
El Salvador,SLV,Centroamérica y México,2004,2000s,Calidad del empleo,Empleo vulnerable femenino,SL.EMP.VULN.FE.ZS,% del empleo femenino,45.3,False
El Salvador,SLV,Centroamérica y México,2005,2000s,Calidad del empleo,Empleo vulnerable femenino,SL.EMP.VULN.FE.ZS,% del empleo femenino,47.2,False
El Salvador,SLV,Centroamérica y México,2006,2000s,Calidad del empleo,Empleo vulnerable femenino,SL.EMP.VULN.FE.ZS,% del empleo femenino,44.0,False
El Salvador,SLV,Centroamérica y México,2007,2000s,Calidad del empleo,Empleo vulnerable femenino,SL.EMP.VULN.FE.ZS,% del empleo femenino,44.3,False
El Salvador,SLV,Centroamérica y México,2008,2000s,Calidad del empleo,Empleo vulnerable femenino,SL.EMP.VULN.FE.ZS,% del empleo femenino,45.2,False
El Salvador,SLV,Centroamérica y México,2009,2000s,Calidad del empleo,Empleo vulnerable femenino,SL.EMP.VULN.FE.ZS,% del empleo femenino,54.8,False
El Salvador,SLV,Centroamérica y México,2010,2010s,Calidad del empleo,Empleo vulnerable femenino,SL.EMP.VULN.FE.ZS,% del empleo femenino,46.0,False
El Salvador,SLV,Centroamérica y México,2011,2010s,Calidad del empleo,Empleo vulnerable femenino,SL.EMP.VULN.FE.ZS,% del empleo femenino,45.7,False
El Salvador,SLV,Centroamérica y México,2012,2010s,Calidad del empleo,Empleo vulnerable femenino,SL.EMP.VULN.FE.ZS,% del empleo femenino,45.1,False
El Salvador,SLV,Centroamérica y México,2013,2010s,Calidad del empleo,Empleo vulnerable femenino,SL.EMP.VULN.FE.ZS,% del empleo femenino,45.8,False
El Salvador,SLV,Centroamérica y México,2010,2010s,Liderazgo empresarial,Firmas con gerenta mujer,IC.FRM.FEMM.ZS,% de firmas,21.4,False
El Salvador,SLV,Centroamérica y México,2006,2000s,Liderazgo empresarial,Firmas con propiedad femenina,IC.FRM.FEMO.ZS,% de firmas,39.6,False
El Salvador,SLV,Centroamérica y México,2010,2010s,Liderazgo empresarial,Firmas con propiedad femenina,IC.FRM.FEMO.ZS,% de firmas,40.2,False
El Salvador,SLV,Centroamérica y México,1992,1990s,Liderazgo,Mujeres en puestos directivos,SG.GEN.LSOM.ZS,% del total de directivos,44.19,False
El Salvador,SLV,Centroamérica y México,1995,1990s,Liderazgo,Mujeres en puestos directivos,SG.GEN.LSOM.ZS,% del total de directivos,25.71,False
El Salvador,SLV,Centroamérica y México,1996,1990s,Liderazgo,Mujeres en puestos directivos,SG.GEN.LSOM.ZS,% del total de directivos,28.89,False
El Salvador,SLV,Centroamérica y México,1997,1990s,Liderazgo,Mujeres en puestos directivos,SG.GEN.LSOM.ZS,% del total de directivos,34.9,False
El Salvador,SLV,Centroamérica y México,1998,1990s,Liderazgo,Mujeres en puestos directivos,SG.GEN.LSOM.ZS,% del total de directivos,27.91,False
El Salvador,SLV,Centroamérica y México,1999,1990s,Liderazgo,Mujeres en puestos directivos,SG.GEN.LSOM.ZS,% del total de directivos,33.34,False
El Salvador,SLV,Centroamérica y México,2000,2000s,Liderazgo,Mujeres en puestos directivos,SG.GEN.LSOM.ZS,% del total de directivos,26.09,False
El Salvador,SLV,Centroamérica y México,2001,2000s,Liderazgo,Mujeres en puestos directivos,SG.GEN.LSOM.ZS,% del total de directivos,25.35,False
El Salvador,SLV,Centroamérica y México,2002,2000s,Liderazgo,Mujeres en puestos directivos,SG.GEN.LSOM.ZS,% del total de directivos,25.72,False
El Salvador,SLV,Centroamérica y México,2003,2000s,Liderazgo,Mujeres en puestos directivos,SG.GEN.LSOM.ZS,% del total de directivos,32.1,False
El Salvador,SLV,Centroamérica y México,2004,2000s,Liderazgo,Mujeres en puestos directivos,SG.GEN.LSOM.ZS,% del total de directivos,32.99,False
El Salvador,SLV,Centroamérica y México,2005,2000s,Liderazgo,Mujeres en puestos directivos,SG.GEN.LSOM.ZS,% del total de directivos,27.35,False
El Salvador,SLV,Centroamérica y México,2006,2000s,Liderazgo,Mujeres en puestos directivos,SG.GEN.LSOM.ZS,% del total de directivos,28.83,False
El Salvador,SLV,Centroamérica y México,2007,2000s,Liderazgo,Mujeres en puestos directivos,SG.GEN.LSOM.ZS,% del total de directivos,24.66,False
El Salvador,SLV,Centroamérica y México,2008,2000s,Liderazgo,Mujeres en puestos directivos,SG.GEN.LSOM.ZS,% del total de directivos,38.07,False
El Salvador,SLV,Centroamérica y México,2009,2000s,Liderazgo,Mujeres en puestos directivos,SG.GEN.LSOM.ZS,% del total de directivos,37.88,False
El Salvador,SLV,Centroamérica y México,2010,2010s,Liderazgo,Mujeres en puestos directivos,SG.GEN.LSOM.ZS,% del total de directivos,28.95,False
El Salvador,SLV,Centroamérica y México,2012,2010s,Liderazgo,Mujeres en puestos directivos,SG.GEN.LSOM.ZS,% del total de directivos,37.11,False
El Salvador,SLV,Centroamérica y México,1990,1990s,Contexto,PBI per cápita,NY.GDP.PCAP.CD,USD corrientes,914.09,False
El Salvador,SLV,Centroamérica y México,1991,1990s,Contexto,PBI per cápita,NY.GDP.PCAP.CD,USD corrientes,998.01,False
El Salvador,SLV,Centroamérica y México,1992,1990s,Contexto,PBI per cápita,NY.GDP.PCAP.CD,USD corrientes,1104.33,False
El Salvador,SLV,Centroamérica y México,1993,1990s,Contexto,PBI per cápita,NY.GDP.PCAP.CD,USD corrientes,1270.27,False
El Salvador,SLV,Centroamérica y México,1994,1990s,Contexto,PBI per cápita,NY.GDP.PCAP.CD,USD corrientes,1462.66,False
El Salvador,SLV,Centroamérica y México,1995,1990s,Contexto,PBI per cápita,NY.GDP.PCAP.CD,USD corrientes,1699.94,False
El Salvador,SLV,Centroamérica y México,1996,1990s,Contexto,PBI per cápita,NY.GDP.PCAP.CD,USD corrientes,1827.9,False
El Salvador,SLV,Centroamérica y México,1997,1990s,Contexto,PBI per cápita,NY.GDP.PCAP.CD,USD corrientes,1956.1,False
El Salvador,SLV,Centroamérica y México,1998,1990s,Contexto,PBI per cápita,NY.GDP.PCAP.CD,USD corrientes,2093.49,False
El Salvador,SLV,Centroamérica y México,1999,1990s,Contexto,PBI per cápita,NY.GDP.PCAP.CD,USD corrientes,2158.14,False
El Salvador,SLV,Centroamérica y México,2000,2000s,Contexto,PBI per cápita,NY.GDP.PCAP.CD,USD corrientes,2259.89,False
El Salvador,SLV,Centroamérica y México,2001,2000s,Contexto,PBI per cápita,NY.GDP.PCAP.CD,USD corrientes,2363.27,False
El Salvador,SLV,Centroamérica y México,2002,2000s,Contexto,PBI per cápita,NY.GDP.PCAP.CD,USD corrientes,2435.47,False
El Salvador,SLV,Centroamérica y México,2003,2000s,Contexto,PBI per cápita,NY.GDP.PCAP.CD,USD corrientes,2549.89,False
El Salvador,SLV,Centroamérica y México,2004,2000s,Contexto,PBI per cápita,NY.GDP.PCAP.CD,USD corrientes,2666.34,False
El Salvador,SLV,Centroamérica y México,2005,2000s,Contexto,PBI per cápita,NY.GDP.PCAP.CD,USD corrientes,2874.26,False
El Salvador,SLV,Centroamérica y México,2006,2000s,Contexto,PBI per cápita,NY.GDP.PCAP.CD,USD corrientes,3108.59,False
El Salvador,SLV,Centroamérica y México,2007,2000s,Contexto,PBI per cápita,NY.GDP.PCAP.CD,USD corrientes,3358.42,False
El Salvador,SLV,Centroamérica y México,2008,2000s,Contexto,PBI per cápita,NY.GDP.PCAP.CD,USD corrientes,3569.34,False
El Salvador,SLV,Centroamérica y México,2009,2000s,Contexto,PBI per cápita,NY.GDP.PCAP.CD,USD corrientes,3431.28,False
El Salvador,SLV,Centroamérica y México,2010,2010s,Contexto,PBI per cápita,NY.GDP.PCAP.CD,USD corrientes,3547.07,False
El Salvador,SLV,Centroamérica y México,2011,2010s,Contexto,PBI per cápita,NY.GDP.PCAP.CD,USD corrientes,3821.34,False
El Salvador,SLV,Centroamérica y México,2012,2010s,Contexto,PBI per cápita,NY.GDP.PCAP.CD,USD corrientes,3921.72,False
El Salvador,SLV,Centroamérica y México,2013,2010s,Contexto,PBI per cápita,NY.GDP.PCAP.CD,USD corrientes,3998.74,False
El Salvador,SLV,Centroamérica y México,2014,2010s,Contexto,PBI per cápita,NY.GDP.PCAP.CD,USD corrientes,4102.06,False
El Salvador,SLV,Centroamérica y México,1990,1990s,Participación,Participación laboral femenina,SL.TLF.CACT.FE.ZS,% de mujeres 15+,40.6,False
El Salvador,SLV,Centroamérica y México,1991,1990s,Participación,Participación laboral femenina,SL.TLF.CACT.FE.ZS,% de mujeres 15+,40.7,False
El Salvador,SLV,Centroamérica y México,1992,1990s,Participación,Participación laboral femenina,SL.TLF.CACT.FE.ZS,% de mujeres 15+,40.8,False
El Salvador,SLV,Centroamérica y México,1993,1990s,Participación,Participación laboral femenina,SL.TLF.CACT.FE.ZS,% de mujeres 15+,42.8,False
El Salvador,SLV,Centroamérica y México,1994,1990s,Participación,Participación laboral femenina,SL.TLF.CACT.FE.ZS,% de mujeres 15+,44.2,False
El Salvador,SLV,Centroamérica y México,1995,1990s,Participación,Participación laboral femenina,SL.TLF.CACT.FE.ZS,% de mujeres 15+,42.6,False
El Salvador,SLV,Centroamérica y México,1996,1990s,Participación,Participación laboral femenina,SL.TLF.CACT.FE.ZS,% de mujeres 15+,41.4,False
El Salvador,SLV,Centroamérica y México,1997,1990s,Participación,Participación laboral femenina,SL.TLF.CACT.FE.ZS,% de mujeres 15+,41.6,False
El Salvador,SLV,Centroamérica y México,1998,1990s,Participación,Participación laboral femenina,SL.TLF.CACT.FE.ZS,% de mujeres 15+,44.8,False
El Salvador,SLV,Centroamérica y México,1999,1990s,Participación,Participación laboral femenina,SL.TLF.CACT.FE.ZS,% de mujeres 15+,45.0,False
El Salvador,SLV,Centroamérica y México,2000,2000s,Participación,Participación laboral femenina,SL.TLF.CACT.FE.ZS,% de mujeres 15+,44.8,False
El Salvador,SLV,Centroamérica y México,2001,2000s,Participación,Participación laboral femenina,SL.TLF.CACT.FE.ZS,% de mujeres 15+,44.5,False
El Salvador,SLV,Centroamérica y México,2002,2000s,Participación,Participación laboral femenina,SL.TLF.CACT.FE.ZS,% de mujeres 15+,44.3,False
El Salvador,SLV,Centroamérica y México,2003,2000s,Participación,Participación laboral femenina,SL.TLF.CACT.FE.ZS,% de mujeres 15+,45.4,False
El Salvador,SLV,Centroamérica y México,2004,2000s,Participación,Participación laboral femenina,SL.TLF.CACT.FE.ZS,% de mujeres 15+,43.9,False
El Salvador,SLV,Centroamérica y México,2005,2000s,Participación,Participación laboral femenina,SL.TLF.CACT.FE.ZS,% de mujeres 15+,44.7,False
El Salvador,SLV,Centroamérica y México,2006,2000s,Participación,Participación laboral femenina,SL.TLF.CACT.FE.ZS,% de mujeres 15+,45.4,False
El Salvador,SLV,Centroamérica y México,2007,2000s,Participación,Participación laboral femenina,SL.TLF.CACT.FE.ZS,% de mujeres 15+,45.6,False
El Salvador,SLV,Centroamérica y México,2008,2000s,Participación,Participación laboral femenina,SL.TLF.CACT.FE.ZS,% de mujeres 15+,45.9,False
El Salvador,SLV,Centroamérica y México,2009,2000s,Participación,Participación laboral femenina,SL.TLF.CACT.FE.ZS,% de mujeres 15+,46.5,False
El Salvador,SLV,Centroamérica y México,2010,2010s,Participación,Participación laboral femenina,SL.TLF.CACT.FE.ZS,% de mujeres 15+,47.2,False
El Salvador,SLV,Centroamérica y México,2011,2010s,Participación,Participación laboral femenina,SL.TLF.CACT.FE.ZS,% de mujeres 15+,47.4,False
El Salvador,SLV,Centroamérica y México,2012,2010s,Participación,Participación laboral femenina,SL.TLF.CACT.FE.ZS,% de mujeres 15+,47.6,False
El Salvador,SLV,Centroamérica y México,2013,2010s,Participación,Participación laboral femenina,SL.TLF.CACT.FE.ZS,% de mujeres 15+,47.8,False
El Salvador,SLV,Centroamérica y México,2014,2010s,Participación,Participación laboral femenina,SL.TLF.CACT.FE.ZS,% de mujeres 15+,48.1,False
El Salvador,SLV,Centroamérica y México,1990,1990s,Participación,Participación laboral masculina,SL.TLF.CACT.MA.ZS,% de varones 15+,83.1,False
El Salvador,SLV,Centroamérica y México,1991,1990s,Participación,Participación laboral masculina,SL.TLF.CACT.MA.ZS,% de varones 15+,83.1,False
El Salvador,SLV,Centroamérica y México,1992,1990s,Participación,Participación laboral masculina,SL.TLF.CACT.MA.ZS,% de varones 15+,83.1,False
El Salvador,SLV,Centroamérica y México,1993,1990s,Participación,Participación laboral masculina,SL.TLF.CACT.MA.ZS,% de varones 15+,82.9,False
El Salvador,SLV,Centroamérica y México,1994,1990s,Participación,Participación laboral masculina,SL.TLF.CACT.MA.ZS,% de varones 15+,83.1,False
El Salvador,SLV,Centroamérica y México,1995,1990s,Participación,Participación laboral masculina,SL.TLF.CACT.MA.ZS,% de varones 15+,83.0,False
El Salvador,SLV,Centroamérica y México,1996,1990s,Participación,Participación laboral masculina,SL.TLF.CACT.MA.ZS,% de varones 15+,81.2,False
El Salvador,SLV,Centroamérica y México,1997,1990s,Participación,Participación laboral masculina,SL.TLF.CACT.MA.ZS,% de varones 15+,80.7,False
El Salvador,SLV,Centroamérica y México,1998,1990s,Participación,Participación laboral masculina,SL.TLF.CACT.MA.ZS,% de varones 15+,80.8,False
El Salvador,SLV,Centroamérica y México,1999,1990s,Participación,Participación laboral masculina,SL.TLF.CACT.MA.ZS,% de varones 15+,79.6,False
El Salvador,SLV,Centroamérica y México,2000,2000s,Participación,Participación laboral masculina,SL.TLF.CACT.MA.ZS,% de varones 15+,78.7,False
El Salvador,SLV,Centroamérica y México,2001,2000s,Participación,Participación laboral masculina,SL.TLF.CACT.MA.ZS,% de varones 15+,77.7,False
El Salvador,SLV,Centroamérica y México,2002,2000s,Participación,Participación laboral masculina,SL.TLF.CACT.MA.ZS,% de varones 15+,76.7,False
El Salvador,SLV,Centroamérica y México,2003,2000s,Participación,Participación laboral masculina,SL.TLF.CACT.MA.ZS,% de varones 15+,78.4,False
El Salvador,SLV,Centroamérica y México,2004,2000s,Participación,Participación laboral masculina,SL.TLF.CACT.MA.ZS,% de varones 15+,77.4,False
El Salvador,SLV,Centroamérica y México,2005,2000s,Participación,Participación laboral masculina,SL.TLF.CACT.MA.ZS,% de varones 15+,77.7,False
El Salvador,SLV,Centroamérica y México,2006,2000s,Participación,Participación laboral masculina,SL.TLF.CACT.MA.ZS,% de varones 15+,77.9,False
El Salvador,SLV,Centroamérica y México,2007,2000s,Participación,Participación laboral masculina,SL.TLF.CACT.MA.ZS,% de varones 15+,78.6,False
El Salvador,SLV,Centroamérica y México,2008,2000s,Participación,Participación laboral masculina,SL.TLF.CACT.MA.ZS,% de varones 15+,79.4,False
El Salvador,SLV,Centroamérica y México,2009,2000s,Participación,Participación laboral masculina,SL.TLF.CACT.MA.ZS,% de varones 15+,79.3,False
El Salvador,SLV,Centroamérica y México,2010,2010s,Participación,Participación laboral masculina,SL.TLF.CACT.MA.ZS,% de varones 15+,79.2,False
El Salvador,SLV,Centroamérica y México,2011,2010s,Participación,Participación laboral masculina,SL.TLF.CACT.MA.ZS,% de varones 15+,79.1,False
El Salvador,SLV,Centroamérica y México,2012,2010s,Participación,Participación laboral masculina,SL.TLF.CACT.MA.ZS,% de varones 15+,79.0,False
El Salvador,SLV,Centroamérica y México,2013,2010s,Participación,Participación laboral masculina,SL.TLF.CACT.MA.ZS,% de varones 15+,79.0,False
El Salvador,SLV,Centroamérica y México,2014,2010s,Participación,Participación laboral masculina,SL.TLF.CACT.MA.ZS,% de varones 15+,79.0,False
El Salvador,SLV,Centroamérica y México,1990,1990s,Participación,Ratio participación mujer/varón,SL.TLF.CACT.FM.ZS,% (mujer/varón),48.86,False
El Salvador,SLV,Centroamérica y México,1991,1990s,Participación,Ratio participación mujer/varón,SL.TLF.CACT.FM.ZS,% (mujer/varón),48.98,False
El Salvador,SLV,Centroamérica y México,1992,1990s,Participación,Ratio participación mujer/varón,SL.TLF.CACT.FM.ZS,% (mujer/varón),49.1,False
El Salvador,SLV,Centroamérica y México,1993,1990s,Participación,Ratio participación mujer/varón,SL.TLF.CACT.FM.ZS,% (mujer/varón),51.63,False
El Salvador,SLV,Centroamérica y México,1994,1990s,Participación,Ratio participación mujer/varón,SL.TLF.CACT.FM.ZS,% (mujer/varón),53.19,False
El Salvador,SLV,Centroamérica y México,1995,1990s,Participación,Ratio participación mujer/varón,SL.TLF.CACT.FM.ZS,% (mujer/varón),51.33,False
El Salvador,SLV,Centroamérica y México,1996,1990s,Participación,Ratio participación mujer/varón,SL.TLF.CACT.FM.ZS,% (mujer/varón),50.99,False
El Salvador,SLV,Centroamérica y México,1997,1990s,Participación,Ratio participación mujer/varón,SL.TLF.CACT.FM.ZS,% (mujer/varón),51.55,False
El Salvador,SLV,Centroamérica y México,1998,1990s,Participación,Ratio participación mujer/varón,SL.TLF.CACT.FM.ZS,% (mujer/varón),55.45,False
El Salvador,SLV,Centroamérica y México,1999,1990s,Participación,Ratio participación mujer/varón,SL.TLF.CACT.FM.ZS,% (mujer/varón),56.53,False
El Salvador,SLV,Centroamérica y México,2000,2000s,Participación,Ratio participación mujer/varón,SL.TLF.CACT.FM.ZS,% (mujer/varón),56.93,False
El Salvador,SLV,Centroamérica y México,2001,2000s,Participación,Ratio participación mujer/varón,SL.TLF.CACT.FM.ZS,% (mujer/varón),57.27,False
El Salvador,SLV,Centroamérica y México,2002,2000s,Participación,Ratio participación mujer/varón,SL.TLF.CACT.FM.ZS,% (mujer/varón),57.76,False
El Salvador,SLV,Centroamérica y México,2003,2000s,Participación,Ratio participación mujer/varón,SL.TLF.CACT.FM.ZS,% (mujer/varón),57.91,False
El Salvador,SLV,Centroamérica y México,2004,2000s,Participación,Ratio participación mujer/varón,SL.TLF.CACT.FM.ZS,% (mujer/varón),56.72,False
El Salvador,SLV,Centroamérica y México,2005,2000s,Participación,Ratio participación mujer/varón,SL.TLF.CACT.FM.ZS,% (mujer/varón),57.53,False
El Salvador,SLV,Centroamérica y México,2006,2000s,Participación,Ratio participación mujer/varón,SL.TLF.CACT.FM.ZS,% (mujer/varón),58.28,False
El Salvador,SLV,Centroamérica y México,2007,2000s,Participación,Ratio participación mujer/varón,SL.TLF.CACT.FM.ZS,% (mujer/varón),58.02,False
El Salvador,SLV,Centroamérica y México,2008,2000s,Participación,Ratio participación mujer/varón,SL.TLF.CACT.FM.ZS,% (mujer/varón),57.81,False
El Salvador,SLV,Centroamérica y México,2009,2000s,Participación,Ratio participación mujer/varón,SL.TLF.CACT.FM.ZS,% (mujer/varón),58.64,False
El Salvador,SLV,Centroamérica y México,2010,2010s,Participación,Ratio participación mujer/varón,SL.TLF.CACT.FM.ZS,% (mujer/varón),59.6,False
El Salvador,SLV,Centroamérica y México,2011,2010s,Participación,Ratio participación mujer/varón,SL.TLF.CACT.FM.ZS,% (mujer/varón),59.92,False
El Salvador,SLV,Centroamérica y México,2012,2010s,Participación,Ratio participación mujer/varón,SL.TLF.CACT.FM.ZS,% (mujer/varón),60.25,False
El Salvador,SLV,Centroamérica y México,2013,2010s,Participación,Ratio participación mujer/varón,SL.TLF.CACT.FM.ZS,% (mujer/varón),60.51,False
El Salvador,SLV,Centroamérica y México,2014,2010s,Participación,Ratio participación mujer/varón,SL.TLF.CACT.FM.ZS,% (mujer/varón),60.89,False
Guatemala,GTM,Centroamérica y México,1994,1990s,Calidad del empleo,Asalariadas,SL.EMP.WORK.FE.ZS,% del empleo femenino,67.8,False
Guatemala,GTM,Centroamérica y México,1998,1990s,Calidad del empleo,Asalariadas,SL.EMP.WORK.FE.ZS,% del empleo femenino,42.9,False
Guatemala,GTM,Centroamérica y México,2000,2000s,Calidad del empleo,Asalariadas,SL.EMP.WORK.FE.ZS,% del empleo femenino,43.0,False
Guatemala,GTM,Centroamérica y México,2002,2000s,Calidad del empleo,Asalariadas,SL.EMP.WORK.FE.ZS,% del empleo femenino,35.2,False
Guatemala,GTM,Centroamérica y México,2003,2000s,Calidad del empleo,Asalariadas,SL.EMP.WORK.FE.ZS,% del empleo femenino,37.3,False
Guatemala,GTM,Centroamérica y México,2004,2000s,Calidad del empleo,Asalariadas,SL.EMP.WORK.FE.ZS,% del empleo femenino,39.2,False
Guatemala,GTM,Centroamérica y México,2010,2010s,Calidad del empleo,Asalariadas,SL.EMP.WORK.FE.ZS,% del empleo femenino,42.6,False
Guatemala,GTM,Centroamérica y México,2011,2010s,Calidad del empleo,Asalariadas,SL.EMP.WORK.FE.ZS,% del empleo femenino,53.6,False
Guatemala,GTM,Centroamérica y México,2012,2010s,Calidad del empleo,Asalariadas,SL.EMP.WORK.FE.ZS,% del empleo femenino,41.5,False
Guatemala,GTM,Centroamérica y México,2013,2010s,Calidad del empleo,Asalariadas,SL.EMP.WORK.FE.ZS,% del empleo femenino,46.5,False
Guatemala,GTM,Centroamérica y México,1990,1990s,Liderazgo,Bancas parlamentarias femeninas,SG.GEN.PARL.ZS,% de bancas,7.0,False
Guatemala,GTM,Centroamérica y México,1997,1990s,Liderazgo,Bancas parlamentarias femeninas,SG.GEN.PARL.ZS,% de bancas,12.5,False
Guatemala,GTM,Centroamérica y México,1998,1990s,Liderazgo,Bancas parlamentarias femeninas,SG.GEN.PARL.ZS,% de bancas,12.5,False
Guatemala,GTM,Centroamérica y México,1999,1990s,Liderazgo,Bancas parlamentarias femeninas,SG.GEN.PARL.ZS,% de bancas,7.1,False
Guatemala,GTM,Centroamérica y México,2000,2000s,Liderazgo,Bancas parlamentarias femeninas,SG.GEN.PARL.ZS,% de bancas,8.8,False
Guatemala,GTM,Centroamérica y México,2001,2000s,Liderazgo,Bancas parlamentarias femeninas,SG.GEN.PARL.ZS,% de bancas,8.8,False
Guatemala,GTM,Centroamérica y México,2002,2000s,Liderazgo,Bancas parlamentarias femeninas,SG.GEN.PARL.ZS,% de bancas,8.8,False
Guatemala,GTM,Centroamérica y México,2003,2000s,Liderazgo,Bancas parlamentarias femeninas,SG.GEN.PARL.ZS,% de bancas,8.2,False
Guatemala,GTM,Centroamérica y México,2004,2000s,Liderazgo,Bancas parlamentarias femeninas,SG.GEN.PARL.ZS,% de bancas,8.2,False
Guatemala,GTM,Centroamérica y México,2005,2000s,Liderazgo,Bancas parlamentarias femeninas,SG.GEN.PARL.ZS,% de bancas,8.2,False
Guatemala,GTM,Centroamérica y México,2006,2000s,Liderazgo,Bancas parlamentarias femeninas,SG.GEN.PARL.ZS,% de bancas,8.2,False
Guatemala,GTM,Centroamérica y México,2007,2000s,Liderazgo,Bancas parlamentarias femeninas,SG.GEN.PARL.ZS,% de bancas,12.0,False
Guatemala,GTM,Centroamérica y México,2008,2000s,Liderazgo,Bancas parlamentarias femeninas,SG.GEN.PARL.ZS,% de bancas,12.0,False
Guatemala,GTM,Centroamérica y México,2009,2000s,Liderazgo,Bancas parlamentarias femeninas,SG.GEN.PARL.ZS,% de bancas,12.0,False
Guatemala,GTM,Centroamérica y México,2010,2010s,Liderazgo,Bancas parlamentarias femeninas,SG.GEN.PARL.ZS,% de bancas,12.0,False
Guatemala,GTM,Centroamérica y México,2011,2010s,Liderazgo,Bancas parlamentarias femeninas,SG.GEN.PARL.ZS,% de bancas,13.3,False
Guatemala,GTM,Centroamérica y México,2012,2010s,Liderazgo,Bancas parlamentarias femeninas,SG.GEN.PARL.ZS,% de bancas,13.3,False
Guatemala,GTM,Centroamérica y México,2013,2010s,Liderazgo,Bancas parlamentarias femeninas,SG.GEN.PARL.ZS,% de bancas,13.3,False
Guatemala,GTM,Centroamérica y México,2014,2010s,Liderazgo,Bancas parlamentarias femeninas,SG.GEN.PARL.ZS,% de bancas,13.3,False
Guatemala,GTM,Centroamérica y México,1991,1990s,Calidad del empleo,Desempleo femenino,SL.UEM.TOTL.FE.ZS,% de la PEA femenina,3.3,False
Guatemala,GTM,Centroamérica y México,1992,1990s,Calidad del empleo,Desempleo femenino,SL.UEM.TOTL.FE.ZS,% de la PEA femenina,3.4,False
Guatemala,GTM,Centroamérica y México,1993,1990s,Calidad del empleo,Desempleo femenino,SL.UEM.TOTL.FE.ZS,% de la PEA femenina,3.4,False
Guatemala,GTM,Centroamérica y México,1994,1990s,Calidad del empleo,Desempleo femenino,SL.UEM.TOTL.FE.ZS,% de la PEA femenina,3.3,False
Guatemala,GTM,Centroamérica y México,1995,1990s,Calidad del empleo,Desempleo femenino,SL.UEM.TOTL.FE.ZS,% de la PEA femenina,4.2,False
Guatemala,GTM,Centroamérica y México,1996,1990s,Calidad del empleo,Desempleo femenino,SL.UEM.TOTL.FE.ZS,% de la PEA femenina,4.2,False
Guatemala,GTM,Centroamérica y México,1997,1990s,Calidad del empleo,Desempleo femenino,SL.UEM.TOTL.FE.ZS,% de la PEA femenina,6.0,False
Guatemala,GTM,Centroamérica y México,1998,1990s,Calidad del empleo,Desempleo femenino,SL.UEM.TOTL.FE.ZS,% de la PEA femenina,4.1,False
Guatemala,GTM,Centroamérica y México,1999,1990s,Calidad del empleo,Desempleo femenino,SL.UEM.TOTL.FE.ZS,% de la PEA femenina,2.4,False
Guatemala,GTM,Centroamérica y México,2000,2000s,Calidad del empleo,Desempleo femenino,SL.UEM.TOTL.FE.ZS,% de la PEA femenina,1.8,False
Guatemala,GTM,Centroamérica y México,2001,2000s,Calidad del empleo,Desempleo femenino,SL.UEM.TOTL.FE.ZS,% de la PEA femenina,1.6,False
Guatemala,GTM,Centroamérica y México,2002,2000s,Calidad del empleo,Desempleo femenino,SL.UEM.TOTL.FE.ZS,% de la PEA femenina,3.9,False
Guatemala,GTM,Centroamérica y México,2003,2000s,Calidad del empleo,Desempleo femenino,SL.UEM.TOTL.FE.ZS,% de la PEA femenina,3.5,False
Guatemala,GTM,Centroamérica y México,2004,2000s,Calidad del empleo,Desempleo femenino,SL.UEM.TOTL.FE.ZS,% de la PEA femenina,3.9,False
Guatemala,GTM,Centroamérica y México,2005,2000s,Calidad del empleo,Desempleo femenino,SL.UEM.TOTL.FE.ZS,% de la PEA femenina,3.0,False
Guatemala,GTM,Centroamérica y México,2006,2000s,Calidad del empleo,Desempleo femenino,SL.UEM.TOTL.FE.ZS,% de la PEA femenina,2.2,False
Guatemala,GTM,Centroamérica y México,2007,2000s,Calidad del empleo,Desempleo femenino,SL.UEM.TOTL.FE.ZS,% de la PEA femenina,3.1,False
Guatemala,GTM,Centroamérica y México,2008,2000s,Calidad del empleo,Desempleo femenino,SL.UEM.TOTL.FE.ZS,% de la PEA femenina,3.5,False
Guatemala,GTM,Centroamérica y México,2009,2000s,Calidad del empleo,Desempleo femenino,SL.UEM.TOTL.FE.ZS,% de la PEA femenina,4.0,False
Guatemala,GTM,Centroamérica y México,2010,2010s,Calidad del empleo,Desempleo femenino,SL.UEM.TOTL.FE.ZS,% de la PEA femenina,4.3,False
Guatemala,GTM,Centroamérica y México,2011,2010s,Calidad del empleo,Desempleo femenino,SL.UEM.TOTL.FE.ZS,% de la PEA femenina,6.3,False
Guatemala,GTM,Centroamérica y México,2012,2010s,Calidad del empleo,Desempleo femenino,SL.UEM.TOTL.FE.ZS,% de la PEA femenina,3.6,False
Guatemala,GTM,Centroamérica y México,2013,2010s,Calidad del empleo,Desempleo femenino,SL.UEM.TOTL.FE.ZS,% de la PEA femenina,3.0,False
Guatemala,GTM,Centroamérica y México,2014,2010s,Calidad del empleo,Desempleo femenino,SL.UEM.TOTL.FE.ZS,% de la PEA femenina,3.0,False
Guatemala,GTM,Centroamérica y México,1994,1990s,Calidad del empleo,Empleadoras,SL.EMP.MPYR.FE.ZS,% del empleo femenino,2.2,False
Guatemala,GTM,Centroamérica y México,1998,1990s,Calidad del empleo,Empleadoras,SL.EMP.MPYR.FE.ZS,% del empleo femenino,1.7,False
Guatemala,GTM,Centroamérica y México,2000,2000s,Calidad del empleo,Empleadoras,SL.EMP.MPYR.FE.ZS,% del empleo femenino,1.6,False
Guatemala,GTM,Centroamérica y México,2002,2000s,Calidad del empleo,Empleadoras,SL.EMP.MPYR.FE.ZS,% del empleo femenino,2.4,False
Guatemala,GTM,Centroamérica y México,2003,2000s,Calidad del empleo,Empleadoras,SL.EMP.MPYR.FE.ZS,% del empleo femenino,2.7,False
Guatemala,GTM,Centroamérica y México,2004,2000s,Calidad del empleo,Empleadoras,SL.EMP.MPYR.FE.ZS,% del empleo femenino,2.5,False
Guatemala,GTM,Centroamérica y México,2010,2010s,Calidad del empleo,Empleadoras,SL.EMP.MPYR.FE.ZS,% del empleo femenino,2.2,False
Guatemala,GTM,Centroamérica y México,2011,2010s,Calidad del empleo,Empleadoras,SL.EMP.MPYR.FE.ZS,% del empleo femenino,1.6,False
Guatemala,GTM,Centroamérica y México,2012,2010s,Calidad del empleo,Empleadoras,SL.EMP.MPYR.FE.ZS,% del empleo femenino,2.6,False
Guatemala,GTM,Centroamérica y México,2013,2010s,Calidad del empleo,Empleadoras,SL.EMP.MPYR.FE.ZS,% del empleo femenino,2.3,False
Guatemala,GTM,Centroamérica y México,1990,1990s,Estructura sectorial,Empleo femenino en agricultura,SL.AGR.EMPL.FE.ZS,% del empleo femenino,3.2,False
Guatemala,GTM,Centroamérica y México,1991,1990s,Estructura sectorial,Empleo femenino en agricultura,SL.AGR.EMPL.FE.ZS,% del empleo femenino,2.6,False
Guatemala,GTM,Centroamérica y México,1998,1990s,Estructura sectorial,Empleo femenino en agricultura,SL.AGR.EMPL.FE.ZS,% del empleo femenino,17.0,False
Guatemala,GTM,Centroamérica y México,2000,2000s,Estructura sectorial,Empleo femenino en agricultura,SL.AGR.EMPL.FE.ZS,% del empleo femenino,18.8,False
Guatemala,GTM,Centroamérica y México,2002,2000s,Estructura sectorial,Empleo femenino en agricultura,SL.AGR.EMPL.FE.ZS,% del empleo femenino,18.1,False
Guatemala,GTM,Centroamérica y México,2003,2000s,Estructura sectorial,Empleo femenino en agricultura,SL.AGR.EMPL.FE.ZS,% del empleo femenino,18.4,False
Guatemala,GTM,Centroamérica y México,2004,2000s,Estructura sectorial,Empleo femenino en agricultura,SL.AGR.EMPL.FE.ZS,% del empleo femenino,15.3,False
Guatemala,GTM,Centroamérica y México,2006,2000s,Estructura sectorial,Empleo femenino en agricultura,SL.AGR.EMPL.FE.ZS,% del empleo femenino,16.0,False
Guatemala,GTM,Centroamérica y México,2011,2010s,Estructura sectorial,Empleo femenino en agricultura,SL.AGR.EMPL.FE.ZS,% del empleo femenino,14.3,False
Guatemala,GTM,Centroamérica y México,2012,2010s,Estructura sectorial,Empleo femenino en agricultura,SL.AGR.EMPL.FE.ZS,% del empleo femenino,12.6,False
Guatemala,GTM,Centroamérica y México,2013,2010s,Estructura sectorial,Empleo femenino en agricultura,SL.AGR.EMPL.FE.ZS,% del empleo femenino,10.9,False
Guatemala,GTM,Centroamérica y México,1990,1990s,Estructura sectorial,Empleo femenino en servicios,SL.SRV.EMPL.FE.ZS,% del empleo femenino,75.0,False
Guatemala,GTM,Centroamérica y México,1991,1990s,Estructura sectorial,Empleo femenino en servicios,SL.SRV.EMPL.FE.ZS,% del empleo femenino,70.2,False
Guatemala,GTM,Centroamérica y México,1998,1990s,Estructura sectorial,Empleo femenino en servicios,SL.SRV.EMPL.FE.ZS,% del empleo femenino,58.5,False
Guatemala,GTM,Centroamérica y México,2000,2000s,Estructura sectorial,Empleo femenino en servicios,SL.SRV.EMPL.FE.ZS,% del empleo femenino,57.0,False
Guatemala,GTM,Centroamérica y México,2002,2000s,Estructura sectorial,Empleo femenino en servicios,SL.SRV.EMPL.FE.ZS,% del empleo femenino,55.6,False
Guatemala,GTM,Centroamérica y México,2003,2000s,Estructura sectorial,Empleo femenino en servicios,SL.SRV.EMPL.FE.ZS,% del empleo femenino,56.3,False
Guatemala,GTM,Centroamérica y México,2004,2000s,Estructura sectorial,Empleo femenino en servicios,SL.SRV.EMPL.FE.ZS,% del empleo femenino,64.4,False
Guatemala,GTM,Centroamérica y México,2006,2000s,Estructura sectorial,Empleo femenino en servicios,SL.SRV.EMPL.FE.ZS,% del empleo femenino,63.3,False
Guatemala,GTM,Centroamérica y México,2011,2010s,Estructura sectorial,Empleo femenino en servicios,SL.SRV.EMPL.FE.ZS,% del empleo femenino,64.8,False
Guatemala,GTM,Centroamérica y México,2012,2010s,Estructura sectorial,Empleo femenino en servicios,SL.SRV.EMPL.FE.ZS,% del empleo femenino,71.8,False
Guatemala,GTM,Centroamérica y México,2013,2010s,Estructura sectorial,Empleo femenino en servicios,SL.SRV.EMPL.FE.ZS,% del empleo femenino,74.6,False
Guatemala,GTM,Centroamérica y México,1994,1990s,Calidad del empleo,Empleo vulnerable femenino,SL.EMP.VULN.FE.ZS,% del empleo femenino,29.9,False
Guatemala,GTM,Centroamérica y México,1998,1990s,Calidad del empleo,Empleo vulnerable femenino,SL.EMP.VULN.FE.ZS,% del empleo femenino,55.4,False
Guatemala,GTM,Centroamérica y México,2000,2000s,Calidad del empleo,Empleo vulnerable femenino,SL.EMP.VULN.FE.ZS,% del empleo femenino,55.4,False
Guatemala,GTM,Centroamérica y México,2002,2000s,Calidad del empleo,Empleo vulnerable femenino,SL.EMP.VULN.FE.ZS,% del empleo femenino,62.5,False
Guatemala,GTM,Centroamérica y México,2003,2000s,Calidad del empleo,Empleo vulnerable femenino,SL.EMP.VULN.FE.ZS,% del empleo femenino,60.0,False
Guatemala,GTM,Centroamérica y México,2004,2000s,Calidad del empleo,Empleo vulnerable femenino,SL.EMP.VULN.FE.ZS,% del empleo femenino,58.4,False
Guatemala,GTM,Centroamérica y México,2011,2010s,Calidad del empleo,Empleo vulnerable femenino,SL.EMP.VULN.FE.ZS,% del empleo femenino,44.8,False
Guatemala,GTM,Centroamérica y México,2012,2010s,Calidad del empleo,Empleo vulnerable femenino,SL.EMP.VULN.FE.ZS,% del empleo femenino,55.9,False
Guatemala,GTM,Centroamérica y México,2010,2010s,Liderazgo empresarial,Firmas con gerenta mujer,IC.FRM.FEMM.ZS,% de firmas,15.7,False
Guatemala,GTM,Centroamérica y México,2006,2000s,Liderazgo empresarial,Firmas con propiedad femenina,IC.FRM.FEMO.ZS,% de firmas,28.4,False
Guatemala,GTM,Centroamérica y México,2010,2010s,Liderazgo empresarial,Firmas con propiedad femenina,IC.FRM.FEMO.ZS,% de firmas,44.2,False
Guatemala,GTM,Centroamérica y México,1990,1990s,Contexto,PBI per cápita,NY.GDP.PCAP.CD,USD corrientes,835.3,False
Guatemala,GTM,Centroamérica y México,1991,1990s,Contexto,PBI per cápita,NY.GDP.PCAP.CD,USD corrientes,1002.25,False
Guatemala,GTM,Centroamérica y México,1992,1990s,Contexto,PBI per cápita,NY.GDP.PCAP.CD,USD corrientes,1085.43,False
Guatemala,GTM,Centroamérica y México,1993,1990s,Contexto,PBI per cápita,NY.GDP.PCAP.CD,USD corrientes,1156.17,False
Guatemala,GTM,Centroamérica y México,1994,1990s,Contexto,PBI per cápita,NY.GDP.PCAP.CD,USD corrientes,1284.65,False
Guatemala,GTM,Centroamérica y México,1995,1990s,Contexto,PBI per cápita,NY.GDP.PCAP.CD,USD corrientes,1415.12,False
Guatemala,GTM,Centroamérica y México,1996,1990s,Contexto,PBI per cápita,NY.GDP.PCAP.CD,USD corrientes,1487.1,False
Guatemala,GTM,Centroamérica y México,1997,1990s,Contexto,PBI per cápita,NY.GDP.PCAP.CD,USD corrientes,1636.21,False
Guatemala,GTM,Centroamérica y México,1998,1990s,Contexto,PBI per cápita,NY.GDP.PCAP.CD,USD corrientes,1741.4,False
Guatemala,GTM,Centroamérica y México,1999,1990s,Contexto,PBI per cápita,NY.GDP.PCAP.CD,USD corrientes,1605.53,False
Guatemala,GTM,Centroamérica y México,2000,2000s,Contexto,PBI per cápita,NY.GDP.PCAP.CD,USD corrientes,1650.37,False
Guatemala,GTM,Centroamérica y México,2001,2000s,Contexto,PBI per cápita,NY.GDP.PCAP.CD,USD corrientes,1561.6,False
Guatemala,GTM,Centroamérica y México,2002,2000s,Contexto,PBI per cápita,NY.GDP.PCAP.CD,USD corrientes,1692.96,False
Guatemala,GTM,Centroamérica y México,2003,2000s,Contexto,PBI per cápita,NY.GDP.PCAP.CD,USD corrientes,1743.17,False
Guatemala,GTM,Centroamérica y México,2004,2000s,Contexto,PBI per cápita,NY.GDP.PCAP.CD,USD corrientes,1860.99,False
Guatemala,GTM,Centroamérica y México,2005,2000s,Contexto,PBI per cápita,NY.GDP.PCAP.CD,USD corrientes,2064.05,False
Guatemala,GTM,Centroamérica y México,2006,2000s,Contexto,PBI per cápita,NY.GDP.PCAP.CD,USD corrientes,2241.01,False
Guatemala,GTM,Centroamérica y México,2007,2000s,Contexto,PBI per cápita,NY.GDP.PCAP.CD,USD corrientes,2472.39,False
Guatemala,GTM,Centroamérica y México,2008,2000s,Contexto,PBI per cápita,NY.GDP.PCAP.CD,USD corrientes,2774.32,False
Guatemala,GTM,Centroamérica y México,2009,2000s,Contexto,PBI per cápita,NY.GDP.PCAP.CD,USD corrientes,2617.11,False
Guatemala,GTM,Centroamérica y México,2010,2010s,Contexto,PBI per cápita,NY.GDP.PCAP.CD,USD corrientes,2805.95,False
Guatemala,GTM,Centroamérica y México,2011,2010s,Contexto,PBI per cápita,NY.GDP.PCAP.CD,USD corrientes,3166.58,False
Guatemala,GTM,Centroamérica y México,2012,2010s,Contexto,PBI per cápita,NY.GDP.PCAP.CD,USD corrientes,3278.63,False
Guatemala,GTM,Centroamérica y México,2013,2010s,Contexto,PBI per cápita,NY.GDP.PCAP.CD,USD corrientes,3432.02,False
Guatemala,GTM,Centroamérica y México,2014,2010s,Contexto,PBI per cápita,NY.GDP.PCAP.CD,USD corrientes,3666.59,False
Guatemala,GTM,Centroamérica y México,1990,1990s,Participación,Participación laboral femenina,SL.TLF.CACT.FE.ZS,% de mujeres 15+,40.5,False
Guatemala,GTM,Centroamérica y México,1991,1990s,Participación,Participación laboral femenina,SL.TLF.CACT.FE.ZS,% de mujeres 15+,40.6,False
Guatemala,GTM,Centroamérica y México,1992,1990s,Participación,Participación laboral femenina,SL.TLF.CACT.FE.ZS,% de mujeres 15+,40.7,False
Guatemala,GTM,Centroamérica y México,1993,1990s,Participación,Participación laboral femenina,SL.TLF.CACT.FE.ZS,% de mujeres 15+,40.8,False
Guatemala,GTM,Centroamérica y México,1994,1990s,Participación,Participación laboral femenina,SL.TLF.CACT.FE.ZS,% de mujeres 15+,40.9,False
Guatemala,GTM,Centroamérica y México,1995,1990s,Participación,Participación laboral femenina,SL.TLF.CACT.FE.ZS,% de mujeres 15+,41.1,False
Guatemala,GTM,Centroamérica y México,1996,1990s,Participación,Participación laboral femenina,SL.TLF.CACT.FE.ZS,% de mujeres 15+,41.2,False
Guatemala,GTM,Centroamérica y México,1997,1990s,Participación,Participación laboral femenina,SL.TLF.CACT.FE.ZS,% de mujeres 15+,41.4,False
Guatemala,GTM,Centroamérica y México,1998,1990s,Participación,Participación laboral femenina,SL.TLF.CACT.FE.ZS,% de mujeres 15+,41.6,False
Guatemala,GTM,Centroamérica y México,1999,1990s,Participación,Participación laboral femenina,SL.TLF.CACT.FE.ZS,% de mujeres 15+,41.8,False
Guatemala,GTM,Centroamérica y México,2000,2000s,Participación,Participación laboral femenina,SL.TLF.CACT.FE.ZS,% de mujeres 15+,41.9,False
Guatemala,GTM,Centroamérica y México,2001,2000s,Participación,Participación laboral femenina,SL.TLF.CACT.FE.ZS,% de mujeres 15+,42.1,False
Guatemala,GTM,Centroamérica y México,2002,2000s,Participación,Participación laboral femenina,SL.TLF.CACT.FE.ZS,% de mujeres 15+,42.2,False
Guatemala,GTM,Centroamérica y México,2003,2000s,Participación,Participación laboral femenina,SL.TLF.CACT.FE.ZS,% de mujeres 15+,42.4,False
Guatemala,GTM,Centroamérica y México,2004,2000s,Participación,Participación laboral femenina,SL.TLF.CACT.FE.ZS,% de mujeres 15+,42.5,False
Guatemala,GTM,Centroamérica y México,2005,2000s,Participación,Participación laboral femenina,SL.TLF.CACT.FE.ZS,% de mujeres 15+,44.9,False
Guatemala,GTM,Centroamérica y México,2006,2000s,Participación,Participación laboral femenina,SL.TLF.CACT.FE.ZS,% de mujeres 15+,47.3,False
Guatemala,GTM,Centroamérica y México,2007,2000s,Participación,Participación laboral femenina,SL.TLF.CACT.FE.ZS,% de mujeres 15+,47.7,False
Guatemala,GTM,Centroamérica y México,2008,2000s,Participación,Participación laboral femenina,SL.TLF.CACT.FE.ZS,% de mujeres 15+,48.0,False
Guatemala,GTM,Centroamérica y México,2009,2000s,Participación,Participación laboral femenina,SL.TLF.CACT.FE.ZS,% de mujeres 15+,48.4,False
Guatemala,GTM,Centroamérica y México,2010,2010s,Participación,Participación laboral femenina,SL.TLF.CACT.FE.ZS,% de mujeres 15+,48.8,False
Guatemala,GTM,Centroamérica y México,2011,2010s,Participación,Participación laboral femenina,SL.TLF.CACT.FE.ZS,% de mujeres 15+,48.9,False
Guatemala,GTM,Centroamérica y México,2012,2010s,Participación,Participación laboral femenina,SL.TLF.CACT.FE.ZS,% de mujeres 15+,49.1,False
Guatemala,GTM,Centroamérica y México,2013,2010s,Participación,Participación laboral femenina,SL.TLF.CACT.FE.ZS,% de mujeres 15+,49.3,False
Guatemala,GTM,Centroamérica y México,2014,2010s,Participación,Participación laboral femenina,SL.TLF.CACT.FE.ZS,% de mujeres 15+,49.5,False
Guatemala,GTM,Centroamérica y México,1990,1990s,Participación,Participación laboral masculina,SL.TLF.CACT.MA.ZS,% de varones 15+,87.9,False
Guatemala,GTM,Centroamérica y México,1991,1990s,Participación,Participación laboral masculina,SL.TLF.CACT.MA.ZS,% de varones 15+,87.8,False
Guatemala,GTM,Centroamérica y México,1992,1990s,Participación,Participación laboral masculina,SL.TLF.CACT.MA.ZS,% de varones 15+,87.5,False
Guatemala,GTM,Centroamérica y México,1993,1990s,Participación,Participación laboral masculina,SL.TLF.CACT.MA.ZS,% de varones 15+,87.4,False
Guatemala,GTM,Centroamérica y México,1994,1990s,Participación,Participación laboral masculina,SL.TLF.CACT.MA.ZS,% de varones 15+,87.2,False
Guatemala,GTM,Centroamérica y México,1995,1990s,Participación,Participación laboral masculina,SL.TLF.CACT.MA.ZS,% de varones 15+,86.9,False
Guatemala,GTM,Centroamérica y México,1996,1990s,Participación,Participación laboral masculina,SL.TLF.CACT.MA.ZS,% de varones 15+,86.8,False
Guatemala,GTM,Centroamérica y México,1997,1990s,Participación,Participación laboral masculina,SL.TLF.CACT.MA.ZS,% de varones 15+,86.6,False
Guatemala,GTM,Centroamérica y México,1998,1990s,Participación,Participación laboral masculina,SL.TLF.CACT.MA.ZS,% de varones 15+,86.3,False
Guatemala,GTM,Centroamérica y México,1999,1990s,Participación,Participación laboral masculina,SL.TLF.CACT.MA.ZS,% de varones 15+,86.1,False
Guatemala,GTM,Centroamérica y México,2000,2000s,Participación,Participación laboral masculina,SL.TLF.CACT.MA.ZS,% de varones 15+,86.0,False
Guatemala,GTM,Centroamérica y México,2001,2000s,Participación,Participación laboral masculina,SL.TLF.CACT.MA.ZS,% de varones 15+,86.0,False
Guatemala,GTM,Centroamérica y México,2002,2000s,Participación,Participación laboral masculina,SL.TLF.CACT.MA.ZS,% de varones 15+,85.9,False
Guatemala,GTM,Centroamérica y México,2003,2000s,Participación,Participación laboral masculina,SL.TLF.CACT.MA.ZS,% de varones 15+,86.0,False
Guatemala,GTM,Centroamérica y México,2004,2000s,Participación,Participación laboral masculina,SL.TLF.CACT.MA.ZS,% de varones 15+,85.9,False
Guatemala,GTM,Centroamérica y México,2005,2000s,Participación,Participación laboral masculina,SL.TLF.CACT.MA.ZS,% de varones 15+,87.4,False
Guatemala,GTM,Centroamérica y México,2006,2000s,Participación,Participación laboral masculina,SL.TLF.CACT.MA.ZS,% de varones 15+,88.5,False
Guatemala,GTM,Centroamérica y México,2007,2000s,Participación,Participación laboral masculina,SL.TLF.CACT.MA.ZS,% de varones 15+,88.1,False
Guatemala,GTM,Centroamérica y México,2008,2000s,Participación,Participación laboral masculina,SL.TLF.CACT.MA.ZS,% de varones 15+,88.0,False
Guatemala,GTM,Centroamérica y México,2009,2000s,Participación,Participación laboral masculina,SL.TLF.CACT.MA.ZS,% de varones 15+,88.2,False
Guatemala,GTM,Centroamérica y México,2010,2010s,Participación,Participación laboral masculina,SL.TLF.CACT.MA.ZS,% de varones 15+,88.2,False
Guatemala,GTM,Centroamérica y México,2011,2010s,Participación,Participación laboral masculina,SL.TLF.CACT.MA.ZS,% de varones 15+,88.2,False
Guatemala,GTM,Centroamérica y México,2012,2010s,Participación,Participación laboral masculina,SL.TLF.CACT.MA.ZS,% de varones 15+,88.2,False
Guatemala,GTM,Centroamérica y México,2013,2010s,Participación,Participación laboral masculina,SL.TLF.CACT.MA.ZS,% de varones 15+,88.2,False
Guatemala,GTM,Centroamérica y México,2014,2010s,Participación,Participación laboral masculina,SL.TLF.CACT.MA.ZS,% de varones 15+,88.2,False
Guatemala,GTM,Centroamérica y México,1990,1990s,Participación,Ratio participación mujer/varón,SL.TLF.CACT.FM.ZS,% (mujer/varón),46.08,False
Guatemala,GTM,Centroamérica y México,1991,1990s,Participación,Ratio participación mujer/varón,SL.TLF.CACT.FM.ZS,% (mujer/varón),46.24,False
Guatemala,GTM,Centroamérica y México,1992,1990s,Participación,Ratio participación mujer/varón,SL.TLF.CACT.FM.ZS,% (mujer/varón),46.51,False
Guatemala,GTM,Centroamérica y México,1993,1990s,Participación,Ratio participación mujer/varón,SL.TLF.CACT.FM.ZS,% (mujer/varón),46.68,False
Guatemala,GTM,Centroamérica y México,1994,1990s,Participación,Ratio participación mujer/varón,SL.TLF.CACT.FM.ZS,% (mujer/varón),46.9,False
Guatemala,GTM,Centroamérica y México,1995,1990s,Participación,Ratio participación mujer/varón,SL.TLF.CACT.FM.ZS,% (mujer/varón),47.3,False
Guatemala,GTM,Centroamérica y México,1996,1990s,Participación,Ratio participación mujer/varón,SL.TLF.CACT.FM.ZS,% (mujer/varón),47.47,False
Guatemala,GTM,Centroamérica y México,1997,1990s,Participación,Ratio participación mujer/varón,SL.TLF.CACT.FM.ZS,% (mujer/varón),47.81,False
Guatemala,GTM,Centroamérica y México,1998,1990s,Participación,Ratio participación mujer/varón,SL.TLF.CACT.FM.ZS,% (mujer/varón),48.2,False
Guatemala,GTM,Centroamérica y México,1999,1990s,Participación,Ratio participación mujer/varón,SL.TLF.CACT.FM.ZS,% (mujer/varón),48.55,False
Guatemala,GTM,Centroamérica y México,2000,2000s,Participación,Ratio participación mujer/varón,SL.TLF.CACT.FM.ZS,% (mujer/varón),48.72,False
Guatemala,GTM,Centroamérica y México,2001,2000s,Participación,Ratio participación mujer/varón,SL.TLF.CACT.FM.ZS,% (mujer/varón),48.95,False
Guatemala,GTM,Centroamérica y México,2002,2000s,Participación,Ratio participación mujer/varón,SL.TLF.CACT.FM.ZS,% (mujer/varón),49.13,False
Guatemala,GTM,Centroamérica y México,2003,2000s,Participación,Ratio participación mujer/varón,SL.TLF.CACT.FM.ZS,% (mujer/varón),49.3,False
Guatemala,GTM,Centroamérica y México,2004,2000s,Participación,Ratio participación mujer/varón,SL.TLF.CACT.FM.ZS,% (mujer/varón),49.48,False
Guatemala,GTM,Centroamérica y México,2005,2000s,Participación,Ratio participación mujer/varón,SL.TLF.CACT.FM.ZS,% (mujer/varón),51.37,False
Guatemala,GTM,Centroamérica y México,2006,2000s,Participación,Ratio participación mujer/varón,SL.TLF.CACT.FM.ZS,% (mujer/varón),53.45,False
Guatemala,GTM,Centroamérica y México,2007,2000s,Participación,Ratio participación mujer/varón,SL.TLF.CACT.FM.ZS,% (mujer/varón),54.14,False
Guatemala,GTM,Centroamérica y México,2008,2000s,Participación,Ratio participación mujer/varón,SL.TLF.CACT.FM.ZS,% (mujer/varón),54.55,False
Guatemala,GTM,Centroamérica y México,2009,2000s,Participación,Ratio participación mujer/varón,SL.TLF.CACT.FM.ZS,% (mujer/varón),54.88,False
Guatemala,GTM,Centroamérica y México,2010,2010s,Participación,Ratio participación mujer/varón,SL.TLF.CACT.FM.ZS,% (mujer/varón),55.33,False
Guatemala,GTM,Centroamérica y México,2011,2010s,Participación,Ratio participación mujer/varón,SL.TLF.CACT.FM.ZS,% (mujer/varón),55.44,False
Guatemala,GTM,Centroamérica y México,2012,2010s,Participación,Ratio participación mujer/varón,SL.TLF.CACT.FM.ZS,% (mujer/varón),55.67,False
Guatemala,GTM,Centroamérica y México,2013,2010s,Participación,Ratio participación mujer/varón,SL.TLF.CACT.FM.ZS,% (mujer/varón),55.9,False
Guatemala,GTM,Centroamérica y México,2014,2010s,Participación,Ratio participación mujer/varón,SL.TLF.CACT.FM.ZS,% (mujer/varón),56.12,False
Haití,HTI,Caribe,1990,1990s,Calidad del empleo,Asalariadas,SL.EMP.WORK.FE.ZS,% del empleo femenino,21.2,False
Haití,HTI,Caribe,1997,1990s,Liderazgo,Bancas parlamentarias femeninas,SG.GEN.PARL.ZS,% de bancas,3.6,False
Haití,HTI,Caribe,1998,1990s,Liderazgo,Bancas parlamentarias femeninas,SG.GEN.PARL.ZS,% de bancas,3.6,False
Haití,HTI,Caribe,1999,1990s,Liderazgo,Bancas parlamentarias femeninas,SG.GEN.PARL.ZS,% de bancas,3.6,False
Haití,HTI,Caribe,2001,2000s,Liderazgo,Bancas parlamentarias femeninas,SG.GEN.PARL.ZS,% de bancas,3.6,False
Haití,HTI,Caribe,2002,2000s,Liderazgo,Bancas parlamentarias femeninas,SG.GEN.PARL.ZS,% de bancas,3.6,False
Haití,HTI,Caribe,2003,2000s,Liderazgo,Bancas parlamentarias femeninas,SG.GEN.PARL.ZS,% de bancas,3.6,False
Haití,HTI,Caribe,2004,2000s,Liderazgo,Bancas parlamentarias femeninas,SG.GEN.PARL.ZS,% de bancas,3.6,False
Haití,HTI,Caribe,2005,2000s,Liderazgo,Bancas parlamentarias femeninas,SG.GEN.PARL.ZS,% de bancas,3.6,False
Haití,HTI,Caribe,2006,2000s,Liderazgo,Bancas parlamentarias femeninas,SG.GEN.PARL.ZS,% de bancas,2.0,False
Haití,HTI,Caribe,2007,2000s,Liderazgo,Bancas parlamentarias femeninas,SG.GEN.PARL.ZS,% de bancas,4.1,False
Haití,HTI,Caribe,2008,2000s,Liderazgo,Bancas parlamentarias femeninas,SG.GEN.PARL.ZS,% de bancas,4.1,False
Haití,HTI,Caribe,2009,2000s,Liderazgo,Bancas parlamentarias femeninas,SG.GEN.PARL.ZS,% de bancas,4.1,False
Haití,HTI,Caribe,2010,2010s,Liderazgo,Bancas parlamentarias femeninas,SG.GEN.PARL.ZS,% de bancas,11.1,False
Haití,HTI,Caribe,2011,2010s,Liderazgo,Bancas parlamentarias femeninas,SG.GEN.PARL.ZS,% de bancas,4.2,False
Haití,HTI,Caribe,2012,2010s,Liderazgo,Bancas parlamentarias femeninas,SG.GEN.PARL.ZS,% de bancas,4.2,False
Haití,HTI,Caribe,2013,2010s,Liderazgo,Bancas parlamentarias femeninas,SG.GEN.PARL.ZS,% de bancas,4.2,False
Haití,HTI,Caribe,2014,2010s,Liderazgo,Bancas parlamentarias femeninas,SG.GEN.PARL.ZS,% de bancas,4.2,False
Haití,HTI,Caribe,1991,1990s,Calidad del empleo,Desempleo femenino,SL.UEM.TOTL.FE.ZS,% de la PEA femenina,14.8,False
Haití,HTI,Caribe,1992,1990s,Calidad del empleo,Desempleo femenino,SL.UEM.TOTL.FE.ZS,% de la PEA femenina,14.9,False
Haití,HTI,Caribe,1993,1990s,Calidad del empleo,Desempleo femenino,SL.UEM.TOTL.FE.ZS,% de la PEA femenina,15.0,False
Haití,HTI,Caribe,1994,1990s,Calidad del empleo,Desempleo femenino,SL.UEM.TOTL.FE.ZS,% de la PEA femenina,15.3,False
Haití,HTI,Caribe,1995,1990s,Calidad del empleo,Desempleo femenino,SL.UEM.TOTL.FE.ZS,% de la PEA femenina,13.8,False
Haití,HTI,Caribe,1996,1990s,Calidad del empleo,Desempleo femenino,SL.UEM.TOTL.FE.ZS,% de la PEA femenina,14.1,False
Haití,HTI,Caribe,1997,1990s,Calidad del empleo,Desempleo femenino,SL.UEM.TOTL.FE.ZS,% de la PEA femenina,14.1,False
Haití,HTI,Caribe,1998,1990s,Calidad del empleo,Desempleo femenino,SL.UEM.TOTL.FE.ZS,% de la PEA femenina,14.1,False
Haití,HTI,Caribe,1999,1990s,Calidad del empleo,Desempleo femenino,SL.UEM.TOTL.FE.ZS,% de la PEA femenina,8.3,False
Haití,HTI,Caribe,2000,2000s,Calidad del empleo,Desempleo femenino,SL.UEM.TOTL.FE.ZS,% de la PEA femenina,8.5,False
Haití,HTI,Caribe,2001,2000s,Calidad del empleo,Desempleo femenino,SL.UEM.TOTL.FE.ZS,% de la PEA femenina,8.7,False
Haití,HTI,Caribe,2002,2000s,Calidad del empleo,Desempleo femenino,SL.UEM.TOTL.FE.ZS,% de la PEA femenina,8.7,False
Haití,HTI,Caribe,2003,2000s,Calidad del empleo,Desempleo femenino,SL.UEM.TOTL.FE.ZS,% de la PEA femenina,8.6,False
Haití,HTI,Caribe,2004,2000s,Calidad del empleo,Desempleo femenino,SL.UEM.TOTL.FE.ZS,% de la PEA femenina,9.1,False
Haití,HTI,Caribe,2005,2000s,Calidad del empleo,Desempleo femenino,SL.UEM.TOTL.FE.ZS,% de la PEA femenina,8.5,False
Haití,HTI,Caribe,2006,2000s,Calidad del empleo,Desempleo femenino,SL.UEM.TOTL.FE.ZS,% de la PEA femenina,8.4,False
Haití,HTI,Caribe,2007,2000s,Calidad del empleo,Desempleo femenino,SL.UEM.TOTL.FE.ZS,% de la PEA femenina,8.3,False
Haití,HTI,Caribe,2008,2000s,Calidad del empleo,Desempleo femenino,SL.UEM.TOTL.FE.ZS,% de la PEA femenina,8.5,False
Haití,HTI,Caribe,2009,2000s,Calidad del empleo,Desempleo femenino,SL.UEM.TOTL.FE.ZS,% de la PEA femenina,8.2,False
Haití,HTI,Caribe,2010,2010s,Calidad del empleo,Desempleo femenino,SL.UEM.TOTL.FE.ZS,% de la PEA femenina,9.1,False
Haití,HTI,Caribe,2011,2010s,Calidad del empleo,Desempleo femenino,SL.UEM.TOTL.FE.ZS,% de la PEA femenina,7.8,False
Haití,HTI,Caribe,2012,2010s,Calidad del empleo,Desempleo femenino,SL.UEM.TOTL.FE.ZS,% de la PEA femenina,8.1,False
Haití,HTI,Caribe,2013,2010s,Calidad del empleo,Desempleo femenino,SL.UEM.TOTL.FE.ZS,% de la PEA femenina,7.8,False
Haití,HTI,Caribe,2014,2010s,Calidad del empleo,Desempleo femenino,SL.UEM.TOTL.FE.ZS,% de la PEA femenina,7.8,False
Haití,HTI,Caribe,1990,1990s,Estructura sectorial,Empleo femenino en agricultura,SL.AGR.EMPL.FE.ZS,% del empleo femenino,49.6,True
Haití,HTI,Caribe,1999,1990s,Estructura sectorial,Empleo femenino en agricultura,SL.AGR.EMPL.FE.ZS,% del empleo femenino,37.3,True
Haití,HTI,Caribe,1990,1990s,Estructura sectorial,Empleo femenino en servicios,SL.SRV.EMPL.FE.ZS,% del empleo femenino,37.8,True
Haití,HTI,Caribe,1999,1990s,Estructura sectorial,Empleo femenino en servicios,SL.SRV.EMPL.FE.ZS,% del empleo femenino,56.7,False
Haití,HTI,Caribe,1991,1990s,Contexto,PBI per cápita,NY.GDP.PCAP.CD,USD corrientes,479.55,False
Haití,HTI,Caribe,1992,1990s,Contexto,PBI per cápita,NY.GDP.PCAP.CD,USD corrientes,305.55,False
Haití,HTI,Caribe,1993,1990s,Contexto,PBI per cápita,NY.GDP.PCAP.CD,USD corrientes,249.41,False
Haití,HTI,Caribe,1994,1990s,Contexto,PBI per cápita,NY.GDP.PCAP.CD,USD corrientes,282.42,False
Haití,HTI,Caribe,1995,1990s,Contexto,PBI per cápita,NY.GDP.PCAP.CD,USD corrientes,359.77,False
Haití,HTI,Caribe,1996,1990s,Contexto,PBI per cápita,NY.GDP.PCAP.CD,USD corrientes,365.0,False
Haití,HTI,Caribe,1997,1990s,Contexto,PBI per cápita,NY.GDP.PCAP.CD,USD corrientes,411.6,False
Haití,HTI,Caribe,1998,1990s,Contexto,PBI per cápita,NY.GDP.PCAP.CD,USD corrientes,450.92,False
Haití,HTI,Caribe,1999,1990s,Contexto,PBI per cápita,NY.GDP.PCAP.CD,USD corrientes,494.23,False
Haití,HTI,Caribe,2000,2000s,Contexto,PBI per cápita,NY.GDP.PCAP.CD,USD corrientes,462.48,False
Haití,HTI,Caribe,2001,2000s,Contexto,PBI per cápita,NY.GDP.PCAP.CD,USD corrientes,413.74,False
Haití,HTI,Caribe,2002,2000s,Contexto,PBI per cápita,NY.GDP.PCAP.CD,USD corrientes,393.02,False
Haití,HTI,Caribe,2003,2000s,Contexto,PBI per cápita,NY.GDP.PCAP.CD,USD corrientes,329.78,False
Haití,HTI,Caribe,2004,2000s,Contexto,PBI per cápita,NY.GDP.PCAP.CD,USD corrientes,387.94,False
Haití,HTI,Caribe,2005,2000s,Contexto,PBI per cápita,NY.GDP.PCAP.CD,USD corrientes,465.31,False
Haití,HTI,Caribe,2006,2000s,Contexto,PBI per cápita,NY.GDP.PCAP.CD,USD corrientes,505.58,False
Haití,HTI,Caribe,2007,2000s,Contexto,PBI per cápita,NY.GDP.PCAP.CD,USD corrientes,615.82,False
Haití,HTI,Caribe,2008,2000s,Contexto,PBI per cápita,NY.GDP.PCAP.CD,USD corrientes,674.75,False
Haití,HTI,Caribe,2009,2000s,Contexto,PBI per cápita,NY.GDP.PCAP.CD,USD corrientes,668.29,False
Haití,HTI,Caribe,2010,2010s,Contexto,PBI per cápita,NY.GDP.PCAP.CD,USD corrientes,662.28,False
Haití,HTI,Caribe,2011,2010s,Contexto,PBI per cápita,NY.GDP.PCAP.CD,USD corrientes,740.95,False
Haití,HTI,Caribe,2012,2010s,Contexto,PBI per cápita,NY.GDP.PCAP.CD,USD corrientes,766.87,False
Haití,HTI,Caribe,2013,2010s,Contexto,PBI per cápita,NY.GDP.PCAP.CD,USD corrientes,810.33,False
Haití,HTI,Caribe,2014,2010s,Contexto,PBI per cápita,NY.GDP.PCAP.CD,USD corrientes,830.15,False
Haití,HTI,Caribe,1990,1990s,Participación,Participación laboral femenina,SL.TLF.CACT.FE.ZS,% de mujeres 15+,56.8,False
Haití,HTI,Caribe,1991,1990s,Participación,Participación laboral femenina,SL.TLF.CACT.FE.ZS,% de mujeres 15+,56.9,False
Haití,HTI,Caribe,1992,1990s,Participación,Participación laboral femenina,SL.TLF.CACT.FE.ZS,% de mujeres 15+,57.0,False
Haití,HTI,Caribe,1993,1990s,Participación,Participación laboral femenina,SL.TLF.CACT.FE.ZS,% de mujeres 15+,57.1,False
Haití,HTI,Caribe,1994,1990s,Participación,Participación laboral femenina,SL.TLF.CACT.FE.ZS,% de mujeres 15+,57.2,False
Haití,HTI,Caribe,1995,1990s,Participación,Participación laboral femenina,SL.TLF.CACT.FE.ZS,% de mujeres 15+,57.2,False
Haití,HTI,Caribe,1996,1990s,Participación,Participación laboral femenina,SL.TLF.CACT.FE.ZS,% de mujeres 15+,57.1,False
Haití,HTI,Caribe,1997,1990s,Participación,Participación laboral femenina,SL.TLF.CACT.FE.ZS,% de mujeres 15+,57.1,False
Haití,HTI,Caribe,1998,1990s,Participación,Participación laboral femenina,SL.TLF.CACT.FE.ZS,% de mujeres 15+,57.0,False
Haití,HTI,Caribe,1999,1990s,Participación,Participación laboral femenina,SL.TLF.CACT.FE.ZS,% de mujeres 15+,56.9,False
Haití,HTI,Caribe,2000,2000s,Participación,Participación laboral femenina,SL.TLF.CACT.FE.ZS,% de mujeres 15+,56.9,False
Haití,HTI,Caribe,2001,2000s,Participación,Participación laboral femenina,SL.TLF.CACT.FE.ZS,% de mujeres 15+,57.1,False
Haití,HTI,Caribe,2002,2000s,Participación,Participación laboral femenina,SL.TLF.CACT.FE.ZS,% de mujeres 15+,57.4,False
Haití,HTI,Caribe,2003,2000s,Participación,Participación laboral femenina,SL.TLF.CACT.FE.ZS,% de mujeres 15+,57.7,False
Haití,HTI,Caribe,2004,2000s,Participación,Participación laboral femenina,SL.TLF.CACT.FE.ZS,% de mujeres 15+,58.1,False
Haití,HTI,Caribe,2005,2000s,Participación,Participación laboral femenina,SL.TLF.CACT.FE.ZS,% de mujeres 15+,58.4,False
Haití,HTI,Caribe,2006,2000s,Participación,Participación laboral femenina,SL.TLF.CACT.FE.ZS,% de mujeres 15+,58.7,False
Haití,HTI,Caribe,2007,2000s,Participación,Participación laboral femenina,SL.TLF.CACT.FE.ZS,% de mujeres 15+,59.0,False
Haití,HTI,Caribe,2008,2000s,Participación,Participación laboral femenina,SL.TLF.CACT.FE.ZS,% de mujeres 15+,59.4,False
Haití,HTI,Caribe,2009,2000s,Participación,Participación laboral femenina,SL.TLF.CACT.FE.ZS,% de mujeres 15+,59.7,False
Haití,HTI,Caribe,2010,2010s,Participación,Participación laboral femenina,SL.TLF.CACT.FE.ZS,% de mujeres 15+,60.1,False
Haití,HTI,Caribe,2011,2010s,Participación,Participación laboral femenina,SL.TLF.CACT.FE.ZS,% de mujeres 15+,60.3,False
Haití,HTI,Caribe,2012,2010s,Participación,Participación laboral femenina,SL.TLF.CACT.FE.ZS,% de mujeres 15+,60.6,False
Haití,HTI,Caribe,2013,2010s,Participación,Participación laboral femenina,SL.TLF.CACT.FE.ZS,% de mujeres 15+,60.9,False
Haití,HTI,Caribe,2014,2010s,Participación,Participación laboral femenina,SL.TLF.CACT.FE.ZS,% de mujeres 15+,61.1,False
Haití,HTI,Caribe,1990,1990s,Participación,Participación laboral masculina,SL.TLF.CACT.MA.ZS,% de varones 15+,77.4,False
Haití,HTI,Caribe,1991,1990s,Participación,Participación laboral masculina,SL.TLF.CACT.MA.ZS,% de varones 15+,76.7,False
Haití,HTI,Caribe,1992,1990s,Participación,Participación laboral masculina,SL.TLF.CACT.MA.ZS,% de varones 15+,76.0,False
Haití,HTI,Caribe,1993,1990s,Participación,Participación laboral masculina,SL.TLF.CACT.MA.ZS,% de varones 15+,75.2,False
Haití,HTI,Caribe,1994,1990s,Participación,Participación laboral masculina,SL.TLF.CACT.MA.ZS,% de varones 15+,74.4,False
Haití,HTI,Caribe,1995,1990s,Participación,Participación laboral masculina,SL.TLF.CACT.MA.ZS,% de varones 15+,73.5,False
Haití,HTI,Caribe,1996,1990s,Participación,Participación laboral masculina,SL.TLF.CACT.MA.ZS,% de varones 15+,72.6,False
Haití,HTI,Caribe,1997,1990s,Participación,Participación laboral masculina,SL.TLF.CACT.MA.ZS,% de varones 15+,71.7,False
Haití,HTI,Caribe,1998,1990s,Participación,Participación laboral masculina,SL.TLF.CACT.MA.ZS,% de varones 15+,70.7,False
Haití,HTI,Caribe,1999,1990s,Participación,Participación laboral masculina,SL.TLF.CACT.MA.ZS,% de varones 15+,69.8,False
Haití,HTI,Caribe,2000,2000s,Participación,Participación laboral masculina,SL.TLF.CACT.MA.ZS,% de varones 15+,69.0,False
Haití,HTI,Caribe,2001,2000s,Participación,Participación laboral masculina,SL.TLF.CACT.MA.ZS,% de varones 15+,69.0,False
Haití,HTI,Caribe,2002,2000s,Participación,Participación laboral masculina,SL.TLF.CACT.MA.ZS,% de varones 15+,69.0,False
Haití,HTI,Caribe,2003,2000s,Participación,Participación laboral masculina,SL.TLF.CACT.MA.ZS,% de varones 15+,69.1,False
Haití,HTI,Caribe,2004,2000s,Participación,Participación laboral masculina,SL.TLF.CACT.MA.ZS,% de varones 15+,69.3,False
Haití,HTI,Caribe,2005,2000s,Participación,Participación laboral masculina,SL.TLF.CACT.MA.ZS,% de varones 15+,69.5,False
Haití,HTI,Caribe,2006,2000s,Participación,Participación laboral masculina,SL.TLF.CACT.MA.ZS,% de varones 15+,69.6,False
Haití,HTI,Caribe,2007,2000s,Participación,Participación laboral masculina,SL.TLF.CACT.MA.ZS,% de varones 15+,69.8,False
Haití,HTI,Caribe,2008,2000s,Participación,Participación laboral masculina,SL.TLF.CACT.MA.ZS,% de varones 15+,70.0,False
Haití,HTI,Caribe,2009,2000s,Participación,Participación laboral masculina,SL.TLF.CACT.MA.ZS,% de varones 15+,70.2,False
Haití,HTI,Caribe,2010,2010s,Participación,Participación laboral masculina,SL.TLF.CACT.MA.ZS,% de varones 15+,70.5,False
Haití,HTI,Caribe,2011,2010s,Participación,Participación laboral masculina,SL.TLF.CACT.MA.ZS,% de varones 15+,70.7,False
Haití,HTI,Caribe,2012,2010s,Participación,Participación laboral masculina,SL.TLF.CACT.MA.ZS,% de varones 15+,70.8,False
Haití,HTI,Caribe,2013,2010s,Participación,Participación laboral masculina,SL.TLF.CACT.MA.ZS,% de varones 15+,71.0,False
Haití,HTI,Caribe,2014,2010s,Participación,Participación laboral masculina,SL.TLF.CACT.MA.ZS,% de varones 15+,71.1,False
Haití,HTI,Caribe,1990,1990s,Participación,Ratio participación mujer/varón,SL.TLF.CACT.FM.ZS,% (mujer/varón),73.39,False
Haití,HTI,Caribe,1991,1990s,Participación,Ratio participación mujer/varón,SL.TLF.CACT.FM.ZS,% (mujer/varón),74.19,False
Haití,HTI,Caribe,1992,1990s,Participación,Ratio participación mujer/varón,SL.TLF.CACT.FM.ZS,% (mujer/varón),75.0,False
Haití,HTI,Caribe,1993,1990s,Participación,Ratio participación mujer/varón,SL.TLF.CACT.FM.ZS,% (mujer/varón),75.93,False
Haití,HTI,Caribe,1994,1990s,Participación,Ratio participación mujer/varón,SL.TLF.CACT.FM.ZS,% (mujer/varón),76.88,False
Haití,HTI,Caribe,1995,1990s,Participación,Ratio participación mujer/varón,SL.TLF.CACT.FM.ZS,% (mujer/varón),77.82,False
Haití,HTI,Caribe,1996,1990s,Participación,Ratio participación mujer/varón,SL.TLF.CACT.FM.ZS,% (mujer/varón),78.65,False
Haití,HTI,Caribe,1997,1990s,Participación,Ratio participación mujer/varón,SL.TLF.CACT.FM.ZS,% (mujer/varón),79.64,False
Haití,HTI,Caribe,1998,1990s,Participación,Ratio participación mujer/varón,SL.TLF.CACT.FM.ZS,% (mujer/varón),80.62,False
Haití,HTI,Caribe,1999,1990s,Participación,Ratio participación mujer/varón,SL.TLF.CACT.FM.ZS,% (mujer/varón),81.52,False
Haití,HTI,Caribe,2000,2000s,Participación,Ratio participación mujer/varón,SL.TLF.CACT.FM.ZS,% (mujer/varón),82.46,False
Haití,HTI,Caribe,2001,2000s,Participación,Ratio participación mujer/varón,SL.TLF.CACT.FM.ZS,% (mujer/varón),82.75,False
Haití,HTI,Caribe,2002,2000s,Participación,Ratio participación mujer/varón,SL.TLF.CACT.FM.ZS,% (mujer/varón),83.19,False
Haití,HTI,Caribe,2003,2000s,Participación,Ratio participación mujer/varón,SL.TLF.CACT.FM.ZS,% (mujer/varón),83.5,False
Haití,HTI,Caribe,2004,2000s,Participación,Ratio participación mujer/varón,SL.TLF.CACT.FM.ZS,% (mujer/varón),83.84,False
Haití,HTI,Caribe,2005,2000s,Participación,Ratio participación mujer/varón,SL.TLF.CACT.FM.ZS,% (mujer/varón),84.03,False
Haití,HTI,Caribe,2006,2000s,Participación,Ratio participación mujer/varón,SL.TLF.CACT.FM.ZS,% (mujer/varón),84.34,False
Haití,HTI,Caribe,2007,2000s,Participación,Ratio participación mujer/varón,SL.TLF.CACT.FM.ZS,% (mujer/varón),84.53,False
Haití,HTI,Caribe,2008,2000s,Participación,Ratio participación mujer/varón,SL.TLF.CACT.FM.ZS,% (mujer/varón),84.86,False
Haití,HTI,Caribe,2009,2000s,Participación,Ratio participación mujer/varón,SL.TLF.CACT.FM.ZS,% (mujer/varón),85.04,False
Haití,HTI,Caribe,2010,2010s,Participación,Ratio participación mujer/varón,SL.TLF.CACT.FM.ZS,% (mujer/varón),85.25,False
Haití,HTI,Caribe,2011,2010s,Participación,Ratio participación mujer/varón,SL.TLF.CACT.FM.ZS,% (mujer/varón),85.29,False
Haití,HTI,Caribe,2012,2010s,Participación,Ratio participación mujer/varón,SL.TLF.CACT.FM.ZS,% (mujer/varón),85.59,False
Haití,HTI,Caribe,2013,2010s,Participación,Ratio participación mujer/varón,SL.TLF.CACT.FM.ZS,% (mujer/varón),85.77,False
Haití,HTI,Caribe,2014,2010s,Participación,Ratio participación mujer/varón,SL.TLF.CACT.FM.ZS,% (mujer/varón),85.94,False
Honduras,HND,Centroamérica y México,1990,1990s,Calidad del empleo,Asalariadas,SL.EMP.WORK.FE.ZS,% del empleo femenino,48.9,False
Honduras,HND,Centroamérica y México,1991,1990s,Calidad del empleo,Asalariadas,SL.EMP.WORK.FE.ZS,% del empleo femenino,52.7,False
Honduras,HND,Centroamérica y México,1992,1990s,Calidad del empleo,Asalariadas,SL.EMP.WORK.FE.ZS,% del empleo femenino,54.9,False
Honduras,HND,Centroamérica y México,1994,1990s,Calidad del empleo,Asalariadas,SL.EMP.WORK.FE.ZS,% del empleo femenino,54.7,False
Honduras,HND,Centroamérica y México,1995,1990s,Calidad del empleo,Asalariadas,SL.EMP.WORK.FE.ZS,% del empleo femenino,51.2,False
Honduras,HND,Centroamérica y México,1996,1990s,Calidad del empleo,Asalariadas,SL.EMP.WORK.FE.ZS,% del empleo femenino,47.8,False
Honduras,HND,Centroamérica y México,1997,1990s,Calidad del empleo,Asalariadas,SL.EMP.WORK.FE.ZS,% del empleo femenino,47.7,False
Honduras,HND,Centroamérica y México,1998,1990s,Calidad del empleo,Asalariadas,SL.EMP.WORK.FE.ZS,% del empleo femenino,47.6,False
Honduras,HND,Centroamérica y México,1999,1990s,Calidad del empleo,Asalariadas,SL.EMP.WORK.FE.ZS,% del empleo femenino,44.4,False
Honduras,HND,Centroamérica y México,2001,2000s,Calidad del empleo,Asalariadas,SL.EMP.WORK.FE.ZS,% del empleo femenino,50.4,False
Honduras,HND,Centroamérica y México,2002,2000s,Calidad del empleo,Asalariadas,SL.EMP.WORK.FE.ZS,% del empleo femenino,47.6,False
Honduras,HND,Centroamérica y México,2003,2000s,Calidad del empleo,Asalariadas,SL.EMP.WORK.FE.ZS,% del empleo femenino,44.7,False
Honduras,HND,Centroamérica y México,2004,2000s,Calidad del empleo,Asalariadas,SL.EMP.WORK.FE.ZS,% del empleo femenino,50.0,False
Honduras,HND,Centroamérica y México,2005,2000s,Calidad del empleo,Asalariadas,SL.EMP.WORK.FE.ZS,% del empleo femenino,52.6,False
Honduras,HND,Centroamérica y México,2006,2000s,Calidad del empleo,Asalariadas,SL.EMP.WORK.FE.ZS,% del empleo femenino,46.8,False
Honduras,HND,Centroamérica y México,2007,2000s,Calidad del empleo,Asalariadas,SL.EMP.WORK.FE.ZS,% del empleo femenino,46.0,False
Honduras,HND,Centroamérica y México,2008,2000s,Calidad del empleo,Asalariadas,SL.EMP.WORK.FE.ZS,% del empleo femenino,47.0,False
Honduras,HND,Centroamérica y México,2009,2000s,Calidad del empleo,Asalariadas,SL.EMP.WORK.FE.ZS,% del empleo femenino,41.6,False
Honduras,HND,Centroamérica y México,2010,2010s,Calidad del empleo,Asalariadas,SL.EMP.WORK.FE.ZS,% del empleo femenino,41.3,False
Honduras,HND,Centroamérica y México,1990,1990s,Liderazgo,Bancas parlamentarias femeninas,SG.GEN.PARL.ZS,% de bancas,10.2,False
Honduras,HND,Centroamérica y México,1998,1990s,Liderazgo,Bancas parlamentarias femeninas,SG.GEN.PARL.ZS,% de bancas,9.4,False
Honduras,HND,Centroamérica y México,1999,1990s,Liderazgo,Bancas parlamentarias femeninas,SG.GEN.PARL.ZS,% de bancas,9.4,False
Honduras,HND,Centroamérica y México,2000,2000s,Liderazgo,Bancas parlamentarias femeninas,SG.GEN.PARL.ZS,% de bancas,9.4,False
Honduras,HND,Centroamérica y México,2001,2000s,Liderazgo,Bancas parlamentarias femeninas,SG.GEN.PARL.ZS,% de bancas,9.4,False
Honduras,HND,Centroamérica y México,2002,2000s,Liderazgo,Bancas parlamentarias femeninas,SG.GEN.PARL.ZS,% de bancas,5.5,False
Honduras,HND,Centroamérica y México,2003,2000s,Liderazgo,Bancas parlamentarias femeninas,SG.GEN.PARL.ZS,% de bancas,5.5,False
Honduras,HND,Centroamérica y México,2004,2000s,Liderazgo,Bancas parlamentarias femeninas,SG.GEN.PARL.ZS,% de bancas,5.5,False
Honduras,HND,Centroamérica y México,2005,2000s,Liderazgo,Bancas parlamentarias femeninas,SG.GEN.PARL.ZS,% de bancas,23.4,False
Honduras,HND,Centroamérica y México,2006,2000s,Liderazgo,Bancas parlamentarias femeninas,SG.GEN.PARL.ZS,% de bancas,23.4,False
Honduras,HND,Centroamérica y México,2007,2000s,Liderazgo,Bancas parlamentarias femeninas,SG.GEN.PARL.ZS,% de bancas,23.4,False
Honduras,HND,Centroamérica y México,2008,2000s,Liderazgo,Bancas parlamentarias femeninas,SG.GEN.PARL.ZS,% de bancas,23.4,False
Honduras,HND,Centroamérica y México,2009,2000s,Liderazgo,Bancas parlamentarias femeninas,SG.GEN.PARL.ZS,% de bancas,18.0,False
Honduras,HND,Centroamérica y México,2010,2010s,Liderazgo,Bancas parlamentarias femeninas,SG.GEN.PARL.ZS,% de bancas,18.0,False
Honduras,HND,Centroamérica y México,2011,2010s,Liderazgo,Bancas parlamentarias femeninas,SG.GEN.PARL.ZS,% de bancas,19.5,False
Honduras,HND,Centroamérica y México,2012,2010s,Liderazgo,Bancas parlamentarias femeninas,SG.GEN.PARL.ZS,% de bancas,19.5,False
Honduras,HND,Centroamérica y México,2013,2010s,Liderazgo,Bancas parlamentarias femeninas,SG.GEN.PARL.ZS,% de bancas,19.5,False
Honduras,HND,Centroamérica y México,2014,2010s,Liderazgo,Bancas parlamentarias femeninas,SG.GEN.PARL.ZS,% de bancas,25.8,False
Honduras,HND,Centroamérica y México,1991,1990s,Calidad del empleo,Desempleo femenino,SL.UEM.TOTL.FE.ZS,% de la PEA femenina,6.4,False
Honduras,HND,Centroamérica y México,1992,1990s,Calidad del empleo,Desempleo femenino,SL.UEM.TOTL.FE.ZS,% de la PEA femenina,4.3,False
Honduras,HND,Centroamérica y México,1993,1990s,Calidad del empleo,Desempleo femenino,SL.UEM.TOTL.FE.ZS,% de la PEA femenina,4.3,False
Honduras,HND,Centroamérica y México,1994,1990s,Calidad del empleo,Desempleo femenino,SL.UEM.TOTL.FE.ZS,% de la PEA femenina,4.1,False
Honduras,HND,Centroamérica y México,1995,1990s,Calidad del empleo,Desempleo femenino,SL.UEM.TOTL.FE.ZS,% de la PEA femenina,4.3,False
Honduras,HND,Centroamérica y México,1996,1990s,Calidad del empleo,Desempleo femenino,SL.UEM.TOTL.FE.ZS,% de la PEA femenina,5.9,False
Honduras,HND,Centroamérica y México,1997,1990s,Calidad del empleo,Desempleo femenino,SL.UEM.TOTL.FE.ZS,% de la PEA femenina,4.4,False
Honduras,HND,Centroamérica y México,1998,1990s,Calidad del empleo,Desempleo femenino,SL.UEM.TOTL.FE.ZS,% de la PEA femenina,5.3,False
Honduras,HND,Centroamérica y México,1999,1990s,Calidad del empleo,Desempleo femenino,SL.UEM.TOTL.FE.ZS,% de la PEA femenina,4.0,False
Honduras,HND,Centroamérica y México,2000,2000s,Calidad del empleo,Desempleo femenino,SL.UEM.TOTL.FE.ZS,% de la PEA femenina,4.1,False
Honduras,HND,Centroamérica y México,2001,2000s,Calidad del empleo,Desempleo femenino,SL.UEM.TOTL.FE.ZS,% de la PEA femenina,4.4,False
Honduras,HND,Centroamérica y México,2002,2000s,Calidad del empleo,Desempleo femenino,SL.UEM.TOTL.FE.ZS,% de la PEA femenina,4.7,False
Honduras,HND,Centroamérica y México,2003,2000s,Calidad del empleo,Desempleo femenino,SL.UEM.TOTL.FE.ZS,% de la PEA femenina,6.5,False
Honduras,HND,Centroamérica y México,2004,2000s,Calidad del empleo,Desempleo femenino,SL.UEM.TOTL.FE.ZS,% de la PEA femenina,8.5,False
Honduras,HND,Centroamérica y México,2005,2000s,Calidad del empleo,Desempleo femenino,SL.UEM.TOTL.FE.ZS,% de la PEA femenina,6.3,False
Honduras,HND,Centroamérica y México,2006,2000s,Calidad del empleo,Desempleo femenino,SL.UEM.TOTL.FE.ZS,% de la PEA femenina,4.1,False
Honduras,HND,Centroamérica y México,2007,2000s,Calidad del empleo,Desempleo femenino,SL.UEM.TOTL.FE.ZS,% de la PEA femenina,3.9,False
Honduras,HND,Centroamérica y México,2008,2000s,Calidad del empleo,Desempleo femenino,SL.UEM.TOTL.FE.ZS,% de la PEA femenina,4.1,False
Honduras,HND,Centroamérica y México,2009,2000s,Calidad del empleo,Desempleo femenino,SL.UEM.TOTL.FE.ZS,% de la PEA femenina,4.4,False
Honduras,HND,Centroamérica y México,2010,2010s,Calidad del empleo,Desempleo femenino,SL.UEM.TOTL.FE.ZS,% de la PEA femenina,6.6,False
Honduras,HND,Centroamérica y México,2011,2010s,Calidad del empleo,Desempleo femenino,SL.UEM.TOTL.FE.ZS,% de la PEA femenina,6.3,False
Honduras,HND,Centroamérica y México,2012,2010s,Calidad del empleo,Desempleo femenino,SL.UEM.TOTL.FE.ZS,% de la PEA femenina,5.3,False
Honduras,HND,Centroamérica y México,2013,2010s,Calidad del empleo,Desempleo femenino,SL.UEM.TOTL.FE.ZS,% de la PEA femenina,5.1,False
Honduras,HND,Centroamérica y México,2014,2010s,Calidad del empleo,Desempleo femenino,SL.UEM.TOTL.FE.ZS,% de la PEA femenina,5.1,False
Honduras,HND,Centroamérica y México,1990,1990s,Calidad del empleo,Empleadoras,SL.EMP.MPYR.FE.ZS,% del empleo femenino,0.7,False
Honduras,HND,Centroamérica y México,1991,1990s,Calidad del empleo,Empleadoras,SL.EMP.MPYR.FE.ZS,% del empleo femenino,0.6,False
Honduras,HND,Centroamérica y México,1992,1990s,Calidad del empleo,Empleadoras,SL.EMP.MPYR.FE.ZS,% del empleo femenino,0.5,False
Honduras,HND,Centroamérica y México,1994,1990s,Calidad del empleo,Empleadoras,SL.EMP.MPYR.FE.ZS,% del empleo femenino,1.5,False
Honduras,HND,Centroamérica y México,1995,1990s,Calidad del empleo,Empleadoras,SL.EMP.MPYR.FE.ZS,% del empleo femenino,2.3,False
Honduras,HND,Centroamérica y México,1996,1990s,Calidad del empleo,Empleadoras,SL.EMP.MPYR.FE.ZS,% del empleo femenino,2.2,False
Honduras,HND,Centroamérica y México,1997,1990s,Calidad del empleo,Empleadoras,SL.EMP.MPYR.FE.ZS,% del empleo femenino,2.3,False
Honduras,HND,Centroamérica y México,1998,1990s,Calidad del empleo,Empleadoras,SL.EMP.MPYR.FE.ZS,% del empleo femenino,2.6,False
Honduras,HND,Centroamérica y México,1999,1990s,Calidad del empleo,Empleadoras,SL.EMP.MPYR.FE.ZS,% del empleo femenino,1.9,False
Honduras,HND,Centroamérica y México,2001,2000s,Calidad del empleo,Empleadoras,SL.EMP.MPYR.FE.ZS,% del empleo femenino,2.5,False
Honduras,HND,Centroamérica y México,2002,2000s,Calidad del empleo,Empleadoras,SL.EMP.MPYR.FE.ZS,% del empleo femenino,2.3,False
Honduras,HND,Centroamérica y México,2003,2000s,Calidad del empleo,Empleadoras,SL.EMP.MPYR.FE.ZS,% del empleo femenino,2.2,False
Honduras,HND,Centroamérica y México,2004,2000s,Calidad del empleo,Empleadoras,SL.EMP.MPYR.FE.ZS,% del empleo femenino,2.3,False
Honduras,HND,Centroamérica y México,2005,2000s,Calidad del empleo,Empleadoras,SL.EMP.MPYR.FE.ZS,% del empleo femenino,1.7,False
Honduras,HND,Centroamérica y México,2006,2000s,Calidad del empleo,Empleadoras,SL.EMP.MPYR.FE.ZS,% del empleo femenino,2.0,False
Honduras,HND,Centroamérica y México,2007,2000s,Calidad del empleo,Empleadoras,SL.EMP.MPYR.FE.ZS,% del empleo femenino,1.7,False
Honduras,HND,Centroamérica y México,2008,2000s,Calidad del empleo,Empleadoras,SL.EMP.MPYR.FE.ZS,% del empleo femenino,1.8,False
Honduras,HND,Centroamérica y México,2009,2000s,Calidad del empleo,Empleadoras,SL.EMP.MPYR.FE.ZS,% del empleo femenino,2.0,False
Honduras,HND,Centroamérica y México,2010,2010s,Calidad del empleo,Empleadoras,SL.EMP.MPYR.FE.ZS,% del empleo femenino,1.9,False
Honduras,HND,Centroamérica y México,1990,1990s,Estructura sectorial,Empleo femenino en agricultura,SL.AGR.EMPL.FE.ZS,% del empleo femenino,5.8,False
Honduras,HND,Centroamérica y México,1992,1990s,Estructura sectorial,Empleo femenino en agricultura,SL.AGR.EMPL.FE.ZS,% del empleo femenino,6.2,False
Honduras,HND,Centroamérica y México,1994,1990s,Estructura sectorial,Empleo femenino en agricultura,SL.AGR.EMPL.FE.ZS,% del empleo femenino,5.9,False
Honduras,HND,Centroamérica y México,1995,1990s,Estructura sectorial,Empleo femenino en agricultura,SL.AGR.EMPL.FE.ZS,% del empleo femenino,6.4,False
Honduras,HND,Centroamérica y México,1996,1990s,Estructura sectorial,Empleo femenino en agricultura,SL.AGR.EMPL.FE.ZS,% del empleo femenino,7.6,False
Honduras,HND,Centroamérica y México,1997,1990s,Estructura sectorial,Empleo femenino en agricultura,SL.AGR.EMPL.FE.ZS,% del empleo femenino,7.1,False
Honduras,HND,Centroamérica y México,1998,1990s,Estructura sectorial,Empleo femenino en agricultura,SL.AGR.EMPL.FE.ZS,% del empleo femenino,7.8,False
Honduras,HND,Centroamérica y México,1999,1990s,Estructura sectorial,Empleo femenino en agricultura,SL.AGR.EMPL.FE.ZS,% del empleo femenino,8.9,False
Honduras,HND,Centroamérica y México,2001,2000s,Estructura sectorial,Empleo femenino en agricultura,SL.AGR.EMPL.FE.ZS,% del empleo femenino,7.0,False
Honduras,HND,Centroamérica y México,2002,2000s,Estructura sectorial,Empleo femenino en agricultura,SL.AGR.EMPL.FE.ZS,% del empleo femenino,8.9,False
Honduras,HND,Centroamérica y México,2003,2000s,Estructura sectorial,Empleo femenino en agricultura,SL.AGR.EMPL.FE.ZS,% del empleo femenino,8.7,False
Honduras,HND,Centroamérica y México,2004,2000s,Estructura sectorial,Empleo femenino en agricultura,SL.AGR.EMPL.FE.ZS,% del empleo femenino,7.2,False
Honduras,HND,Centroamérica y México,2005,2000s,Estructura sectorial,Empleo femenino en agricultura,SL.AGR.EMPL.FE.ZS,% del empleo femenino,13.1,False
Honduras,HND,Centroamérica y México,2006,2000s,Estructura sectorial,Empleo femenino en agricultura,SL.AGR.EMPL.FE.ZS,% del empleo femenino,10.6,False
Honduras,HND,Centroamérica y México,2007,2000s,Estructura sectorial,Empleo femenino en agricultura,SL.AGR.EMPL.FE.ZS,% del empleo femenino,10.0,False
Honduras,HND,Centroamérica y México,2008,2000s,Estructura sectorial,Empleo femenino en agricultura,SL.AGR.EMPL.FE.ZS,% del empleo femenino,10.4,False
Honduras,HND,Centroamérica y México,2009,2000s,Estructura sectorial,Empleo femenino en agricultura,SL.AGR.EMPL.FE.ZS,% del empleo femenino,11.9,False
Honduras,HND,Centroamérica y México,2010,2010s,Estructura sectorial,Empleo femenino en agricultura,SL.AGR.EMPL.FE.ZS,% del empleo femenino,12.5,False
Honduras,HND,Centroamérica y México,2011,2010s,Estructura sectorial,Empleo femenino en agricultura,SL.AGR.EMPL.FE.ZS,% del empleo femenino,9.6,False
Honduras,HND,Centroamérica y México,2012,2010s,Estructura sectorial,Empleo femenino en agricultura,SL.AGR.EMPL.FE.ZS,% del empleo femenino,11.5,False
Honduras,HND,Centroamérica y México,2013,2010s,Estructura sectorial,Empleo femenino en agricultura,SL.AGR.EMPL.FE.ZS,% del empleo femenino,10.3,False
Honduras,HND,Centroamérica y México,1990,1990s,Estructura sectorial,Empleo femenino en servicios,SL.SRV.EMPL.FE.ZS,% del empleo femenino,71.4,False
Honduras,HND,Centroamérica y México,1992,1990s,Estructura sectorial,Empleo femenino en servicios,SL.SRV.EMPL.FE.ZS,% del empleo femenino,69.1,False
Honduras,HND,Centroamérica y México,1994,1990s,Estructura sectorial,Empleo femenino en servicios,SL.SRV.EMPL.FE.ZS,% del empleo femenino,65.2,False
Honduras,HND,Centroamérica y México,1995,1990s,Estructura sectorial,Empleo femenino en servicios,SL.SRV.EMPL.FE.ZS,% del empleo femenino,64.9,False
Honduras,HND,Centroamérica y México,1996,1990s,Estructura sectorial,Empleo femenino en servicios,SL.SRV.EMPL.FE.ZS,% del empleo femenino,63.6,False
Honduras,HND,Centroamérica y México,1997,1990s,Estructura sectorial,Empleo femenino en servicios,SL.SRV.EMPL.FE.ZS,% del empleo femenino,65.7,False
Honduras,HND,Centroamérica y México,1998,1990s,Estructura sectorial,Empleo femenino en servicios,SL.SRV.EMPL.FE.ZS,% del empleo femenino,65.7,False
Honduras,HND,Centroamérica y México,1999,1990s,Estructura sectorial,Empleo femenino en servicios,SL.SRV.EMPL.FE.ZS,% del empleo femenino,66.5,False
Honduras,HND,Centroamérica y México,2001,2000s,Estructura sectorial,Empleo femenino en servicios,SL.SRV.EMPL.FE.ZS,% del empleo femenino,67.6,False
Honduras,HND,Centroamérica y México,2002,2000s,Estructura sectorial,Empleo femenino en servicios,SL.SRV.EMPL.FE.ZS,% del empleo femenino,64.7,False
Honduras,HND,Centroamérica y México,2003,2000s,Estructura sectorial,Empleo femenino en servicios,SL.SRV.EMPL.FE.ZS,% del empleo femenino,65.9,False
Honduras,HND,Centroamérica y México,2004,2000s,Estructura sectorial,Empleo femenino en servicios,SL.SRV.EMPL.FE.ZS,% del empleo femenino,68.9,False
Honduras,HND,Centroamérica y México,2005,2000s,Estructura sectorial,Empleo femenino en servicios,SL.SRV.EMPL.FE.ZS,% del empleo femenino,63.4,False
Honduras,HND,Centroamérica y México,2006,2000s,Estructura sectorial,Empleo femenino en servicios,SL.SRV.EMPL.FE.ZS,% del empleo femenino,67.0,False
Honduras,HND,Centroamérica y México,2007,2000s,Estructura sectorial,Empleo femenino en servicios,SL.SRV.EMPL.FE.ZS,% del empleo femenino,68.1,False
Honduras,HND,Centroamérica y México,2008,2000s,Estructura sectorial,Empleo femenino en servicios,SL.SRV.EMPL.FE.ZS,% del empleo femenino,68.2,False
Honduras,HND,Centroamérica y México,2009,2000s,Estructura sectorial,Empleo femenino en servicios,SL.SRV.EMPL.FE.ZS,% del empleo femenino,67.9,False
Honduras,HND,Centroamérica y México,2010,2010s,Estructura sectorial,Empleo femenino en servicios,SL.SRV.EMPL.FE.ZS,% del empleo femenino,67.9,False
Honduras,HND,Centroamérica y México,2011,2010s,Estructura sectorial,Empleo femenino en servicios,SL.SRV.EMPL.FE.ZS,% del empleo femenino,69.7,False
Honduras,HND,Centroamérica y México,2012,2010s,Estructura sectorial,Empleo femenino en servicios,SL.SRV.EMPL.FE.ZS,% del empleo femenino,67.4,False
Honduras,HND,Centroamérica y México,2013,2010s,Estructura sectorial,Empleo femenino en servicios,SL.SRV.EMPL.FE.ZS,% del empleo femenino,70.2,False
Honduras,HND,Centroamérica y México,1990,1990s,Calidad del empleo,Empleo vulnerable femenino,SL.EMP.VULN.FE.ZS,% del empleo femenino,50.2,False
Honduras,HND,Centroamérica y México,1991,1990s,Calidad del empleo,Empleo vulnerable femenino,SL.EMP.VULN.FE.ZS,% del empleo femenino,46.5,False
Honduras,HND,Centroamérica y México,1992,1990s,Calidad del empleo,Empleo vulnerable femenino,SL.EMP.VULN.FE.ZS,% del empleo femenino,44.6,False
Honduras,HND,Centroamérica y México,1994,1990s,Calidad del empleo,Empleo vulnerable femenino,SL.EMP.VULN.FE.ZS,% del empleo femenino,43.7,False
Honduras,HND,Centroamérica y México,1995,1990s,Calidad del empleo,Empleo vulnerable femenino,SL.EMP.VULN.FE.ZS,% del empleo femenino,46.3,False
Honduras,HND,Centroamérica y México,1996,1990s,Calidad del empleo,Empleo vulnerable femenino,SL.EMP.VULN.FE.ZS,% del empleo femenino,49.9,False
Honduras,HND,Centroamérica y México,1997,1990s,Calidad del empleo,Empleo vulnerable femenino,SL.EMP.VULN.FE.ZS,% del empleo femenino,50.0,False
Honduras,HND,Centroamérica y México,1998,1990s,Calidad del empleo,Empleo vulnerable femenino,SL.EMP.VULN.FE.ZS,% del empleo femenino,49.8,False
Honduras,HND,Centroamérica y México,1999,1990s,Calidad del empleo,Empleo vulnerable femenino,SL.EMP.VULN.FE.ZS,% del empleo femenino,53.3,False
Honduras,HND,Centroamérica y México,2001,2000s,Calidad del empleo,Empleo vulnerable femenino,SL.EMP.VULN.FE.ZS,% del empleo femenino,47.2,False
Honduras,HND,Centroamérica y México,2002,2000s,Calidad del empleo,Empleo vulnerable femenino,SL.EMP.VULN.FE.ZS,% del empleo femenino,50.1,False
Honduras,HND,Centroamérica y México,2003,2000s,Calidad del empleo,Empleo vulnerable femenino,SL.EMP.VULN.FE.ZS,% del empleo femenino,53.0,False
Honduras,HND,Centroamérica y México,2004,2000s,Calidad del empleo,Empleo vulnerable femenino,SL.EMP.VULN.FE.ZS,% del empleo femenino,47.6,False
Honduras,HND,Centroamérica y México,2005,2000s,Calidad del empleo,Empleo vulnerable femenino,SL.EMP.VULN.FE.ZS,% del empleo femenino,45.7,False
Honduras,HND,Centroamérica y México,2006,2000s,Calidad del empleo,Empleo vulnerable femenino,SL.EMP.VULN.FE.ZS,% del empleo femenino,51.0,False
Honduras,HND,Centroamérica y México,2007,2000s,Calidad del empleo,Empleo vulnerable femenino,SL.EMP.VULN.FE.ZS,% del empleo femenino,52.2,False
Honduras,HND,Centroamérica y México,2008,2000s,Calidad del empleo,Empleo vulnerable femenino,SL.EMP.VULN.FE.ZS,% del empleo femenino,51.2,False
Honduras,HND,Centroamérica y México,2009,2000s,Calidad del empleo,Empleo vulnerable femenino,SL.EMP.VULN.FE.ZS,% del empleo femenino,56.4,False
Honduras,HND,Centroamérica y México,2010,2010s,Calidad del empleo,Empleo vulnerable femenino,SL.EMP.VULN.FE.ZS,% del empleo femenino,56.8,False
Honduras,HND,Centroamérica y México,2010,2010s,Liderazgo empresarial,Firmas con gerenta mujer,IC.FRM.FEMM.ZS,% de firmas,31.7,False
Honduras,HND,Centroamérica y México,2006,2000s,Liderazgo empresarial,Firmas con propiedad femenina,IC.FRM.FEMO.ZS,% de firmas,39.9,False
Honduras,HND,Centroamérica y México,2010,2010s,Liderazgo empresarial,Firmas con propiedad femenina,IC.FRM.FEMO.ZS,% de firmas,43.3,False
Honduras,HND,Centroamérica y México,1990,1990s,Contexto,PBI per cápita,NY.GDP.PCAP.CD,USD corrientes,621.8,False
Honduras,HND,Centroamérica y México,1991,1990s,Contexto,PBI per cápita,NY.GDP.PCAP.CD,USD corrientes,608.69,False
Honduras,HND,Centroamérica y México,1992,1990s,Contexto,PBI per cápita,NY.GDP.PCAP.CD,USD corrientes,660.19,False
Honduras,HND,Centroamérica y México,1993,1990s,Contexto,PBI per cápita,NY.GDP.PCAP.CD,USD corrientes,654.75,False
Honduras,HND,Centroamérica y México,1994,1990s,Contexto,PBI per cápita,NY.GDP.PCAP.CD,USD corrientes,629.16,False
Honduras,HND,Centroamérica y México,1995,1990s,Contexto,PBI per cápita,NY.GDP.PCAP.CD,USD corrientes,699.51,False
Honduras,HND,Centroamérica y México,1996,1990s,Contexto,PBI per cápita,NY.GDP.PCAP.CD,USD corrientes,704.69,False
Honduras,HND,Centroamérica y México,1997,1990s,Contexto,PBI per cápita,NY.GDP.PCAP.CD,USD corrientes,796.32,False
Honduras,HND,Centroamérica y México,1998,1990s,Contexto,PBI per cápita,NY.GDP.PCAP.CD,USD corrientes,869.11,False
Honduras,HND,Centroamérica y México,1999,1990s,Contexto,PBI per cápita,NY.GDP.PCAP.CD,USD corrientes,878.65,False
Honduras,HND,Centroamérica y México,2000,2000s,Contexto,PBI per cápita,NY.GDP.PCAP.CD,USD corrientes,1138.15,False
Honduras,HND,Centroamérica y México,2001,2000s,Contexto,PBI per cápita,NY.GDP.PCAP.CD,USD corrientes,1187.59,False
Honduras,HND,Centroamérica y México,2002,2000s,Contexto,PBI per cápita,NY.GDP.PCAP.CD,USD corrientes,1196.56,False
Honduras,HND,Centroamérica y México,2003,2000s,Contexto,PBI per cápita,NY.GDP.PCAP.CD,USD corrientes,1228.48,False
Honduras,HND,Centroamérica y México,2004,2000s,Contexto,PBI per cápita,NY.GDP.PCAP.CD,USD corrientes,1298.94,False
Honduras,HND,Centroamérica y México,2005,2000s,Contexto,PBI per cápita,NY.GDP.PCAP.CD,USD corrientes,1405.78,False
Honduras,HND,Centroamérica y México,2006,2000s,Contexto,PBI per cápita,NY.GDP.PCAP.CD,USD corrientes,1547.27,False
Honduras,HND,Centroamérica y México,2007,2000s,Contexto,PBI per cápita,NY.GDP.PCAP.CD,USD corrientes,1720.77,False
Honduras,HND,Centroamérica y México,2008,2000s,Contexto,PBI per cápita,NY.GDP.PCAP.CD,USD corrientes,1899.55,False
Honduras,HND,Centroamérica y México,2009,2000s,Contexto,PBI per cápita,NY.GDP.PCAP.CD,USD corrientes,1975.8,False
Honduras,HND,Centroamérica y México,2010,2010s,Contexto,PBI per cápita,NY.GDP.PCAP.CD,USD corrientes,2110.82,False
Honduras,HND,Centroamérica y México,2011,2010s,Contexto,PBI per cápita,NY.GDP.PCAP.CD,USD corrientes,2323.76,False
Honduras,HND,Centroamérica y México,2012,2010s,Contexto,PBI per cápita,NY.GDP.PCAP.CD,USD corrientes,2395.07,False
Honduras,HND,Centroamérica y México,2013,2010s,Contexto,PBI per cápita,NY.GDP.PCAP.CD,USD corrientes,2356.52,False
Honduras,HND,Centroamérica y México,2014,2010s,Contexto,PBI per cápita,NY.GDP.PCAP.CD,USD corrientes,2434.28,False
Honduras,HND,Centroamérica y México,1990,1990s,Participación,Participación laboral femenina,SL.TLF.CACT.FE.ZS,% de mujeres 15+,33.2,False
Honduras,HND,Centroamérica y México,1991,1990s,Participación,Participación laboral femenina,SL.TLF.CACT.FE.ZS,% de mujeres 15+,33.3,False
Honduras,HND,Centroamérica y México,1992,1990s,Participación,Participación laboral femenina,SL.TLF.CACT.FE.ZS,% de mujeres 15+,35.0,False
Honduras,HND,Centroamérica y México,1993,1990s,Participación,Participación laboral femenina,SL.TLF.CACT.FE.ZS,% de mujeres 15+,35.0,False
Honduras,HND,Centroamérica y México,1994,1990s,Participación,Participación laboral femenina,SL.TLF.CACT.FE.ZS,% de mujeres 15+,35.0,False
Honduras,HND,Centroamérica y México,1995,1990s,Participación,Participación laboral femenina,SL.TLF.CACT.FE.ZS,% de mujeres 15+,35.0,False
Honduras,HND,Centroamérica y México,1996,1990s,Participación,Participación laboral femenina,SL.TLF.CACT.FE.ZS,% de mujeres 15+,40.1,False
Honduras,HND,Centroamérica y México,1997,1990s,Participación,Participación laboral femenina,SL.TLF.CACT.FE.ZS,% de mujeres 15+,40.6,False
Honduras,HND,Centroamérica y México,1998,1990s,Participación,Participación laboral femenina,SL.TLF.CACT.FE.ZS,% de mujeres 15+,42.4,False
Honduras,HND,Centroamérica y México,1999,1990s,Participación,Participación laboral femenina,SL.TLF.CACT.FE.ZS,% de mujeres 15+,46.0,False
Honduras,HND,Centroamérica y México,2000,2000s,Participación,Participación laboral femenina,SL.TLF.CACT.FE.ZS,% de mujeres 15+,44.4,False
Honduras,HND,Centroamérica y México,2001,2000s,Participación,Participación laboral femenina,SL.TLF.CACT.FE.ZS,% de mujeres 15+,42.2,False
Honduras,HND,Centroamérica y México,2002,2000s,Participación,Participación laboral femenina,SL.TLF.CACT.FE.ZS,% de mujeres 15+,38.9,False
Honduras,HND,Centroamérica y México,2003,2000s,Participación,Participación laboral femenina,SL.TLF.CACT.FE.ZS,% de mujeres 15+,39.0,False
Honduras,HND,Centroamérica y México,2004,2000s,Participación,Participación laboral femenina,SL.TLF.CACT.FE.ZS,% de mujeres 15+,39.1,False
Honduras,HND,Centroamérica y México,2005,2000s,Participación,Participación laboral femenina,SL.TLF.CACT.FE.ZS,% de mujeres 15+,39.6,False
Honduras,HND,Centroamérica y México,2006,2000s,Participación,Participación laboral femenina,SL.TLF.CACT.FE.ZS,% de mujeres 15+,40.2,False
Honduras,HND,Centroamérica y México,2007,2000s,Participación,Participación laboral femenina,SL.TLF.CACT.FE.ZS,% de mujeres 15+,40.7,False
Honduras,HND,Centroamérica y México,2008,2000s,Participación,Participación laboral femenina,SL.TLF.CACT.FE.ZS,% de mujeres 15+,41.1,False
Honduras,HND,Centroamérica y México,2009,2000s,Participación,Participación laboral femenina,SL.TLF.CACT.FE.ZS,% de mujeres 15+,41.5,False
Honduras,HND,Centroamérica y México,2010,2010s,Participación,Participación laboral femenina,SL.TLF.CACT.FE.ZS,% de mujeres 15+,41.9,False
Honduras,HND,Centroamérica y México,2011,2010s,Participación,Participación laboral femenina,SL.TLF.CACT.FE.ZS,% de mujeres 15+,42.2,False
Honduras,HND,Centroamérica y México,2012,2010s,Participación,Participación laboral femenina,SL.TLF.CACT.FE.ZS,% de mujeres 15+,42.5,False
Honduras,HND,Centroamérica y México,2013,2010s,Participación,Participación laboral femenina,SL.TLF.CACT.FE.ZS,% de mujeres 15+,42.8,False
Honduras,HND,Centroamérica y México,2014,2010s,Participación,Participación laboral femenina,SL.TLF.CACT.FE.ZS,% de mujeres 15+,43.1,False
Honduras,HND,Centroamérica y México,1990,1990s,Participación,Participación laboral masculina,SL.TLF.CACT.MA.ZS,% de varones 15+,86.2,False
Honduras,HND,Centroamérica y México,1991,1990s,Participación,Participación laboral masculina,SL.TLF.CACT.MA.ZS,% de varones 15+,86.1,False
Honduras,HND,Centroamérica y México,1992,1990s,Participación,Participación laboral masculina,SL.TLF.CACT.MA.ZS,% de varones 15+,85.9,False
Honduras,HND,Centroamérica y México,1993,1990s,Participación,Participación laboral masculina,SL.TLF.CACT.MA.ZS,% de varones 15+,86.4,False
Honduras,HND,Centroamérica y México,1994,1990s,Participación,Participación laboral masculina,SL.TLF.CACT.MA.ZS,% de varones 15+,86.8,False
Honduras,HND,Centroamérica y México,1995,1990s,Participación,Participación laboral masculina,SL.TLF.CACT.MA.ZS,% de varones 15+,87.2,False
Honduras,HND,Centroamérica y México,1996,1990s,Participación,Participación laboral masculina,SL.TLF.CACT.MA.ZS,% de varones 15+,87.8,False
Honduras,HND,Centroamérica y México,1997,1990s,Participación,Participación laboral masculina,SL.TLF.CACT.MA.ZS,% de varones 15+,87.9,False
Honduras,HND,Centroamérica y México,1998,1990s,Participación,Participación laboral masculina,SL.TLF.CACT.MA.ZS,% de varones 15+,88.4,False
Honduras,HND,Centroamérica y México,1999,1990s,Participación,Participación laboral masculina,SL.TLF.CACT.MA.ZS,% de varones 15+,89.0,False
Honduras,HND,Centroamérica y México,2000,2000s,Participación,Participación laboral masculina,SL.TLF.CACT.MA.ZS,% de varones 15+,88.0,False
Honduras,HND,Centroamérica y México,2001,2000s,Participación,Participación laboral masculina,SL.TLF.CACT.MA.ZS,% de varones 15+,87.0,False
Honduras,HND,Centroamérica y México,2002,2000s,Participación,Participación laboral masculina,SL.TLF.CACT.MA.ZS,% de varones 15+,85.6,False
Honduras,HND,Centroamérica y México,2003,2000s,Participación,Participación laboral masculina,SL.TLF.CACT.MA.ZS,% de varones 15+,84.8,False
Honduras,HND,Centroamérica y México,2004,2000s,Participación,Participación laboral masculina,SL.TLF.CACT.MA.ZS,% de varones 15+,83.9,False
Honduras,HND,Centroamérica y México,2005,2000s,Participación,Participación laboral masculina,SL.TLF.CACT.MA.ZS,% de varones 15+,83.7,False
Honduras,HND,Centroamérica y México,2006,2000s,Participación,Participación laboral masculina,SL.TLF.CACT.MA.ZS,% de varones 15+,83.3,False
Honduras,HND,Centroamérica y México,2007,2000s,Participación,Participación laboral masculina,SL.TLF.CACT.MA.ZS,% de varones 15+,83.0,False
Honduras,HND,Centroamérica y México,2008,2000s,Participación,Participación laboral masculina,SL.TLF.CACT.MA.ZS,% de varones 15+,82.9,False
Honduras,HND,Centroamérica y México,2009,2000s,Participación,Participación laboral masculina,SL.TLF.CACT.MA.ZS,% de varones 15+,83.0,False
Honduras,HND,Centroamérica y México,2010,2010s,Participación,Participación laboral masculina,SL.TLF.CACT.MA.ZS,% de varones 15+,82.9,False
Honduras,HND,Centroamérica y México,2011,2010s,Participación,Participación laboral masculina,SL.TLF.CACT.MA.ZS,% de varones 15+,82.9,False
Honduras,HND,Centroamérica y México,2012,2010s,Participación,Participación laboral masculina,SL.TLF.CACT.MA.ZS,% de varones 15+,82.9,False
Honduras,HND,Centroamérica y México,2013,2010s,Participación,Participación laboral masculina,SL.TLF.CACT.MA.ZS,% de varones 15+,82.9,False
Honduras,HND,Centroamérica y México,2014,2010s,Participación,Participación laboral masculina,SL.TLF.CACT.MA.ZS,% de varones 15+,82.9,False
Honduras,HND,Centroamérica y México,1990,1990s,Participación,Ratio participación mujer/varón,SL.TLF.CACT.FM.ZS,% (mujer/varón),38.52,False
Honduras,HND,Centroamérica y México,1991,1990s,Participación,Ratio participación mujer/varón,SL.TLF.CACT.FM.ZS,% (mujer/varón),38.68,False
Honduras,HND,Centroamérica y México,1992,1990s,Participación,Ratio participación mujer/varón,SL.TLF.CACT.FM.ZS,% (mujer/varón),40.75,False
Honduras,HND,Centroamérica y México,1993,1990s,Participación,Ratio participación mujer/varón,SL.TLF.CACT.FM.ZS,% (mujer/varón),40.51,False
Honduras,HND,Centroamérica y México,1994,1990s,Participación,Ratio participación mujer/varón,SL.TLF.CACT.FM.ZS,% (mujer/varón),40.32,False
Honduras,HND,Centroamérica y México,1995,1990s,Participación,Ratio participación mujer/varón,SL.TLF.CACT.FM.ZS,% (mujer/varón),40.14,False
Honduras,HND,Centroamérica y México,1996,1990s,Participación,Ratio participación mujer/varón,SL.TLF.CACT.FM.ZS,% (mujer/varón),45.67,False
Honduras,HND,Centroamérica y México,1997,1990s,Participación,Ratio participación mujer/varón,SL.TLF.CACT.FM.ZS,% (mujer/varón),46.19,False
Honduras,HND,Centroamérica y México,1998,1990s,Participación,Ratio participación mujer/varón,SL.TLF.CACT.FM.ZS,% (mujer/varón),47.96,False
Honduras,HND,Centroamérica y México,1999,1990s,Participación,Ratio participación mujer/varón,SL.TLF.CACT.FM.ZS,% (mujer/varón),51.69,False
Honduras,HND,Centroamérica y México,2000,2000s,Participación,Ratio participación mujer/varón,SL.TLF.CACT.FM.ZS,% (mujer/varón),50.45,False
Honduras,HND,Centroamérica y México,2001,2000s,Participación,Ratio participación mujer/varón,SL.TLF.CACT.FM.ZS,% (mujer/varón),48.51,False
Honduras,HND,Centroamérica y México,2002,2000s,Participación,Ratio participación mujer/varón,SL.TLF.CACT.FM.ZS,% (mujer/varón),45.44,False
Honduras,HND,Centroamérica y México,2003,2000s,Participación,Ratio participación mujer/varón,SL.TLF.CACT.FM.ZS,% (mujer/varón),45.99,False
Honduras,HND,Centroamérica y México,2004,2000s,Participación,Ratio participación mujer/varón,SL.TLF.CACT.FM.ZS,% (mujer/varón),46.6,False
Honduras,HND,Centroamérica y México,2005,2000s,Participación,Ratio participación mujer/varón,SL.TLF.CACT.FM.ZS,% (mujer/varón),47.31,False
Honduras,HND,Centroamérica y México,2006,2000s,Participación,Ratio participación mujer/varón,SL.TLF.CACT.FM.ZS,% (mujer/varón),48.26,False
Honduras,HND,Centroamérica y México,2007,2000s,Participación,Ratio participación mujer/varón,SL.TLF.CACT.FM.ZS,% (mujer/varón),49.04,False
Honduras,HND,Centroamérica y México,2008,2000s,Participación,Ratio participación mujer/varón,SL.TLF.CACT.FM.ZS,% (mujer/varón),49.58,False
Honduras,HND,Centroamérica y México,2009,2000s,Participación,Ratio participación mujer/varón,SL.TLF.CACT.FM.ZS,% (mujer/varón),50.0,False
Honduras,HND,Centroamérica y México,2010,2010s,Participación,Ratio participación mujer/varón,SL.TLF.CACT.FM.ZS,% (mujer/varón),50.54,False
Honduras,HND,Centroamérica y México,2011,2010s,Participación,Ratio participación mujer/varón,SL.TLF.CACT.FM.ZS,% (mujer/varón),50.9,False
Honduras,HND,Centroamérica y México,2012,2010s,Participación,Ratio participación mujer/varón,SL.TLF.CACT.FM.ZS,% (mujer/varón),51.27,False
Honduras,HND,Centroamérica y México,2013,2010s,Participación,Ratio participación mujer/varón,SL.TLF.CACT.FM.ZS,% (mujer/varón),51.63,False
Honduras,HND,Centroamérica y México,2014,2010s,Participación,Ratio participación mujer/varón,SL.TLF.CACT.FM.ZS,% (mujer/varón),51.99,False
Jamaica,JAM,Caribe,1991,1990s,Calidad del empleo,Asalariadas,SL.EMP.WORK.FE.ZS,% del empleo femenino,61.3,False
Jamaica,JAM,Caribe,1992,1990s,Calidad del empleo,Asalariadas,SL.EMP.WORK.FE.ZS,% del empleo femenino,61.7,False
Jamaica,JAM,Caribe,1993,1990s,Calidad del empleo,Asalariadas,SL.EMP.WORK.FE.ZS,% del empleo femenino,63.4,False
Jamaica,JAM,Caribe,1994,1990s,Calidad del empleo,Asalariadas,SL.EMP.WORK.FE.ZS,% del empleo femenino,63.9,False
Jamaica,JAM,Caribe,1995,1990s,Calidad del empleo,Asalariadas,SL.EMP.WORK.FE.ZS,% del empleo femenino,65.3,False
Jamaica,JAM,Caribe,1996,1990s,Calidad del empleo,Asalariadas,SL.EMP.WORK.FE.ZS,% del empleo femenino,65.0,False
Jamaica,JAM,Caribe,1997,1990s,Calidad del empleo,Asalariadas,SL.EMP.WORK.FE.ZS,% del empleo femenino,65.4,False
Jamaica,JAM,Caribe,1998,1990s,Calidad del empleo,Asalariadas,SL.EMP.WORK.FE.ZS,% del empleo femenino,65.5,False
Jamaica,JAM,Caribe,1999,1990s,Calidad del empleo,Asalariadas,SL.EMP.WORK.FE.ZS,% del empleo femenino,64.7,False
Jamaica,JAM,Caribe,2000,2000s,Calidad del empleo,Asalariadas,SL.EMP.WORK.FE.ZS,% del empleo femenino,64.8,False
Jamaica,JAM,Caribe,2001,2000s,Calidad del empleo,Asalariadas,SL.EMP.WORK.FE.ZS,% del empleo femenino,65.3,False
Jamaica,JAM,Caribe,2002,2000s,Calidad del empleo,Asalariadas,SL.EMP.WORK.FE.ZS,% del empleo femenino,67.7,False
Jamaica,JAM,Caribe,2003,2000s,Calidad del empleo,Asalariadas,SL.EMP.WORK.FE.ZS,% del empleo femenino,67.5,False
Jamaica,JAM,Caribe,2004,2000s,Calidad del empleo,Asalariadas,SL.EMP.WORK.FE.ZS,% del empleo femenino,65.8,False
Jamaica,JAM,Caribe,2005,2000s,Calidad del empleo,Asalariadas,SL.EMP.WORK.FE.ZS,% del empleo femenino,66.7,False
Jamaica,JAM,Caribe,2006,2000s,Calidad del empleo,Asalariadas,SL.EMP.WORK.FE.ZS,% del empleo femenino,66.1,False
Jamaica,JAM,Caribe,2007,2000s,Calidad del empleo,Asalariadas,SL.EMP.WORK.FE.ZS,% del empleo femenino,68.4,False
Jamaica,JAM,Caribe,2008,2000s,Calidad del empleo,Asalariadas,SL.EMP.WORK.FE.ZS,% del empleo femenino,66.6,False
Jamaica,JAM,Caribe,2011,2010s,Calidad del empleo,Asalariadas,SL.EMP.WORK.FE.ZS,% del empleo femenino,67.4,False
Jamaica,JAM,Caribe,2012,2010s,Calidad del empleo,Asalariadas,SL.EMP.WORK.FE.ZS,% del empleo femenino,67.0,False
Jamaica,JAM,Caribe,1990,1990s,Liderazgo,Bancas parlamentarias femeninas,SG.GEN.PARL.ZS,% de bancas,5.0,False
Jamaica,JAM,Caribe,1997,1990s,Liderazgo,Bancas parlamentarias femeninas,SG.GEN.PARL.ZS,% de bancas,11.7,False
Jamaica,JAM,Caribe,1998,1990s,Liderazgo,Bancas parlamentarias femeninas,SG.GEN.PARL.ZS,% de bancas,13.6,False
Jamaica,JAM,Caribe,1999,1990s,Liderazgo,Bancas parlamentarias femeninas,SG.GEN.PARL.ZS,% de bancas,13.3,False
Jamaica,JAM,Caribe,2000,2000s,Liderazgo,Bancas parlamentarias femeninas,SG.GEN.PARL.ZS,% de bancas,13.3,False
Jamaica,JAM,Caribe,2001,2000s,Liderazgo,Bancas parlamentarias femeninas,SG.GEN.PARL.ZS,% de bancas,13.3,False
Jamaica,JAM,Caribe,2003,2000s,Liderazgo,Bancas parlamentarias femeninas,SG.GEN.PARL.ZS,% de bancas,11.7,False
Jamaica,JAM,Caribe,2004,2000s,Liderazgo,Bancas parlamentarias femeninas,SG.GEN.PARL.ZS,% de bancas,11.7,False
Jamaica,JAM,Caribe,2005,2000s,Liderazgo,Bancas parlamentarias femeninas,SG.GEN.PARL.ZS,% de bancas,11.7,False
Jamaica,JAM,Caribe,2006,2000s,Liderazgo,Bancas parlamentarias femeninas,SG.GEN.PARL.ZS,% de bancas,11.7,False
Jamaica,JAM,Caribe,2007,2000s,Liderazgo,Bancas parlamentarias femeninas,SG.GEN.PARL.ZS,% de bancas,13.3,False
Jamaica,JAM,Caribe,2008,2000s,Liderazgo,Bancas parlamentarias femeninas,SG.GEN.PARL.ZS,% de bancas,13.3,False
Jamaica,JAM,Caribe,2009,2000s,Liderazgo,Bancas parlamentarias femeninas,SG.GEN.PARL.ZS,% de bancas,13.3,False
Jamaica,JAM,Caribe,2010,2010s,Liderazgo,Bancas parlamentarias femeninas,SG.GEN.PARL.ZS,% de bancas,13.3,False
Jamaica,JAM,Caribe,2011,2010s,Liderazgo,Bancas parlamentarias femeninas,SG.GEN.PARL.ZS,% de bancas,12.7,False
Jamaica,JAM,Caribe,2012,2010s,Liderazgo,Bancas parlamentarias femeninas,SG.GEN.PARL.ZS,% de bancas,12.7,False
Jamaica,JAM,Caribe,2013,2010s,Liderazgo,Bancas parlamentarias femeninas,SG.GEN.PARL.ZS,% de bancas,12.7,False
Jamaica,JAM,Caribe,2014,2010s,Liderazgo,Bancas parlamentarias femeninas,SG.GEN.PARL.ZS,% de bancas,12.7,False
Jamaica,JAM,Caribe,1991,1990s,Calidad del empleo,Desempleo femenino,SL.UEM.TOTL.FE.ZS,% de la PEA femenina,22.6,False
Jamaica,JAM,Caribe,1992,1990s,Calidad del empleo,Desempleo femenino,SL.UEM.TOTL.FE.ZS,% de la PEA femenina,22.3,False
Jamaica,JAM,Caribe,1993,1990s,Calidad del empleo,Desempleo femenino,SL.UEM.TOTL.FE.ZS,% de la PEA femenina,22.5,False
Jamaica,JAM,Caribe,1994,1990s,Calidad del empleo,Desempleo femenino,SL.UEM.TOTL.FE.ZS,% de la PEA femenina,22.0,False
Jamaica,JAM,Caribe,1995,1990s,Calidad del empleo,Desempleo femenino,SL.UEM.TOTL.FE.ZS,% de la PEA femenina,22.4,False
Jamaica,JAM,Caribe,1996,1990s,Calidad del empleo,Desempleo femenino,SL.UEM.TOTL.FE.ZS,% de la PEA femenina,22.9,False
Jamaica,JAM,Caribe,1997,1990s,Calidad del empleo,Desempleo femenino,SL.UEM.TOTL.FE.ZS,% de la PEA femenina,23.7,False
Jamaica,JAM,Caribe,1998,1990s,Calidad del empleo,Desempleo femenino,SL.UEM.TOTL.FE.ZS,% de la PEA femenina,22.3,False
Jamaica,JAM,Caribe,1999,1990s,Calidad del empleo,Desempleo femenino,SL.UEM.TOTL.FE.ZS,% de la PEA femenina,22.8,False
Jamaica,JAM,Caribe,2000,2000s,Calidad del empleo,Desempleo femenino,SL.UEM.TOTL.FE.ZS,% de la PEA femenina,22.4,False
Jamaica,JAM,Caribe,2001,2000s,Calidad del empleo,Desempleo femenino,SL.UEM.TOTL.FE.ZS,% de la PEA femenina,21.1,False
Jamaica,JAM,Caribe,2002,2000s,Calidad del empleo,Desempleo femenino,SL.UEM.TOTL.FE.ZS,% de la PEA femenina,19.7,False
Jamaica,JAM,Caribe,2003,2000s,Calidad del empleo,Desempleo femenino,SL.UEM.TOTL.FE.ZS,% de la PEA femenina,17.0,False
Jamaica,JAM,Caribe,2004,2000s,Calidad del empleo,Desempleo femenino,SL.UEM.TOTL.FE.ZS,% de la PEA femenina,15.8,False
Jamaica,JAM,Caribe,2005,2000s,Calidad del empleo,Desempleo femenino,SL.UEM.TOTL.FE.ZS,% de la PEA femenina,15.1,False
Jamaica,JAM,Caribe,2006,2000s,Calidad del empleo,Desempleo femenino,SL.UEM.TOTL.FE.ZS,% de la PEA femenina,13.3,False
Jamaica,JAM,Caribe,2007,2000s,Calidad del empleo,Desempleo femenino,SL.UEM.TOTL.FE.ZS,% de la PEA femenina,13.0,False
Jamaica,JAM,Caribe,2008,2000s,Calidad del empleo,Desempleo femenino,SL.UEM.TOTL.FE.ZS,% de la PEA femenina,14.5,False
Jamaica,JAM,Caribe,2009,2000s,Calidad del empleo,Desempleo femenino,SL.UEM.TOTL.FE.ZS,% de la PEA femenina,14.8,False
Jamaica,JAM,Caribe,2010,2010s,Calidad del empleo,Desempleo femenino,SL.UEM.TOTL.FE.ZS,% de la PEA femenina,16.1,False
Jamaica,JAM,Caribe,2011,2010s,Calidad del empleo,Desempleo femenino,SL.UEM.TOTL.FE.ZS,% de la PEA femenina,16.7,False
Jamaica,JAM,Caribe,2012,2010s,Calidad del empleo,Desempleo femenino,SL.UEM.TOTL.FE.ZS,% de la PEA femenina,17.6,False
Jamaica,JAM,Caribe,2013,2010s,Calidad del empleo,Desempleo femenino,SL.UEM.TOTL.FE.ZS,% de la PEA femenina,19.5,False
Jamaica,JAM,Caribe,2014,2010s,Calidad del empleo,Desempleo femenino,SL.UEM.TOTL.FE.ZS,% de la PEA femenina,17.3,False
Jamaica,JAM,Caribe,1991,1990s,Calidad del empleo,Empleadoras,SL.EMP.MPYR.FE.ZS,% del empleo femenino,0.9,False
Jamaica,JAM,Caribe,1992,1990s,Calidad del empleo,Empleadoras,SL.EMP.MPYR.FE.ZS,% del empleo femenino,0.7,False
Jamaica,JAM,Caribe,1993,1990s,Calidad del empleo,Empleadoras,SL.EMP.MPYR.FE.ZS,% del empleo femenino,0.9,False
Jamaica,JAM,Caribe,1994,1990s,Calidad del empleo,Empleadoras,SL.EMP.MPYR.FE.ZS,% del empleo femenino,1.2,False
Jamaica,JAM,Caribe,1995,1990s,Calidad del empleo,Empleadoras,SL.EMP.MPYR.FE.ZS,% del empleo femenino,1.5,False
Jamaica,JAM,Caribe,1996,1990s,Calidad del empleo,Empleadoras,SL.EMP.MPYR.FE.ZS,% del empleo femenino,1.5,False
Jamaica,JAM,Caribe,1997,1990s,Calidad del empleo,Empleadoras,SL.EMP.MPYR.FE.ZS,% del empleo femenino,1.9,False
Jamaica,JAM,Caribe,1998,1990s,Calidad del empleo,Empleadoras,SL.EMP.MPYR.FE.ZS,% del empleo femenino,1.7,False
Jamaica,JAM,Caribe,1999,1990s,Calidad del empleo,Empleadoras,SL.EMP.MPYR.FE.ZS,% del empleo femenino,1.7,False
Jamaica,JAM,Caribe,2000,2000s,Calidad del empleo,Empleadoras,SL.EMP.MPYR.FE.ZS,% del empleo femenino,1.6,False
Jamaica,JAM,Caribe,2001,2000s,Calidad del empleo,Empleadoras,SL.EMP.MPYR.FE.ZS,% del empleo femenino,1.2,False
Jamaica,JAM,Caribe,2002,2000s,Calidad del empleo,Empleadoras,SL.EMP.MPYR.FE.ZS,% del empleo femenino,1.9,False
Jamaica,JAM,Caribe,2003,2000s,Calidad del empleo,Empleadoras,SL.EMP.MPYR.FE.ZS,% del empleo femenino,1.9,False
Jamaica,JAM,Caribe,2004,2000s,Calidad del empleo,Empleadoras,SL.EMP.MPYR.FE.ZS,% del empleo femenino,1.7,False
Jamaica,JAM,Caribe,2005,2000s,Calidad del empleo,Empleadoras,SL.EMP.MPYR.FE.ZS,% del empleo femenino,1.8,False
Jamaica,JAM,Caribe,2006,2000s,Calidad del empleo,Empleadoras,SL.EMP.MPYR.FE.ZS,% del empleo femenino,2.1,False
Jamaica,JAM,Caribe,2007,2000s,Calidad del empleo,Empleadoras,SL.EMP.MPYR.FE.ZS,% del empleo femenino,2.1,False
Jamaica,JAM,Caribe,2008,2000s,Calidad del empleo,Empleadoras,SL.EMP.MPYR.FE.ZS,% del empleo femenino,2.1,False
Jamaica,JAM,Caribe,2011,2010s,Calidad del empleo,Empleadoras,SL.EMP.MPYR.FE.ZS,% del empleo femenino,2.2,False
Jamaica,JAM,Caribe,2012,2010s,Calidad del empleo,Empleadoras,SL.EMP.MPYR.FE.ZS,% del empleo femenino,2.3,False
Jamaica,JAM,Caribe,1992,1990s,Estructura sectorial,Empleo femenino en agricultura,SL.AGR.EMPL.FE.ZS,% del empleo femenino,15.9,False
Jamaica,JAM,Caribe,1993,1990s,Estructura sectorial,Empleo femenino en agricultura,SL.AGR.EMPL.FE.ZS,% del empleo femenino,12.0,False
Jamaica,JAM,Caribe,1994,1990s,Estructura sectorial,Empleo femenino en agricultura,SL.AGR.EMPL.FE.ZS,% del empleo femenino,12.1,False
Jamaica,JAM,Caribe,1995,1990s,Estructura sectorial,Empleo femenino en agricultura,SL.AGR.EMPL.FE.ZS,% del empleo femenino,11.7,False
Jamaica,JAM,Caribe,1996,1990s,Estructura sectorial,Empleo femenino en agricultura,SL.AGR.EMPL.FE.ZS,% del empleo femenino,11.3,False
Jamaica,JAM,Caribe,1997,1990s,Estructura sectorial,Empleo femenino en agricultura,SL.AGR.EMPL.FE.ZS,% del empleo femenino,10.1,False
Jamaica,JAM,Caribe,1998,1990s,Estructura sectorial,Empleo femenino en agricultura,SL.AGR.EMPL.FE.ZS,% del empleo femenino,9.9,False
Jamaica,JAM,Caribe,1999,1990s,Estructura sectorial,Empleo femenino en agricultura,SL.AGR.EMPL.FE.ZS,% del empleo femenino,8.9,False
Jamaica,JAM,Caribe,2000,2000s,Estructura sectorial,Empleo femenino en agricultura,SL.AGR.EMPL.FE.ZS,% del empleo femenino,9.2,False
Jamaica,JAM,Caribe,2001,2000s,Estructura sectorial,Empleo femenino en agricultura,SL.AGR.EMPL.FE.ZS,% del empleo femenino,9.6,False
Jamaica,JAM,Caribe,2002,2000s,Estructura sectorial,Empleo femenino en agricultura,SL.AGR.EMPL.FE.ZS,% del empleo femenino,9.9,False
Jamaica,JAM,Caribe,2003,2000s,Estructura sectorial,Empleo femenino en agricultura,SL.AGR.EMPL.FE.ZS,% del empleo femenino,8.8,False
Jamaica,JAM,Caribe,2004,2000s,Estructura sectorial,Empleo femenino en agricultura,SL.AGR.EMPL.FE.ZS,% del empleo femenino,8.8,False
Jamaica,JAM,Caribe,2005,2000s,Estructura sectorial,Empleo femenino en agricultura,SL.AGR.EMPL.FE.ZS,% del empleo femenino,8.5,False
Jamaica,JAM,Caribe,2006,2000s,Estructura sectorial,Empleo femenino en agricultura,SL.AGR.EMPL.FE.ZS,% del empleo femenino,8.3,False
Jamaica,JAM,Caribe,2007,2000s,Estructura sectorial,Empleo femenino en agricultura,SL.AGR.EMPL.FE.ZS,% del empleo femenino,8.1,False
Jamaica,JAM,Caribe,2008,2000s,Estructura sectorial,Empleo femenino en agricultura,SL.AGR.EMPL.FE.ZS,% del empleo femenino,9.4,False
Jamaica,JAM,Caribe,2009,2000s,Estructura sectorial,Empleo femenino en agricultura,SL.AGR.EMPL.FE.ZS,% del empleo femenino,9.6,False
Jamaica,JAM,Caribe,2010,2010s,Estructura sectorial,Empleo femenino en agricultura,SL.AGR.EMPL.FE.ZS,% del empleo femenino,9.4,False
Jamaica,JAM,Caribe,2011,2010s,Estructura sectorial,Empleo femenino en agricultura,SL.AGR.EMPL.FE.ZS,% del empleo femenino,8.0,False
Jamaica,JAM,Caribe,2012,2010s,Estructura sectorial,Empleo femenino en agricultura,SL.AGR.EMPL.FE.ZS,% del empleo femenino,7.9,False
Jamaica,JAM,Caribe,2013,2010s,Estructura sectorial,Empleo femenino en agricultura,SL.AGR.EMPL.FE.ZS,% del empleo femenino,8.2,False
Jamaica,JAM,Caribe,1992,1990s,Estructura sectorial,Empleo femenino en servicios,SL.SRV.EMPL.FE.ZS,% del empleo femenino,71.7,False
Jamaica,JAM,Caribe,1993,1990s,Estructura sectorial,Empleo femenino en servicios,SL.SRV.EMPL.FE.ZS,% del empleo femenino,75.1,False
Jamaica,JAM,Caribe,1994,1990s,Estructura sectorial,Empleo femenino en servicios,SL.SRV.EMPL.FE.ZS,% del empleo femenino,75.0,False
Jamaica,JAM,Caribe,1995,1990s,Estructura sectorial,Empleo femenino en servicios,SL.SRV.EMPL.FE.ZS,% del empleo femenino,75.8,False
Jamaica,JAM,Caribe,1996,1990s,Estructura sectorial,Empleo femenino en servicios,SL.SRV.EMPL.FE.ZS,% del empleo femenino,76.9,False
Jamaica,JAM,Caribe,1997,1990s,Estructura sectorial,Empleo femenino en servicios,SL.SRV.EMPL.FE.ZS,% del empleo femenino,79.7,False
Jamaica,JAM,Caribe,1998,1990s,Estructura sectorial,Empleo femenino en servicios,SL.SRV.EMPL.FE.ZS,% del empleo femenino,81.5,False
Jamaica,JAM,Caribe,1999,1990s,Estructura sectorial,Empleo femenino en servicios,SL.SRV.EMPL.FE.ZS,% del empleo femenino,83.3,False
Jamaica,JAM,Caribe,2000,2000s,Estructura sectorial,Empleo femenino en servicios,SL.SRV.EMPL.FE.ZS,% del empleo femenino,84.1,False
Jamaica,JAM,Caribe,2001,2000s,Estructura sectorial,Empleo femenino en servicios,SL.SRV.EMPL.FE.ZS,% del empleo femenino,84.2,False
Jamaica,JAM,Caribe,2002,2000s,Estructura sectorial,Empleo femenino en servicios,SL.SRV.EMPL.FE.ZS,% del empleo femenino,83.2,False
Jamaica,JAM,Caribe,2003,2000s,Estructura sectorial,Empleo femenino en servicios,SL.SRV.EMPL.FE.ZS,% del empleo femenino,84.7,False
Jamaica,JAM,Caribe,2004,2000s,Estructura sectorial,Empleo femenino en servicios,SL.SRV.EMPL.FE.ZS,% del empleo femenino,85.7,False
Jamaica,JAM,Caribe,2005,2000s,Estructura sectorial,Empleo femenino en servicios,SL.SRV.EMPL.FE.ZS,% del empleo femenino,86.0,False
Jamaica,JAM,Caribe,2006,2000s,Estructura sectorial,Empleo femenino en servicios,SL.SRV.EMPL.FE.ZS,% del empleo femenino,86.8,False
Jamaica,JAM,Caribe,2007,2000s,Estructura sectorial,Empleo femenino en servicios,SL.SRV.EMPL.FE.ZS,% del empleo femenino,85.7,False
Jamaica,JAM,Caribe,2008,2000s,Estructura sectorial,Empleo femenino en servicios,SL.SRV.EMPL.FE.ZS,% del empleo femenino,82.9,False
Jamaica,JAM,Caribe,2009,2000s,Estructura sectorial,Empleo femenino en servicios,SL.SRV.EMPL.FE.ZS,% del empleo femenino,83.1,False
Jamaica,JAM,Caribe,2010,2010s,Estructura sectorial,Empleo femenino en servicios,SL.SRV.EMPL.FE.ZS,% del empleo femenino,83.6,False
Jamaica,JAM,Caribe,2011,2010s,Estructura sectorial,Empleo femenino en servicios,SL.SRV.EMPL.FE.ZS,% del empleo femenino,85.4,False
Jamaica,JAM,Caribe,2012,2010s,Estructura sectorial,Empleo femenino en servicios,SL.SRV.EMPL.FE.ZS,% del empleo femenino,85.6,False
Jamaica,JAM,Caribe,2013,2010s,Estructura sectorial,Empleo femenino en servicios,SL.SRV.EMPL.FE.ZS,% del empleo femenino,85.9,False
Jamaica,JAM,Caribe,1991,1990s,Calidad del empleo,Empleo vulnerable femenino,SL.EMP.VULN.FE.ZS,% del empleo femenino,37.4,False
Jamaica,JAM,Caribe,1992,1990s,Calidad del empleo,Empleo vulnerable femenino,SL.EMP.VULN.FE.ZS,% del empleo femenino,37.1,False
Jamaica,JAM,Caribe,1993,1990s,Calidad del empleo,Empleo vulnerable femenino,SL.EMP.VULN.FE.ZS,% del empleo femenino,35.0,False
Jamaica,JAM,Caribe,1994,1990s,Calidad del empleo,Empleo vulnerable femenino,SL.EMP.VULN.FE.ZS,% del empleo femenino,34.5,False
Jamaica,JAM,Caribe,1995,1990s,Calidad del empleo,Empleo vulnerable femenino,SL.EMP.VULN.FE.ZS,% del empleo femenino,32.4,False
Jamaica,JAM,Caribe,1996,1990s,Calidad del empleo,Empleo vulnerable femenino,SL.EMP.VULN.FE.ZS,% del empleo femenino,32.8,False
Jamaica,JAM,Caribe,1997,1990s,Calidad del empleo,Empleo vulnerable femenino,SL.EMP.VULN.FE.ZS,% del empleo femenino,31.6,False
Jamaica,JAM,Caribe,1998,1990s,Calidad del empleo,Empleo vulnerable femenino,SL.EMP.VULN.FE.ZS,% del empleo femenino,32.3,False
Jamaica,JAM,Caribe,1999,1990s,Calidad del empleo,Empleo vulnerable femenino,SL.EMP.VULN.FE.ZS,% del empleo femenino,32.8,False
Jamaica,JAM,Caribe,2000,2000s,Calidad del empleo,Empleo vulnerable femenino,SL.EMP.VULN.FE.ZS,% del empleo femenino,33.0,False
Jamaica,JAM,Caribe,2001,2000s,Calidad del empleo,Empleo vulnerable femenino,SL.EMP.VULN.FE.ZS,% del empleo femenino,33.1,False
Jamaica,JAM,Caribe,2002,2000s,Calidad del empleo,Empleo vulnerable femenino,SL.EMP.VULN.FE.ZS,% del empleo femenino,29.9,False
Jamaica,JAM,Caribe,2003,2000s,Calidad del empleo,Empleo vulnerable femenino,SL.EMP.VULN.FE.ZS,% del empleo femenino,30.1,False
Jamaica,JAM,Caribe,2004,2000s,Calidad del empleo,Empleo vulnerable femenino,SL.EMP.VULN.FE.ZS,% del empleo femenino,32.4,False
Jamaica,JAM,Caribe,2005,2000s,Calidad del empleo,Empleo vulnerable femenino,SL.EMP.VULN.FE.ZS,% del empleo femenino,31.1,False
Jamaica,JAM,Caribe,2006,2000s,Calidad del empleo,Empleo vulnerable femenino,SL.EMP.VULN.FE.ZS,% del empleo femenino,31.4,False
Jamaica,JAM,Caribe,2007,2000s,Calidad del empleo,Empleo vulnerable femenino,SL.EMP.VULN.FE.ZS,% del empleo femenino,29.0,False
Jamaica,JAM,Caribe,2008,2000s,Calidad del empleo,Empleo vulnerable femenino,SL.EMP.VULN.FE.ZS,% del empleo femenino,31.1,False
Jamaica,JAM,Caribe,2011,2010s,Calidad del empleo,Empleo vulnerable femenino,SL.EMP.VULN.FE.ZS,% del empleo femenino,30.1,False
Jamaica,JAM,Caribe,2012,2010s,Calidad del empleo,Empleo vulnerable femenino,SL.EMP.VULN.FE.ZS,% del empleo femenino,30.5,False
Jamaica,JAM,Caribe,2010,2010s,Liderazgo empresarial,Firmas con gerenta mujer,IC.FRM.FEMM.ZS,% de firmas,24.1,False
Jamaica,JAM,Caribe,2010,2010s,Liderazgo empresarial,Firmas con propiedad femenina,IC.FRM.FEMO.ZS,% de firmas,38.2,False
Jamaica,JAM,Caribe,1990,1990s,Contexto,PBI per cápita,NY.GDP.PCAP.CD,USD corrientes,1921.43,False
Jamaica,JAM,Caribe,1991,1990s,Contexto,PBI per cápita,NY.GDP.PCAP.CD,USD corrientes,1692.08,False
Jamaica,JAM,Caribe,1992,1990s,Contexto,PBI per cápita,NY.GDP.PCAP.CD,USD corrientes,1457.21,False
Jamaica,JAM,Caribe,1993,1990s,Contexto,PBI per cápita,NY.GDP.PCAP.CD,USD corrientes,1990.87,False
Jamaica,JAM,Caribe,1994,1990s,Contexto,PBI per cápita,NY.GDP.PCAP.CD,USD corrientes,1995.06,False
Jamaica,JAM,Caribe,1995,1990s,Contexto,PBI per cápita,NY.GDP.PCAP.CD,USD corrientes,2330.36,False
Jamaica,JAM,Caribe,1996,1990s,Contexto,PBI per cápita,NY.GDP.PCAP.CD,USD corrientes,2591.49,False
Jamaica,JAM,Caribe,1997,1990s,Contexto,PBI per cápita,NY.GDP.PCAP.CD,USD corrientes,2940.06,False
Jamaica,JAM,Caribe,1998,1990s,Contexto,PBI per cápita,NY.GDP.PCAP.CD,USD corrientes,3409.87,False
Jamaica,JAM,Caribe,1999,1990s,Contexto,PBI per cápita,NY.GDP.PCAP.CD,USD corrientes,3416.77,False
Jamaica,JAM,Caribe,2000,2000s,Contexto,PBI per cápita,NY.GDP.PCAP.CD,USD corrientes,3448.45,False
Jamaica,JAM,Caribe,2001,2000s,Contexto,PBI per cápita,NY.GDP.PCAP.CD,USD corrientes,3487.9,False
Jamaica,JAM,Caribe,2002,2000s,Contexto,PBI per cápita,NY.GDP.PCAP.CD,USD corrientes,3706.78,False
Jamaica,JAM,Caribe,2003,2000s,Contexto,PBI per cápita,NY.GDP.PCAP.CD,USD corrientes,3581.16,False
Jamaica,JAM,Caribe,2004,2000s,Contexto,PBI per cápita,NY.GDP.PCAP.CD,USD corrientes,3853.61,False
Jamaica,JAM,Caribe,2005,2000s,Contexto,PBI per cápita,NY.GDP.PCAP.CD,USD corrientes,4238.32,False
Jamaica,JAM,Caribe,2006,2000s,Contexto,PBI per cápita,NY.GDP.PCAP.CD,USD corrientes,4487.5,False
Jamaica,JAM,Caribe,2007,2000s,Contexto,PBI per cápita,NY.GDP.PCAP.CD,USD corrientes,4816.6,False
Jamaica,JAM,Caribe,2008,2000s,Contexto,PBI per cápita,NY.GDP.PCAP.CD,USD corrientes,5119.34,False
Jamaica,JAM,Caribe,2009,2000s,Contexto,PBI per cápita,NY.GDP.PCAP.CD,USD corrientes,4489.27,False
Jamaica,JAM,Caribe,2010,2010s,Contexto,PBI per cápita,NY.GDP.PCAP.CD,USD corrientes,4902.03,False
Jamaica,JAM,Caribe,2011,2010s,Contexto,PBI per cápita,NY.GDP.PCAP.CD,USD corrientes,5332.47,False
Jamaica,JAM,Caribe,2012,2010s,Contexto,PBI per cápita,NY.GDP.PCAP.CD,USD corrientes,5445.89,False
Jamaica,JAM,Caribe,2013,2010s,Contexto,PBI per cápita,NY.GDP.PCAP.CD,USD corrientes,5253.79,False
Jamaica,JAM,Caribe,2014,2010s,Contexto,PBI per cápita,NY.GDP.PCAP.CD,USD corrientes,5119.22,False
Jamaica,JAM,Caribe,1990,1990s,Participación,Participación laboral femenina,SL.TLF.CACT.FE.ZS,% de mujeres 15+,66.4,False
Jamaica,JAM,Caribe,1991,1990s,Participación,Participación laboral femenina,SL.TLF.CACT.FE.ZS,% de mujeres 15+,66.9,False
Jamaica,JAM,Caribe,1992,1990s,Participación,Participación laboral femenina,SL.TLF.CACT.FE.ZS,% de mujeres 15+,67.4,False
Jamaica,JAM,Caribe,1993,1990s,Participación,Participación laboral femenina,SL.TLF.CACT.FE.ZS,% de mujeres 15+,67.8,False
Jamaica,JAM,Caribe,1994,1990s,Participación,Participación laboral femenina,SL.TLF.CACT.FE.ZS,% de mujeres 15+,68.3,False
Jamaica,JAM,Caribe,1995,1990s,Participación,Participación laboral femenina,SL.TLF.CACT.FE.ZS,% de mujeres 15+,66.7,False
Jamaica,JAM,Caribe,1996,1990s,Participación,Participación laboral femenina,SL.TLF.CACT.FE.ZS,% de mujeres 15+,65.0,False
Jamaica,JAM,Caribe,1997,1990s,Participación,Participación laboral femenina,SL.TLF.CACT.FE.ZS,% de mujeres 15+,63.0,False
Jamaica,JAM,Caribe,1998,1990s,Participación,Participación laboral femenina,SL.TLF.CACT.FE.ZS,% de mujeres 15+,60.8,False
Jamaica,JAM,Caribe,1999,1990s,Participación,Participación laboral femenina,SL.TLF.CACT.FE.ZS,% de mujeres 15+,60.0,False
Jamaica,JAM,Caribe,2000,2000s,Participación,Participación laboral femenina,SL.TLF.CACT.FE.ZS,% de mujeres 15+,59.3,False
Jamaica,JAM,Caribe,2001,2000s,Participación,Participación laboral femenina,SL.TLF.CACT.FE.ZS,% de mujeres 15+,58.5,False
Jamaica,JAM,Caribe,2002,2000s,Participación,Participación laboral femenina,SL.TLF.CACT.FE.ZS,% de mujeres 15+,57.9,False
Jamaica,JAM,Caribe,2003,2000s,Participación,Participación laboral femenina,SL.TLF.CACT.FE.ZS,% de mujeres 15+,57.2,False
Jamaica,JAM,Caribe,2004,2000s,Participación,Participación laboral femenina,SL.TLF.CACT.FE.ZS,% de mujeres 15+,57.1,False
Jamaica,JAM,Caribe,2005,2000s,Participación,Participación laboral femenina,SL.TLF.CACT.FE.ZS,% de mujeres 15+,57.5,False
Jamaica,JAM,Caribe,2006,2000s,Participación,Participación laboral femenina,SL.TLF.CACT.FE.ZS,% de mujeres 15+,57.8,False
Jamaica,JAM,Caribe,2007,2000s,Participación,Participación laboral femenina,SL.TLF.CACT.FE.ZS,% de mujeres 15+,58.2,False
Jamaica,JAM,Caribe,2008,2000s,Participación,Participación laboral femenina,SL.TLF.CACT.FE.ZS,% de mujeres 15+,58.5,False
Jamaica,JAM,Caribe,2009,2000s,Participación,Participación laboral femenina,SL.TLF.CACT.FE.ZS,% de mujeres 15+,56.6,False
Jamaica,JAM,Caribe,2010,2010s,Participación,Participación laboral femenina,SL.TLF.CACT.FE.ZS,% de mujeres 15+,55.7,False
Jamaica,JAM,Caribe,2011,2010s,Participación,Participación laboral femenina,SL.TLF.CACT.FE.ZS,% de mujeres 15+,55.5,False
Jamaica,JAM,Caribe,2012,2010s,Participación,Participación laboral femenina,SL.TLF.CACT.FE.ZS,% de mujeres 15+,56.1,False
Jamaica,JAM,Caribe,2013,2010s,Participación,Participación laboral femenina,SL.TLF.CACT.FE.ZS,% de mujeres 15+,56.1,False
Jamaica,JAM,Caribe,2014,2010s,Participación,Participación laboral femenina,SL.TLF.CACT.FE.ZS,% de mujeres 15+,56.1,False
Jamaica,JAM,Caribe,1990,1990s,Participación,Participación laboral masculina,SL.TLF.CACT.MA.ZS,% de varones 15+,81.8,False
Jamaica,JAM,Caribe,1991,1990s,Participación,Participación laboral masculina,SL.TLF.CACT.MA.ZS,% de varones 15+,81.5,False
Jamaica,JAM,Caribe,1992,1990s,Participación,Participación laboral masculina,SL.TLF.CACT.MA.ZS,% de varones 15+,81.2,False
Jamaica,JAM,Caribe,1993,1990s,Participación,Participación laboral masculina,SL.TLF.CACT.MA.ZS,% de varones 15+,80.9,False
Jamaica,JAM,Caribe,1994,1990s,Participación,Participación laboral masculina,SL.TLF.CACT.MA.ZS,% de varones 15+,80.5,False
Jamaica,JAM,Caribe,1995,1990s,Participación,Participación laboral masculina,SL.TLF.CACT.MA.ZS,% de varones 15+,80.1,False
Jamaica,JAM,Caribe,1996,1990s,Participación,Participación laboral masculina,SL.TLF.CACT.MA.ZS,% de varones 15+,79.6,False
Jamaica,JAM,Caribe,1997,1990s,Participación,Participación laboral masculina,SL.TLF.CACT.MA.ZS,% de varones 15+,79.1,False
Jamaica,JAM,Caribe,1998,1990s,Participación,Participación laboral masculina,SL.TLF.CACT.MA.ZS,% de varones 15+,78.6,False
Jamaica,JAM,Caribe,1999,1990s,Participación,Participación laboral masculina,SL.TLF.CACT.MA.ZS,% de varones 15+,78.1,False
Jamaica,JAM,Caribe,2000,2000s,Participación,Participación laboral masculina,SL.TLF.CACT.MA.ZS,% de varones 15+,77.7,False
Jamaica,JAM,Caribe,2001,2000s,Participación,Participación laboral masculina,SL.TLF.CACT.MA.ZS,% de varones 15+,77.4,False
Jamaica,JAM,Caribe,2002,2000s,Participación,Participación laboral masculina,SL.TLF.CACT.MA.ZS,% de varones 15+,77.0,False
Jamaica,JAM,Caribe,2003,2000s,Participación,Participación laboral masculina,SL.TLF.CACT.MA.ZS,% de varones 15+,76.6,False
Jamaica,JAM,Caribe,2004,2000s,Participación,Participación laboral masculina,SL.TLF.CACT.MA.ZS,% de varones 15+,76.3,False
Jamaica,JAM,Caribe,2005,2000s,Participación,Participación laboral masculina,SL.TLF.CACT.MA.ZS,% de varones 15+,76.2,False
Jamaica,JAM,Caribe,2006,2000s,Participación,Participación laboral masculina,SL.TLF.CACT.MA.ZS,% de varones 15+,76.0,False
Jamaica,JAM,Caribe,2007,2000s,Participación,Participación laboral masculina,SL.TLF.CACT.MA.ZS,% de varones 15+,75.8,False
Jamaica,JAM,Caribe,2008,2000s,Participación,Participación laboral masculina,SL.TLF.CACT.MA.ZS,% de varones 15+,75.5,False
Jamaica,JAM,Caribe,2009,2000s,Participación,Participación laboral masculina,SL.TLF.CACT.MA.ZS,% de varones 15+,73.1,False
Jamaica,JAM,Caribe,2010,2010s,Participación,Participación laboral masculina,SL.TLF.CACT.MA.ZS,% de varones 15+,71.5,False
Jamaica,JAM,Caribe,2011,2010s,Participación,Participación laboral masculina,SL.TLF.CACT.MA.ZS,% de varones 15+,71.1,False
Jamaica,JAM,Caribe,2012,2010s,Participación,Participación laboral masculina,SL.TLF.CACT.MA.ZS,% de varones 15+,71.0,False
Jamaica,JAM,Caribe,2013,2010s,Participación,Participación laboral masculina,SL.TLF.CACT.MA.ZS,% de varones 15+,70.9,False
Jamaica,JAM,Caribe,2014,2010s,Participación,Participación laboral masculina,SL.TLF.CACT.MA.ZS,% de varones 15+,70.9,False
Jamaica,JAM,Caribe,1990,1990s,Participación,Ratio participación mujer/varón,SL.TLF.CACT.FM.ZS,% (mujer/varón),81.17,False
Jamaica,JAM,Caribe,1991,1990s,Participación,Ratio participación mujer/varón,SL.TLF.CACT.FM.ZS,% (mujer/varón),82.09,False
Jamaica,JAM,Caribe,1992,1990s,Participación,Ratio participación mujer/varón,SL.TLF.CACT.FM.ZS,% (mujer/varón),83.0,False
Jamaica,JAM,Caribe,1993,1990s,Participación,Ratio participación mujer/varón,SL.TLF.CACT.FM.ZS,% (mujer/varón),83.81,False
Jamaica,JAM,Caribe,1994,1990s,Participación,Ratio participación mujer/varón,SL.TLF.CACT.FM.ZS,% (mujer/varón),84.84,False
Jamaica,JAM,Caribe,1995,1990s,Participación,Ratio participación mujer/varón,SL.TLF.CACT.FM.ZS,% (mujer/varón),83.27,False
Jamaica,JAM,Caribe,1996,1990s,Participación,Ratio participación mujer/varón,SL.TLF.CACT.FM.ZS,% (mujer/varón),81.66,False
Jamaica,JAM,Caribe,1997,1990s,Participación,Ratio participación mujer/varón,SL.TLF.CACT.FM.ZS,% (mujer/varón),79.65,False
Jamaica,JAM,Caribe,1998,1990s,Participación,Ratio participación mujer/varón,SL.TLF.CACT.FM.ZS,% (mujer/varón),77.35,False
Jamaica,JAM,Caribe,1999,1990s,Participación,Ratio participación mujer/varón,SL.TLF.CACT.FM.ZS,% (mujer/varón),76.82,False
Jamaica,JAM,Caribe,2000,2000s,Participación,Ratio participación mujer/varón,SL.TLF.CACT.FM.ZS,% (mujer/varón),76.32,False
Jamaica,JAM,Caribe,2001,2000s,Participación,Ratio participación mujer/varón,SL.TLF.CACT.FM.ZS,% (mujer/varón),75.58,False
Jamaica,JAM,Caribe,2002,2000s,Participación,Ratio participación mujer/varón,SL.TLF.CACT.FM.ZS,% (mujer/varón),75.19,False
Jamaica,JAM,Caribe,2003,2000s,Participación,Ratio participación mujer/varón,SL.TLF.CACT.FM.ZS,% (mujer/varón),74.67,False
Jamaica,JAM,Caribe,2004,2000s,Participación,Ratio participación mujer/varón,SL.TLF.CACT.FM.ZS,% (mujer/varón),74.84,False
Jamaica,JAM,Caribe,2005,2000s,Participación,Ratio participación mujer/varón,SL.TLF.CACT.FM.ZS,% (mujer/varón),75.46,False
Jamaica,JAM,Caribe,2006,2000s,Participación,Ratio participación mujer/varón,SL.TLF.CACT.FM.ZS,% (mujer/varón),76.05,False
Jamaica,JAM,Caribe,2007,2000s,Participación,Ratio participación mujer/varón,SL.TLF.CACT.FM.ZS,% (mujer/varón),76.78,False
Jamaica,JAM,Caribe,2008,2000s,Participación,Ratio participación mujer/varón,SL.TLF.CACT.FM.ZS,% (mujer/varón),77.48,False
Jamaica,JAM,Caribe,2009,2000s,Participación,Ratio participación mujer/varón,SL.TLF.CACT.FM.ZS,% (mujer/varón),77.43,False
Jamaica,JAM,Caribe,2010,2010s,Participación,Ratio participación mujer/varón,SL.TLF.CACT.FM.ZS,% (mujer/varón),77.9,False
Jamaica,JAM,Caribe,2011,2010s,Participación,Ratio participación mujer/varón,SL.TLF.CACT.FM.ZS,% (mujer/varón),78.06,False
Jamaica,JAM,Caribe,2012,2010s,Participación,Ratio participación mujer/varón,SL.TLF.CACT.FM.ZS,% (mujer/varón),79.01,False
Jamaica,JAM,Caribe,2013,2010s,Participación,Ratio participación mujer/varón,SL.TLF.CACT.FM.ZS,% (mujer/varón),79.13,False
Jamaica,JAM,Caribe,2014,2010s,Participación,Ratio participación mujer/varón,SL.TLF.CACT.FM.ZS,% (mujer/varón),79.13,False
México,MEX,Centroamérica y México,1990,1990s,Calidad del empleo,Asalariadas,SL.EMP.WORK.FE.ZS,% del empleo femenino,79.6,False
México,MEX,Centroamérica y México,1991,1990s,Calidad del empleo,Asalariadas,SL.EMP.WORK.FE.ZS,% del empleo femenino,62.2,False
México,MEX,Centroamérica y México,1992,1990s,Calidad del empleo,Asalariadas,SL.EMP.WORK.FE.ZS,% del empleo femenino,60.7,False
México,MEX,Centroamérica y México,1993,1990s,Calidad del empleo,Asalariadas,SL.EMP.WORK.FE.ZS,% del empleo femenino,59.0,False
México,MEX,Centroamérica y México,1994,1990s,Calidad del empleo,Asalariadas,SL.EMP.WORK.FE.ZS,% del empleo femenino,57.4,False
México,MEX,Centroamérica y México,1995,1990s,Calidad del empleo,Asalariadas,SL.EMP.WORK.FE.ZS,% del empleo femenino,59.5,False
México,MEX,Centroamérica y México,1996,1990s,Calidad del empleo,Asalariadas,SL.EMP.WORK.FE.ZS,% del empleo femenino,61.1,False
México,MEX,Centroamérica y México,1997,1990s,Calidad del empleo,Asalariadas,SL.EMP.WORK.FE.ZS,% del empleo femenino,58.7,False
México,MEX,Centroamérica y México,1998,1990s,Calidad del empleo,Asalariadas,SL.EMP.WORK.FE.ZS,% del empleo femenino,61.6,False
México,MEX,Centroamérica y México,1999,1990s,Calidad del empleo,Asalariadas,SL.EMP.WORK.FE.ZS,% del empleo femenino,62.2,False
México,MEX,Centroamérica y México,2000,2000s,Calidad del empleo,Asalariadas,SL.EMP.WORK.FE.ZS,% del empleo femenino,64.8,False
México,MEX,Centroamérica y México,2001,2000s,Calidad del empleo,Asalariadas,SL.EMP.WORK.FE.ZS,% del empleo femenino,64.4,False
México,MEX,Centroamérica y México,2002,2000s,Calidad del empleo,Asalariadas,SL.EMP.WORK.FE.ZS,% del empleo femenino,63.4,False
México,MEX,Centroamérica y México,2003,2000s,Calidad del empleo,Asalariadas,SL.EMP.WORK.FE.ZS,% del empleo femenino,63.3,False
México,MEX,Centroamérica y México,2004,2000s,Calidad del empleo,Asalariadas,SL.EMP.WORK.FE.ZS,% del empleo femenino,62.9,False
México,MEX,Centroamérica y México,2005,2000s,Calidad del empleo,Asalariadas,SL.EMP.WORK.FE.ZS,% del empleo femenino,64.7,False
México,MEX,Centroamérica y México,2006,2000s,Calidad del empleo,Asalariadas,SL.EMP.WORK.FE.ZS,% del empleo femenino,65.4,False
México,MEX,Centroamérica y México,2007,2000s,Calidad del empleo,Asalariadas,SL.EMP.WORK.FE.ZS,% del empleo femenino,65.3,False
México,MEX,Centroamérica y México,2008,2000s,Calidad del empleo,Asalariadas,SL.EMP.WORK.FE.ZS,% del empleo femenino,65.3,False
México,MEX,Centroamérica y México,2009,2000s,Calidad del empleo,Asalariadas,SL.EMP.WORK.FE.ZS,% del empleo femenino,65.6,False
México,MEX,Centroamérica y México,2010,2010s,Calidad del empleo,Asalariadas,SL.EMP.WORK.FE.ZS,% del empleo femenino,64.5,False
México,MEX,Centroamérica y México,2011,2010s,Calidad del empleo,Asalariadas,SL.EMP.WORK.FE.ZS,% del empleo femenino,65.3,False
México,MEX,Centroamérica y México,2012,2010s,Calidad del empleo,Asalariadas,SL.EMP.WORK.FE.ZS,% del empleo femenino,64.9,False
México,MEX,Centroamérica y México,2013,2010s,Calidad del empleo,Asalariadas,SL.EMP.WORK.FE.ZS,% del empleo femenino,66.2,False
México,MEX,Centroamérica y México,1990,1990s,Liderazgo,Bancas parlamentarias femeninas,SG.GEN.PARL.ZS,% de bancas,12.0,False
México,MEX,Centroamérica y México,1997,1990s,Liderazgo,Bancas parlamentarias femeninas,SG.GEN.PARL.ZS,% de bancas,14.2,False
México,MEX,Centroamérica y México,1998,1990s,Liderazgo,Bancas parlamentarias femeninas,SG.GEN.PARL.ZS,% de bancas,17.4,False
México,MEX,Centroamérica y México,1999,1990s,Liderazgo,Bancas parlamentarias femeninas,SG.GEN.PARL.ZS,% de bancas,18.2,False
México,MEX,Centroamérica y México,2000,2000s,Liderazgo,Bancas parlamentarias femeninas,SG.GEN.PARL.ZS,% de bancas,16.0,False
México,MEX,Centroamérica y México,2001,2000s,Liderazgo,Bancas parlamentarias femeninas,SG.GEN.PARL.ZS,% de bancas,16.0,False
México,MEX,Centroamérica y México,2002,2000s,Liderazgo,Bancas parlamentarias femeninas,SG.GEN.PARL.ZS,% de bancas,16.0,False
México,MEX,Centroamérica y México,2003,2000s,Liderazgo,Bancas parlamentarias femeninas,SG.GEN.PARL.ZS,% de bancas,22.6,False
México,MEX,Centroamérica y México,2004,2000s,Liderazgo,Bancas parlamentarias femeninas,SG.GEN.PARL.ZS,% de bancas,22.6,False
México,MEX,Centroamérica y México,2005,2000s,Liderazgo,Bancas parlamentarias femeninas,SG.GEN.PARL.ZS,% de bancas,24.2,False
México,MEX,Centroamérica y México,2006,2000s,Liderazgo,Bancas parlamentarias femeninas,SG.GEN.PARL.ZS,% de bancas,22.6,False
México,MEX,Centroamérica y México,2007,2000s,Liderazgo,Bancas parlamentarias femeninas,SG.GEN.PARL.ZS,% de bancas,23.2,False
México,MEX,Centroamérica y México,2008,2000s,Liderazgo,Bancas parlamentarias femeninas,SG.GEN.PARL.ZS,% de bancas,23.2,False
México,MEX,Centroamérica y México,2009,2000s,Liderazgo,Bancas parlamentarias femeninas,SG.GEN.PARL.ZS,% de bancas,27.6,False
México,MEX,Centroamérica y México,2010,2010s,Liderazgo,Bancas parlamentarias femeninas,SG.GEN.PARL.ZS,% de bancas,26.2,False
México,MEX,Centroamérica y México,2011,2010s,Liderazgo,Bancas parlamentarias femeninas,SG.GEN.PARL.ZS,% de bancas,26.2,False
México,MEX,Centroamérica y México,2012,2010s,Liderazgo,Bancas parlamentarias femeninas,SG.GEN.PARL.ZS,% de bancas,36.8,False
México,MEX,Centroamérica y México,2013,2010s,Liderazgo,Bancas parlamentarias femeninas,SG.GEN.PARL.ZS,% de bancas,36.8,False
México,MEX,Centroamérica y México,2014,2010s,Liderazgo,Bancas parlamentarias femeninas,SG.GEN.PARL.ZS,% de bancas,37.4,False
México,MEX,Centroamérica y México,1991,1990s,Calidad del empleo,Desempleo femenino,SL.UEM.TOTL.FE.ZS,% de la PEA femenina,4.2,False
México,MEX,Centroamérica y México,1992,1990s,Calidad del empleo,Desempleo femenino,SL.UEM.TOTL.FE.ZS,% de la PEA femenina,4.0,False
México,MEX,Centroamérica y México,1993,1990s,Calidad del empleo,Desempleo femenino,SL.UEM.TOTL.FE.ZS,% de la PEA femenina,3.9,False
México,MEX,Centroamérica y México,1994,1990s,Calidad del empleo,Desempleo femenino,SL.UEM.TOTL.FE.ZS,% de la PEA femenina,4.8,False
México,MEX,Centroamérica y México,1995,1990s,Calidad del empleo,Desempleo femenino,SL.UEM.TOTL.FE.ZS,% de la PEA femenina,8.6,False
México,MEX,Centroamérica y México,1996,1990s,Calidad del empleo,Desempleo femenino,SL.UEM.TOTL.FE.ZS,% de la PEA femenina,6.7,False
México,MEX,Centroamérica y México,1997,1990s,Calidad del empleo,Desempleo femenino,SL.UEM.TOTL.FE.ZS,% de la PEA femenina,6.1,False
México,MEX,Centroamérica y México,1998,1990s,Calidad del empleo,Desempleo femenino,SL.UEM.TOTL.FE.ZS,% de la PEA femenina,4.9,False
México,MEX,Centroamérica y México,1999,1990s,Calidad del empleo,Desempleo femenino,SL.UEM.TOTL.FE.ZS,% de la PEA femenina,3.6,False
México,MEX,Centroamérica y México,2000,2000s,Calidad del empleo,Desempleo femenino,SL.UEM.TOTL.FE.ZS,% de la PEA femenina,3.3,False
México,MEX,Centroamérica y México,2001,2000s,Calidad del empleo,Desempleo femenino,SL.UEM.TOTL.FE.ZS,% de la PEA femenina,3.2,False
México,MEX,Centroamérica y México,2002,2000s,Calidad del empleo,Desempleo femenino,SL.UEM.TOTL.FE.ZS,% de la PEA femenina,3.5,False
México,MEX,Centroamérica y México,2003,2000s,Calidad del empleo,Desempleo femenino,SL.UEM.TOTL.FE.ZS,% de la PEA femenina,3.7,False
México,MEX,Centroamérica y México,2004,2000s,Calidad del empleo,Desempleo femenino,SL.UEM.TOTL.FE.ZS,% de la PEA femenina,4.7,False
México,MEX,Centroamérica y México,2005,2000s,Calidad del empleo,Desempleo femenino,SL.UEM.TOTL.FE.ZS,% de la PEA femenina,3.6,False
México,MEX,Centroamérica y México,2006,2000s,Calidad del empleo,Desempleo femenino,SL.UEM.TOTL.FE.ZS,% de la PEA femenina,3.5,False
México,MEX,Centroamérica y México,2007,2000s,Calidad del empleo,Desempleo femenino,SL.UEM.TOTL.FE.ZS,% de la PEA femenina,3.7,False
México,MEX,Centroamérica y México,2008,2000s,Calidad del empleo,Desempleo femenino,SL.UEM.TOTL.FE.ZS,% de la PEA femenina,3.9,False
México,MEX,Centroamérica y México,2009,2000s,Calidad del empleo,Desempleo femenino,SL.UEM.TOTL.FE.ZS,% de la PEA femenina,4.8,False
México,MEX,Centroamérica y México,2010,2010s,Calidad del empleo,Desempleo femenino,SL.UEM.TOTL.FE.ZS,% de la PEA femenina,5.2,False
México,MEX,Centroamérica y México,2011,2010s,Calidad del empleo,Desempleo femenino,SL.UEM.TOTL.FE.ZS,% de la PEA femenina,5.3,False
México,MEX,Centroamérica y México,2012,2010s,Calidad del empleo,Desempleo femenino,SL.UEM.TOTL.FE.ZS,% de la PEA femenina,4.9,False
México,MEX,Centroamérica y México,2013,2010s,Calidad del empleo,Desempleo femenino,SL.UEM.TOTL.FE.ZS,% de la PEA femenina,5.0,False
México,MEX,Centroamérica y México,2014,2010s,Calidad del empleo,Desempleo femenino,SL.UEM.TOTL.FE.ZS,% de la PEA femenina,5.0,False
México,MEX,Centroamérica y México,1990,1990s,Estructura sectorial,Empleo femenino en agricultura,SL.AGR.EMPL.FE.ZS,% del empleo femenino,3.4,False
México,MEX,Centroamérica y México,1991,1990s,Estructura sectorial,Empleo femenino en agricultura,SL.AGR.EMPL.FE.ZS,% del empleo femenino,10.8,False
México,MEX,Centroamérica y México,1992,1990s,Estructura sectorial,Empleo femenino en agricultura,SL.AGR.EMPL.FE.ZS,% del empleo femenino,10.1,False
México,MEX,Centroamérica y México,1993,1990s,Estructura sectorial,Empleo femenino en agricultura,SL.AGR.EMPL.FE.ZS,% del empleo femenino,11.1,False
México,MEX,Centroamérica y México,1994,1990s,Estructura sectorial,Empleo femenino en agricultura,SL.AGR.EMPL.FE.ZS,% del empleo femenino,10.6,False
México,MEX,Centroamérica y México,1995,1990s,Estructura sectorial,Empleo femenino en agricultura,SL.AGR.EMPL.FE.ZS,% del empleo femenino,9.8,False
México,MEX,Centroamérica y México,1996,1990s,Estructura sectorial,Empleo femenino en agricultura,SL.AGR.EMPL.FE.ZS,% del empleo femenino,9.7,False
México,MEX,Centroamérica y México,1997,1990s,Estructura sectorial,Empleo femenino en agricultura,SL.AGR.EMPL.FE.ZS,% del empleo femenino,11.8,False
México,MEX,Centroamérica y México,1998,1990s,Estructura sectorial,Empleo femenino en agricultura,SL.AGR.EMPL.FE.ZS,% del empleo femenino,7.9,False
México,MEX,Centroamérica y México,1999,1990s,Estructura sectorial,Empleo femenino en agricultura,SL.AGR.EMPL.FE.ZS,% del empleo femenino,8.5,False
México,MEX,Centroamérica y México,2000,2000s,Estructura sectorial,Empleo femenino en agricultura,SL.AGR.EMPL.FE.ZS,% del empleo femenino,7.2,False
México,MEX,Centroamérica y México,2001,2000s,Estructura sectorial,Empleo femenino en agricultura,SL.AGR.EMPL.FE.ZS,% del empleo femenino,6.2,False
México,MEX,Centroamérica y México,2002,2000s,Estructura sectorial,Empleo femenino en agricultura,SL.AGR.EMPL.FE.ZS,% del empleo femenino,6.5,False
México,MEX,Centroamérica y México,2003,2000s,Estructura sectorial,Empleo femenino en agricultura,SL.AGR.EMPL.FE.ZS,% del empleo femenino,5.7,False
México,MEX,Centroamérica y México,2004,2000s,Estructura sectorial,Empleo femenino en agricultura,SL.AGR.EMPL.FE.ZS,% del empleo femenino,6.0,False
México,MEX,Centroamérica y México,2005,2000s,Estructura sectorial,Empleo femenino en agricultura,SL.AGR.EMPL.FE.ZS,% del empleo femenino,4.9,False
México,MEX,Centroamérica y México,2006,2000s,Estructura sectorial,Empleo femenino en agricultura,SL.AGR.EMPL.FE.ZS,% del empleo femenino,4.7,False
México,MEX,Centroamérica y México,2007,2000s,Estructura sectorial,Empleo femenino en agricultura,SL.AGR.EMPL.FE.ZS,% del empleo femenino,4.4,False
México,MEX,Centroamérica y México,2008,2000s,Estructura sectorial,Empleo femenino en agricultura,SL.AGR.EMPL.FE.ZS,% del empleo femenino,4.0,False
México,MEX,Centroamérica y México,2009,2000s,Estructura sectorial,Empleo femenino en agricultura,SL.AGR.EMPL.FE.ZS,% del empleo femenino,4.4,False
México,MEX,Centroamérica y México,2010,2010s,Estructura sectorial,Empleo femenino en agricultura,SL.AGR.EMPL.FE.ZS,% del empleo femenino,4.0,False
México,MEX,Centroamérica y México,2011,2010s,Estructura sectorial,Empleo femenino en agricultura,SL.AGR.EMPL.FE.ZS,% del empleo femenino,3.6,False
México,MEX,Centroamérica y México,2012,2010s,Estructura sectorial,Empleo femenino en agricultura,SL.AGR.EMPL.FE.ZS,% del empleo femenino,4.1,False
México,MEX,Centroamérica y México,2013,2010s,Estructura sectorial,Empleo femenino en agricultura,SL.AGR.EMPL.FE.ZS,% del empleo femenino,3.7,False
México,MEX,Centroamérica y México,1990,1990s,Estructura sectorial,Empleo femenino en servicios,SL.SRV.EMPL.FE.ZS,% del empleo femenino,70.3,False
México,MEX,Centroamérica y México,1991,1990s,Estructura sectorial,Empleo femenino en servicios,SL.SRV.EMPL.FE.ZS,% del empleo femenino,69.7,False
México,MEX,Centroamérica y México,1992,1990s,Estructura sectorial,Empleo femenino en servicios,SL.SRV.EMPL.FE.ZS,% del empleo femenino,71.5,False
México,MEX,Centroamérica y México,1993,1990s,Estructura sectorial,Empleo femenino en servicios,SL.SRV.EMPL.FE.ZS,% del empleo femenino,71.0,False
México,MEX,Centroamérica y México,1994,1990s,Estructura sectorial,Empleo femenino en servicios,SL.SRV.EMPL.FE.ZS,% del empleo femenino,71.8,False
México,MEX,Centroamérica y México,1995,1990s,Estructura sectorial,Empleo femenino en servicios,SL.SRV.EMPL.FE.ZS,% del empleo femenino,74.7,False
México,MEX,Centroamérica y México,1996,1990s,Estructura sectorial,Empleo femenino en servicios,SL.SRV.EMPL.FE.ZS,% del empleo femenino,72.1,False
México,MEX,Centroamérica y México,1997,1990s,Estructura sectorial,Empleo femenino en servicios,SL.SRV.EMPL.FE.ZS,% del empleo femenino,69.5,False
México,MEX,Centroamérica y México,1998,1990s,Estructura sectorial,Empleo femenino en servicios,SL.SRV.EMPL.FE.ZS,% del empleo femenino,71.5,False
México,MEX,Centroamérica y México,1999,1990s,Estructura sectorial,Empleo femenino en servicios,SL.SRV.EMPL.FE.ZS,% del empleo femenino,70.0,False
México,MEX,Centroamérica y México,2000,2000s,Estructura sectorial,Empleo femenino en servicios,SL.SRV.EMPL.FE.ZS,% del empleo femenino,70.6,False
México,MEX,Centroamérica y México,2001,2000s,Estructura sectorial,Empleo femenino en servicios,SL.SRV.EMPL.FE.ZS,% del empleo femenino,71.8,False
México,MEX,Centroamérica y México,2002,2000s,Estructura sectorial,Empleo femenino en servicios,SL.SRV.EMPL.FE.ZS,% del empleo femenino,72.9,False
México,MEX,Centroamérica y México,2003,2000s,Estructura sectorial,Empleo femenino en servicios,SL.SRV.EMPL.FE.ZS,% del empleo femenino,74.7,False
México,MEX,Centroamérica y México,2004,2000s,Estructura sectorial,Empleo femenino en servicios,SL.SRV.EMPL.FE.ZS,% del empleo femenino,74.6,False
México,MEX,Centroamérica y México,2005,2000s,Estructura sectorial,Empleo femenino en servicios,SL.SRV.EMPL.FE.ZS,% del empleo femenino,75.8,False
México,MEX,Centroamérica y México,2006,2000s,Estructura sectorial,Empleo femenino en servicios,SL.SRV.EMPL.FE.ZS,% del empleo femenino,76.4,False
México,MEX,Centroamérica y México,2007,2000s,Estructura sectorial,Empleo femenino en servicios,SL.SRV.EMPL.FE.ZS,% del empleo femenino,77.1,False
México,MEX,Centroamérica y México,2008,2000s,Estructura sectorial,Empleo femenino en servicios,SL.SRV.EMPL.FE.ZS,% del empleo femenino,77.5,False
México,MEX,Centroamérica y México,2009,2000s,Estructura sectorial,Empleo femenino en servicios,SL.SRV.EMPL.FE.ZS,% del empleo femenino,77.1,False
México,MEX,Centroamérica y México,2010,2010s,Estructura sectorial,Empleo femenino en servicios,SL.SRV.EMPL.FE.ZS,% del empleo femenino,77.5,False
México,MEX,Centroamérica y México,2011,2010s,Estructura sectorial,Empleo femenino en servicios,SL.SRV.EMPL.FE.ZS,% del empleo femenino,79.8,False
México,MEX,Centroamérica y México,2012,2010s,Estructura sectorial,Empleo femenino en servicios,SL.SRV.EMPL.FE.ZS,% del empleo femenino,79.8,False
México,MEX,Centroamérica y México,2013,2010s,Estructura sectorial,Empleo femenino en servicios,SL.SRV.EMPL.FE.ZS,% del empleo femenino,79.8,False
México,MEX,Centroamérica y México,2010,2010s,Liderazgo empresarial,Firmas con gerenta mujer,IC.FRM.FEMM.ZS,% de firmas,14.6,False
México,MEX,Centroamérica y México,2006,2000s,Liderazgo empresarial,Firmas con propiedad femenina,IC.FRM.FEMO.ZS,% de firmas,24.8,False
México,MEX,Centroamérica y México,2010,2010s,Liderazgo empresarial,Firmas con propiedad femenina,IC.FRM.FEMO.ZS,% de firmas,25.7,False
México,MEX,Centroamérica y México,1991,1990s,Liderazgo,Mujeres en puestos directivos,SG.GEN.LSOM.ZS,% del total de directivos,15.32,False
México,MEX,Centroamérica y México,1993,1990s,Liderazgo,Mujeres en puestos directivos,SG.GEN.LSOM.ZS,% del total de directivos,19.67,False
México,MEX,Centroamérica y México,1995,1990s,Liderazgo,Mujeres en puestos directivos,SG.GEN.LSOM.ZS,% del total de directivos,19.1,False
México,MEX,Centroamérica y México,1996,1990s,Liderazgo,Mujeres en puestos directivos,SG.GEN.LSOM.ZS,% del total de directivos,22.7,False
México,MEX,Centroamérica y México,1997,1990s,Liderazgo,Mujeres en puestos directivos,SG.GEN.LSOM.ZS,% del total de directivos,20.42,False
México,MEX,Centroamérica y México,1998,1990s,Liderazgo,Mujeres en puestos directivos,SG.GEN.LSOM.ZS,% del total de directivos,20.8,False
México,MEX,Centroamérica y México,1999,1990s,Liderazgo,Mujeres en puestos directivos,SG.GEN.LSOM.ZS,% del total de directivos,22.81,False
México,MEX,Centroamérica y México,2000,2000s,Liderazgo,Mujeres en puestos directivos,SG.GEN.LSOM.ZS,% del total de directivos,23.6,False
México,MEX,Centroamérica y México,2001,2000s,Liderazgo,Mujeres en puestos directivos,SG.GEN.LSOM.ZS,% del total de directivos,25.22,False
México,MEX,Centroamérica y México,2002,2000s,Liderazgo,Mujeres en puestos directivos,SG.GEN.LSOM.ZS,% del total de directivos,23.65,False
México,MEX,Centroamérica y México,2003,2000s,Liderazgo,Mujeres en puestos directivos,SG.GEN.LSOM.ZS,% del total de directivos,23.73,False
México,MEX,Centroamérica y México,2004,2000s,Liderazgo,Mujeres en puestos directivos,SG.GEN.LSOM.ZS,% del total de directivos,24.62,False
México,MEX,Centroamérica y México,2005,2000s,Liderazgo,Mujeres en puestos directivos,SG.GEN.LSOM.ZS,% del total de directivos,28.4,False
México,MEX,Centroamérica y México,2006,2000s,Liderazgo,Mujeres en puestos directivos,SG.GEN.LSOM.ZS,% del total de directivos,27.32,False
México,MEX,Centroamérica y México,2007,2000s,Liderazgo,Mujeres en puestos directivos,SG.GEN.LSOM.ZS,% del total de directivos,31.06,False
México,MEX,Centroamérica y México,2008,2000s,Liderazgo,Mujeres en puestos directivos,SG.GEN.LSOM.ZS,% del total de directivos,30.72,False
México,MEX,Centroamérica y México,1990,1990s,Contexto,PBI per cápita,NY.GDP.PCAP.CD,USD corrientes,3068.7,False
México,MEX,Centroamérica y México,1991,1990s,Contexto,PBI per cápita,NY.GDP.PCAP.CD,USD corrientes,3600.05,False
México,MEX,Centroamérica y México,1992,1990s,Contexto,PBI per cápita,NY.GDP.PCAP.CD,USD corrientes,4080.45,False
México,MEX,Centroamérica y México,1993,1990s,Contexto,PBI per cápita,NY.GDP.PCAP.CD,USD corrientes,5544.93,False
México,MEX,Centroamérica y México,1994,1990s,Contexto,PBI per cápita,NY.GDP.PCAP.CD,USD corrientes,5690.67,False
México,MEX,Centroamérica y México,1995,1990s,Contexto,PBI per cápita,NY.GDP.PCAP.CD,USD corrientes,3640.83,False
México,MEX,Centroamérica y México,1996,1990s,Contexto,PBI per cápita,NY.GDP.PCAP.CD,USD corrientes,4131.81,False
México,MEX,Centroamérica y México,1997,1990s,Contexto,PBI per cápita,NY.GDP.PCAP.CD,USD corrientes,4907.33,False
México,MEX,Centroamérica y México,1998,1990s,Contexto,PBI per cápita,NY.GDP.PCAP.CD,USD corrientes,5038.63,False
México,MEX,Centroamérica y México,1999,1990s,Contexto,PBI per cápita,NY.GDP.PCAP.CD,USD corrientes,5722.12,False
México,MEX,Centroamérica y México,2000,2000s,Contexto,PBI per cápita,NY.GDP.PCAP.CD,USD corrientes,6649.72,False
México,MEX,Centroamérica y México,2001,2000s,Contexto,PBI per cápita,NY.GDP.PCAP.CD,USD corrientes,6952.29,False
México,MEX,Centroamérica y México,2002,2000s,Contexto,PBI per cápita,NY.GDP.PCAP.CD,USD corrientes,7023.79,False
México,MEX,Centroamérica y México,2003,2000s,Contexto,PBI per cápita,NY.GDP.PCAP.CD,USD corrientes,6673.17,False
México,MEX,Centroamérica y México,2004,2000s,Contexto,PBI per cápita,NY.GDP.PCAP.CD,USD corrientes,7115.12,False
México,MEX,Centroamérica y México,2005,2000s,Contexto,PBI per cápita,NY.GDP.PCAP.CD,USD corrientes,7893.97,False
México,MEX,Centroamérica y México,2006,2000s,Contexto,PBI per cápita,NY.GDP.PCAP.CD,USD corrientes,8666.34,False
México,MEX,Centroamérica y México,2007,2000s,Contexto,PBI per cápita,NY.GDP.PCAP.CD,USD corrientes,9222.88,False
México,MEX,Centroamérica y México,2008,2000s,Contexto,PBI per cápita,NY.GDP.PCAP.CD,USD corrientes,9578.57,False
México,MEX,Centroamérica y México,2009,2000s,Contexto,PBI per cápita,NY.GDP.PCAP.CD,USD corrientes,7661.21,False
México,MEX,Centroamérica y México,2010,2010s,Contexto,PBI per cápita,NY.GDP.PCAP.CD,USD corrientes,8861.49,False
México,MEX,Centroamérica y México,2011,2010s,Contexto,PBI per cápita,NY.GDP.PCAP.CD,USD corrientes,9730.28,False
México,MEX,Centroamérica y México,2012,2010s,Contexto,PBI per cápita,NY.GDP.PCAP.CD,USD corrientes,9720.56,False
México,MEX,Centroamérica y México,2013,2010s,Contexto,PBI per cápita,NY.GDP.PCAP.CD,USD corrientes,10197.44,False
México,MEX,Centroamérica y México,2014,2010s,Contexto,PBI per cápita,NY.GDP.PCAP.CD,USD corrientes,10350.81,False
México,MEX,Centroamérica y México,1990,1990s,Participación,Participación laboral femenina,SL.TLF.CACT.FE.ZS,% de mujeres 15+,34.3,False
México,MEX,Centroamérica y México,1991,1990s,Participación,Participación laboral femenina,SL.TLF.CACT.FE.ZS,% de mujeres 15+,34.1,False
México,MEX,Centroamérica y México,1992,1990s,Participación,Participación laboral femenina,SL.TLF.CACT.FE.ZS,% de mujeres 15+,35.0,False
México,MEX,Centroamérica y México,1993,1990s,Participación,Participación laboral femenina,SL.TLF.CACT.FE.ZS,% de mujeres 15+,36.1,False
México,MEX,Centroamérica y México,1994,1990s,Participación,Participación laboral femenina,SL.TLF.CACT.FE.ZS,% de mujeres 15+,36.7,False
México,MEX,Centroamérica y México,1995,1990s,Participación,Participación laboral femenina,SL.TLF.CACT.FE.ZS,% de mujeres 15+,37.9,False
México,MEX,Centroamérica y México,1996,1990s,Participación,Participación laboral femenina,SL.TLF.CACT.FE.ZS,% de mujeres 15+,37.9,False
México,MEX,Centroamérica y México,1997,1990s,Participación,Participación laboral femenina,SL.TLF.CACT.FE.ZS,% de mujeres 15+,39.9,False
México,MEX,Centroamérica y México,1998,1990s,Participación,Participación laboral femenina,SL.TLF.CACT.FE.ZS,% de mujeres 15+,39.6,False
México,MEX,Centroamérica y México,1999,1990s,Participación,Participación laboral femenina,SL.TLF.CACT.FE.ZS,% de mujeres 15+,38.8,False
México,MEX,Centroamérica y México,2000,2000s,Participación,Participación laboral femenina,SL.TLF.CACT.FE.ZS,% de mujeres 15+,39.1,False
México,MEX,Centroamérica y México,2001,2000s,Participación,Participación laboral femenina,SL.TLF.CACT.FE.ZS,% de mujeres 15+,38.4,False
México,MEX,Centroamérica y México,2002,2000s,Participación,Participación laboral femenina,SL.TLF.CACT.FE.ZS,% de mujeres 15+,39.1,False
México,MEX,Centroamérica y México,2003,2000s,Participación,Participación laboral femenina,SL.TLF.CACT.FE.ZS,% de mujeres 15+,38.6,False
México,MEX,Centroamérica y México,2004,2000s,Participación,Participación laboral femenina,SL.TLF.CACT.FE.ZS,% de mujeres 15+,40.8,False
México,MEX,Centroamérica y México,2005,2000s,Participación,Participación laboral femenina,SL.TLF.CACT.FE.ZS,% de mujeres 15+,41.1,False
México,MEX,Centroamérica y México,2006,2000s,Participación,Participación laboral femenina,SL.TLF.CACT.FE.ZS,% de mujeres 15+,42.2,False
México,MEX,Centroamérica y México,2007,2000s,Participación,Participación laboral femenina,SL.TLF.CACT.FE.ZS,% de mujeres 15+,42.9,False
México,MEX,Centroamérica y México,2008,2000s,Participación,Participación laboral femenina,SL.TLF.CACT.FE.ZS,% de mujeres 15+,43.5,False
México,MEX,Centroamérica y México,2009,2000s,Participación,Participación laboral femenina,SL.TLF.CACT.FE.ZS,% de mujeres 15+,42.8,False
México,MEX,Centroamérica y México,2010,2010s,Participación,Participación laboral femenina,SL.TLF.CACT.FE.ZS,% de mujeres 15+,43.8,False
México,MEX,Centroamérica y México,2011,2010s,Participación,Participación laboral femenina,SL.TLF.CACT.FE.ZS,% de mujeres 15+,43.2,False
México,MEX,Centroamérica y México,2012,2010s,Participación,Participación laboral femenina,SL.TLF.CACT.FE.ZS,% de mujeres 15+,45.0,False
México,MEX,Centroamérica y México,2013,2010s,Participación,Participación laboral femenina,SL.TLF.CACT.FE.ZS,% de mujeres 15+,45.1,False
México,MEX,Centroamérica y México,2014,2010s,Participación,Participación laboral femenina,SL.TLF.CACT.FE.ZS,% de mujeres 15+,45.1,False
México,MEX,Centroamérica y México,1990,1990s,Participación,Participación laboral masculina,SL.TLF.CACT.MA.ZS,% de varones 15+,83.9,False
México,MEX,Centroamérica y México,1991,1990s,Participación,Participación laboral masculina,SL.TLF.CACT.MA.ZS,% de varones 15+,84.5,False
México,MEX,Centroamérica y México,1992,1990s,Participación,Participación laboral masculina,SL.TLF.CACT.MA.ZS,% de varones 15+,84.9,False
México,MEX,Centroamérica y México,1993,1990s,Participación,Participación laboral masculina,SL.TLF.CACT.MA.ZS,% de varones 15+,85.3,False
México,MEX,Centroamérica y México,1994,1990s,Participación,Participación laboral masculina,SL.TLF.CACT.MA.ZS,% de varones 15+,84.3,False
México,MEX,Centroamérica y México,1995,1990s,Participación,Participación laboral masculina,SL.TLF.CACT.MA.ZS,% de varones 15+,82.9,False
México,MEX,Centroamérica y México,1996,1990s,Participación,Participación laboral masculina,SL.TLF.CACT.MA.ZS,% de varones 15+,83.1,False
México,MEX,Centroamérica y México,1997,1990s,Participación,Participación laboral masculina,SL.TLF.CACT.MA.ZS,% de varones 15+,83.8,False
México,MEX,Centroamérica y México,1998,1990s,Participación,Participación laboral masculina,SL.TLF.CACT.MA.ZS,% de varones 15+,83.8,False
México,MEX,Centroamérica y México,1999,1990s,Participación,Participación laboral masculina,SL.TLF.CACT.MA.ZS,% de varones 15+,83.1,False
México,MEX,Centroamérica y México,2000,2000s,Participación,Participación laboral masculina,SL.TLF.CACT.MA.ZS,% de varones 15+,82.4,False
México,MEX,Centroamérica y México,2001,2000s,Participación,Participación laboral masculina,SL.TLF.CACT.MA.ZS,% de varones 15+,81.9,False
México,MEX,Centroamérica y México,2002,2000s,Participación,Participación laboral masculina,SL.TLF.CACT.MA.ZS,% de varones 15+,81.5,False
México,MEX,Centroamérica y México,2003,2000s,Participación,Participación laboral masculina,SL.TLF.CACT.MA.ZS,% de varones 15+,80.9,False
México,MEX,Centroamérica y México,2004,2000s,Participación,Participación laboral masculina,SL.TLF.CACT.MA.ZS,% de varones 15+,81.3,False
México,MEX,Centroamérica y México,2005,2000s,Participación,Participación laboral masculina,SL.TLF.CACT.MA.ZS,% de varones 15+,80.8,False
México,MEX,Centroamérica y México,2006,2000s,Participación,Participación laboral masculina,SL.TLF.CACT.MA.ZS,% de varones 15+,81.5,False
México,MEX,Centroamérica y México,2007,2000s,Participación,Participación laboral masculina,SL.TLF.CACT.MA.ZS,% de varones 15+,81.2,False
México,MEX,Centroamérica y México,2008,2000s,Participación,Participación laboral masculina,SL.TLF.CACT.MA.ZS,% de varones 15+,81.1,False
México,MEX,Centroamérica y México,2009,2000s,Participación,Participación laboral masculina,SL.TLF.CACT.MA.ZS,% de varones 15+,79.7,False
México,MEX,Centroamérica y México,2010,2010s,Participación,Participación laboral masculina,SL.TLF.CACT.MA.ZS,% de varones 15+,80.5,False
México,MEX,Centroamérica y México,2011,2010s,Participación,Participación laboral masculina,SL.TLF.CACT.MA.ZS,% de varones 15+,79.4,False
México,MEX,Centroamérica y México,2012,2010s,Participación,Participación laboral masculina,SL.TLF.CACT.MA.ZS,% de varones 15+,80.0,False
México,MEX,Centroamérica y México,2013,2010s,Participación,Participación laboral masculina,SL.TLF.CACT.MA.ZS,% de varones 15+,79.9,False
México,MEX,Centroamérica y México,2014,2010s,Participación,Participación laboral masculina,SL.TLF.CACT.MA.ZS,% de varones 15+,79.9,False
México,MEX,Centroamérica y México,1990,1990s,Participación,Ratio participación mujer/varón,SL.TLF.CACT.FM.ZS,% (mujer/varón),40.88,False
México,MEX,Centroamérica y México,1991,1990s,Participación,Ratio participación mujer/varón,SL.TLF.CACT.FM.ZS,% (mujer/varón),40.36,False
México,MEX,Centroamérica y México,1992,1990s,Participación,Ratio participación mujer/varón,SL.TLF.CACT.FM.ZS,% (mujer/varón),41.22,False
México,MEX,Centroamérica y México,1993,1990s,Participación,Ratio participación mujer/varón,SL.TLF.CACT.FM.ZS,% (mujer/varón),42.32,False
México,MEX,Centroamérica y México,1994,1990s,Participación,Ratio participación mujer/varón,SL.TLF.CACT.FM.ZS,% (mujer/varón),43.53,False
México,MEX,Centroamérica y México,1995,1990s,Participación,Ratio participación mujer/varón,SL.TLF.CACT.FM.ZS,% (mujer/varón),45.72,False
México,MEX,Centroamérica y México,1996,1990s,Participación,Ratio participación mujer/varón,SL.TLF.CACT.FM.ZS,% (mujer/varón),45.61,False
México,MEX,Centroamérica y México,1997,1990s,Participación,Ratio participación mujer/varón,SL.TLF.CACT.FM.ZS,% (mujer/varón),47.61,False
México,MEX,Centroamérica y México,1998,1990s,Participación,Ratio participación mujer/varón,SL.TLF.CACT.FM.ZS,% (mujer/varón),47.26,False
México,MEX,Centroamérica y México,1999,1990s,Participación,Ratio participación mujer/varón,SL.TLF.CACT.FM.ZS,% (mujer/varón),46.69,False
México,MEX,Centroamérica y México,2000,2000s,Participación,Ratio participación mujer/varón,SL.TLF.CACT.FM.ZS,% (mujer/varón),47.45,False
México,MEX,Centroamérica y México,2001,2000s,Participación,Ratio participación mujer/varón,SL.TLF.CACT.FM.ZS,% (mujer/varón),46.89,False
México,MEX,Centroamérica y México,2002,2000s,Participación,Ratio participación mujer/varón,SL.TLF.CACT.FM.ZS,% (mujer/varón),47.98,False
México,MEX,Centroamérica y México,2003,2000s,Participación,Ratio participación mujer/varón,SL.TLF.CACT.FM.ZS,% (mujer/varón),47.71,False
México,MEX,Centroamérica y México,2004,2000s,Participación,Ratio participación mujer/varón,SL.TLF.CACT.FM.ZS,% (mujer/varón),50.18,False
México,MEX,Centroamérica y México,2005,2000s,Participación,Ratio participación mujer/varón,SL.TLF.CACT.FM.ZS,% (mujer/varón),50.87,False
México,MEX,Centroamérica y México,2006,2000s,Participación,Ratio participación mujer/varón,SL.TLF.CACT.FM.ZS,% (mujer/varón),51.78,False
México,MEX,Centroamérica y México,2007,2000s,Participación,Ratio participación mujer/varón,SL.TLF.CACT.FM.ZS,% (mujer/varón),52.83,False
México,MEX,Centroamérica y México,2008,2000s,Participación,Ratio participación mujer/varón,SL.TLF.CACT.FM.ZS,% (mujer/varón),53.64,False
México,MEX,Centroamérica y México,2009,2000s,Participación,Ratio participación mujer/varón,SL.TLF.CACT.FM.ZS,% (mujer/varón),53.7,False
México,MEX,Centroamérica y México,2010,2010s,Participación,Ratio participación mujer/varón,SL.TLF.CACT.FM.ZS,% (mujer/varón),54.41,False
México,MEX,Centroamérica y México,2011,2010s,Participación,Ratio participación mujer/varón,SL.TLF.CACT.FM.ZS,% (mujer/varón),54.41,False
México,MEX,Centroamérica y México,2012,2010s,Participación,Ratio participación mujer/varón,SL.TLF.CACT.FM.ZS,% (mujer/varón),56.25,False
México,MEX,Centroamérica y México,2013,2010s,Participación,Ratio participación mujer/varón,SL.TLF.CACT.FM.ZS,% (mujer/varón),56.45,False
México,MEX,Centroamérica y México,2014,2010s,Participación,Ratio participación mujer/varón,SL.TLF.CACT.FM.ZS,% (mujer/varón),56.45,False
Nicaragua,NIC,Centroamérica y México,1993,1990s,Calidad del empleo,Asalariadas,SL.EMP.WORK.FE.ZS,% del empleo femenino,51.3,False
Nicaragua,NIC,Centroamérica y México,1995,1990s,Calidad del empleo,Asalariadas,SL.EMP.WORK.FE.ZS,% del empleo femenino,56.9,False
Nicaragua,NIC,Centroamérica y México,1996,1990s,Calidad del empleo,Asalariadas,SL.EMP.WORK.FE.ZS,% del empleo femenino,57.8,False
Nicaragua,NIC,Centroamérica y México,1997,1990s,Calidad del empleo,Asalariadas,SL.EMP.WORK.FE.ZS,% del empleo femenino,57.9,False
Nicaragua,NIC,Centroamérica y México,1998,1990s,Calidad del empleo,Asalariadas,SL.EMP.WORK.FE.ZS,% del empleo femenino,56.3,False
Nicaragua,NIC,Centroamérica y México,1999,1990s,Calidad del empleo,Asalariadas,SL.EMP.WORK.FE.ZS,% del empleo femenino,57.3,False
Nicaragua,NIC,Centroamérica y México,2000,2000s,Calidad del empleo,Asalariadas,SL.EMP.WORK.FE.ZS,% del empleo femenino,51.8,False
Nicaragua,NIC,Centroamérica y México,2003,2000s,Calidad del empleo,Asalariadas,SL.EMP.WORK.FE.ZS,% del empleo femenino,48.4,False
Nicaragua,NIC,Centroamérica y México,2004,2000s,Calidad del empleo,Asalariadas,SL.EMP.WORK.FE.ZS,% del empleo femenino,50.7,False
Nicaragua,NIC,Centroamérica y México,2005,2000s,Calidad del empleo,Asalariadas,SL.EMP.WORK.FE.ZS,% del empleo femenino,50.7,False
Nicaragua,NIC,Centroamérica y México,2006,2000s,Calidad del empleo,Asalariadas,SL.EMP.WORK.FE.ZS,% del empleo femenino,51.8,False
Nicaragua,NIC,Centroamérica y México,2007,2000s,Calidad del empleo,Asalariadas,SL.EMP.WORK.FE.ZS,% del empleo femenino,53.2,False
Nicaragua,NIC,Centroamérica y México,2008,2000s,Calidad del empleo,Asalariadas,SL.EMP.WORK.FE.ZS,% del empleo femenino,52.0,False
Nicaragua,NIC,Centroamérica y México,2010,2010s,Calidad del empleo,Asalariadas,SL.EMP.WORK.FE.ZS,% del empleo femenino,41.5,False
Nicaragua,NIC,Centroamérica y México,1990,1990s,Liderazgo,Bancas parlamentarias femeninas,SG.GEN.PARL.ZS,% de bancas,14.8,False
Nicaragua,NIC,Centroamérica y México,1997,1990s,Liderazgo,Bancas parlamentarias femeninas,SG.GEN.PARL.ZS,% de bancas,10.8,False
Nicaragua,NIC,Centroamérica y México,1998,1990s,Liderazgo,Bancas parlamentarias femeninas,SG.GEN.PARL.ZS,% de bancas,10.8,False
Nicaragua,NIC,Centroamérica y México,1999,1990s,Liderazgo,Bancas parlamentarias femeninas,SG.GEN.PARL.ZS,% de bancas,9.7,False
Nicaragua,NIC,Centroamérica y México,2000,2000s,Liderazgo,Bancas parlamentarias femeninas,SG.GEN.PARL.ZS,% de bancas,9.7,False
Nicaragua,NIC,Centroamérica y México,2002,2000s,Liderazgo,Bancas parlamentarias femeninas,SG.GEN.PARL.ZS,% de bancas,20.7,False
Nicaragua,NIC,Centroamérica y México,2003,2000s,Liderazgo,Bancas parlamentarias femeninas,SG.GEN.PARL.ZS,% de bancas,20.7,False
Nicaragua,NIC,Centroamérica y México,2004,2000s,Liderazgo,Bancas parlamentarias femeninas,SG.GEN.PARL.ZS,% de bancas,20.7,False
Nicaragua,NIC,Centroamérica y México,2005,2000s,Liderazgo,Bancas parlamentarias femeninas,SG.GEN.PARL.ZS,% de bancas,20.7,False
Nicaragua,NIC,Centroamérica y México,2006,2000s,Liderazgo,Bancas parlamentarias femeninas,SG.GEN.PARL.ZS,% de bancas,15.2,False
Nicaragua,NIC,Centroamérica y México,2007,2000s,Liderazgo,Bancas parlamentarias femeninas,SG.GEN.PARL.ZS,% de bancas,18.5,False
Nicaragua,NIC,Centroamérica y México,2008,2000s,Liderazgo,Bancas parlamentarias femeninas,SG.GEN.PARL.ZS,% de bancas,18.5,False
Nicaragua,NIC,Centroamérica y México,2009,2000s,Liderazgo,Bancas parlamentarias femeninas,SG.GEN.PARL.ZS,% de bancas,20.7,False
Nicaragua,NIC,Centroamérica y México,2010,2010s,Liderazgo,Bancas parlamentarias femeninas,SG.GEN.PARL.ZS,% de bancas,20.7,False
Nicaragua,NIC,Centroamérica y México,2011,2010s,Liderazgo,Bancas parlamentarias femeninas,SG.GEN.PARL.ZS,% de bancas,40.2,True
Nicaragua,NIC,Centroamérica y México,2012,2010s,Liderazgo,Bancas parlamentarias femeninas,SG.GEN.PARL.ZS,% de bancas,40.2,True
Nicaragua,NIC,Centroamérica y México,2013,2010s,Liderazgo,Bancas parlamentarias femeninas,SG.GEN.PARL.ZS,% de bancas,40.2,True
Nicaragua,NIC,Centroamérica y México,2014,2010s,Liderazgo,Bancas parlamentarias femeninas,SG.GEN.PARL.ZS,% de bancas,42.4,True
Nicaragua,NIC,Centroamérica y México,1991,1990s,Calidad del empleo,Desempleo femenino,SL.UEM.TOTL.FE.ZS,% de la PEA femenina,4.7,False
Nicaragua,NIC,Centroamérica y México,1992,1990s,Calidad del empleo,Desempleo femenino,SL.UEM.TOTL.FE.ZS,% de la PEA femenina,4.7,False
Nicaragua,NIC,Centroamérica y México,1993,1990s,Calidad del empleo,Desempleo femenino,SL.UEM.TOTL.FE.ZS,% de la PEA femenina,4.6,False
Nicaragua,NIC,Centroamérica y México,1994,1990s,Calidad del empleo,Desempleo femenino,SL.UEM.TOTL.FE.ZS,% de la PEA femenina,3.9,False
Nicaragua,NIC,Centroamérica y México,1995,1990s,Calidad del empleo,Desempleo femenino,SL.UEM.TOTL.FE.ZS,% de la PEA femenina,5.3,False
Nicaragua,NIC,Centroamérica y México,1996,1990s,Calidad del empleo,Desempleo femenino,SL.UEM.TOTL.FE.ZS,% de la PEA femenina,4.6,False
Nicaragua,NIC,Centroamérica y México,1997,1990s,Calidad del empleo,Desempleo femenino,SL.UEM.TOTL.FE.ZS,% de la PEA femenina,4.0,False
Nicaragua,NIC,Centroamérica y México,1998,1990s,Calidad del empleo,Desempleo femenino,SL.UEM.TOTL.FE.ZS,% de la PEA femenina,4.5,False
Nicaragua,NIC,Centroamérica y México,1999,1990s,Calidad del empleo,Desempleo femenino,SL.UEM.TOTL.FE.ZS,% de la PEA femenina,4.0,False
Nicaragua,NIC,Centroamérica y México,2000,2000s,Calidad del empleo,Desempleo femenino,SL.UEM.TOTL.FE.ZS,% de la PEA femenina,3.7,False
Nicaragua,NIC,Centroamérica y México,2001,2000s,Calidad del empleo,Desempleo femenino,SL.UEM.TOTL.FE.ZS,% de la PEA femenina,4.1,False
Nicaragua,NIC,Centroamérica y México,2002,2000s,Calidad del empleo,Desempleo femenino,SL.UEM.TOTL.FE.ZS,% de la PEA femenina,4.4,False
Nicaragua,NIC,Centroamérica y México,2003,2000s,Calidad del empleo,Desempleo femenino,SL.UEM.TOTL.FE.ZS,% de la PEA femenina,8.2,False
Nicaragua,NIC,Centroamérica y México,2004,2000s,Calidad del empleo,Desempleo femenino,SL.UEM.TOTL.FE.ZS,% de la PEA femenina,6.8,False
Nicaragua,NIC,Centroamérica y México,2005,2000s,Calidad del empleo,Desempleo femenino,SL.UEM.TOTL.FE.ZS,% de la PEA femenina,5.6,False
Nicaragua,NIC,Centroamérica y México,2006,2000s,Calidad del empleo,Desempleo femenino,SL.UEM.TOTL.FE.ZS,% de la PEA femenina,5.0,False
Nicaragua,NIC,Centroamérica y México,2007,2000s,Calidad del empleo,Desempleo femenino,SL.UEM.TOTL.FE.ZS,% de la PEA femenina,5.3,False
Nicaragua,NIC,Centroamérica y México,2008,2000s,Calidad del empleo,Desempleo femenino,SL.UEM.TOTL.FE.ZS,% de la PEA femenina,7.0,False
Nicaragua,NIC,Centroamérica y México,2009,2000s,Calidad del empleo,Desempleo femenino,SL.UEM.TOTL.FE.ZS,% de la PEA femenina,7.8,False
Nicaragua,NIC,Centroamérica y México,2010,2010s,Calidad del empleo,Desempleo femenino,SL.UEM.TOTL.FE.ZS,% de la PEA femenina,8.8,False
Nicaragua,NIC,Centroamérica y México,2011,2010s,Calidad del empleo,Desempleo femenino,SL.UEM.TOTL.FE.ZS,% de la PEA femenina,8.1,False
Nicaragua,NIC,Centroamérica y México,2012,2010s,Calidad del empleo,Desempleo femenino,SL.UEM.TOTL.FE.ZS,% de la PEA femenina,7.4,False
Nicaragua,NIC,Centroamérica y México,2013,2010s,Calidad del empleo,Desempleo femenino,SL.UEM.TOTL.FE.ZS,% de la PEA femenina,5.4,False
Nicaragua,NIC,Centroamérica y México,2014,2010s,Calidad del empleo,Desempleo femenino,SL.UEM.TOTL.FE.ZS,% de la PEA femenina,5.3,False
Nicaragua,NIC,Centroamérica y México,1993,1990s,Calidad del empleo,Empleadoras,SL.EMP.MPYR.FE.ZS,% del empleo femenino,1.8,False
Nicaragua,NIC,Centroamérica y México,1995,1990s,Calidad del empleo,Empleadoras,SL.EMP.MPYR.FE.ZS,% del empleo femenino,0.7,False
Nicaragua,NIC,Centroamérica y México,1996,1990s,Calidad del empleo,Empleadoras,SL.EMP.MPYR.FE.ZS,% del empleo femenino,0.8,False
Nicaragua,NIC,Centroamérica y México,1997,1990s,Calidad del empleo,Empleadoras,SL.EMP.MPYR.FE.ZS,% del empleo femenino,1.1,False
Nicaragua,NIC,Centroamérica y México,1998,1990s,Calidad del empleo,Empleadoras,SL.EMP.MPYR.FE.ZS,% del empleo femenino,1.6,False
Nicaragua,NIC,Centroamérica y México,1999,1990s,Calidad del empleo,Empleadoras,SL.EMP.MPYR.FE.ZS,% del empleo femenino,1.4,False
Nicaragua,NIC,Centroamérica y México,2000,2000s,Calidad del empleo,Empleadoras,SL.EMP.MPYR.FE.ZS,% del empleo femenino,1.1,False
Nicaragua,NIC,Centroamérica y México,2003,2000s,Calidad del empleo,Empleadoras,SL.EMP.MPYR.FE.ZS,% del empleo femenino,2.4,False
Nicaragua,NIC,Centroamérica y México,2004,2000s,Calidad del empleo,Empleadoras,SL.EMP.MPYR.FE.ZS,% del empleo femenino,2.1,False
Nicaragua,NIC,Centroamérica y México,2005,2000s,Calidad del empleo,Empleadoras,SL.EMP.MPYR.FE.ZS,% del empleo femenino,2.5,False
Nicaragua,NIC,Centroamérica y México,2006,2000s,Calidad del empleo,Empleadoras,SL.EMP.MPYR.FE.ZS,% del empleo femenino,2.5,False
Nicaragua,NIC,Centroamérica y México,2007,2000s,Calidad del empleo,Empleadoras,SL.EMP.MPYR.FE.ZS,% del empleo femenino,2.3,False
Nicaragua,NIC,Centroamérica y México,2008,2000s,Calidad del empleo,Empleadoras,SL.EMP.MPYR.FE.ZS,% del empleo femenino,2.2,False
Nicaragua,NIC,Centroamérica y México,2010,2010s,Calidad del empleo,Empleadoras,SL.EMP.MPYR.FE.ZS,% del empleo femenino,2.8,False
Nicaragua,NIC,Centroamérica y México,2003,2000s,Estructura sectorial,Empleo femenino en agricultura,SL.AGR.EMPL.FE.ZS,% del empleo femenino,10.4,False
Nicaragua,NIC,Centroamérica y México,2004,2000s,Estructura sectorial,Empleo femenino en agricultura,SL.AGR.EMPL.FE.ZS,% del empleo femenino,10.6,False
Nicaragua,NIC,Centroamérica y México,2005,2000s,Estructura sectorial,Empleo femenino en agricultura,SL.AGR.EMPL.FE.ZS,% del empleo femenino,8.3,False
Nicaragua,NIC,Centroamérica y México,2006,2000s,Estructura sectorial,Empleo femenino en agricultura,SL.AGR.EMPL.FE.ZS,% del empleo femenino,8.4,False
Nicaragua,NIC,Centroamérica y México,2007,2000s,Estructura sectorial,Empleo femenino en agricultura,SL.AGR.EMPL.FE.ZS,% del empleo femenino,8.4,False
Nicaragua,NIC,Centroamérica y México,2008,2000s,Estructura sectorial,Empleo femenino en agricultura,SL.AGR.EMPL.FE.ZS,% del empleo femenino,6.2,False
Nicaragua,NIC,Centroamérica y México,2003,2000s,Estructura sectorial,Empleo femenino en servicios,SL.SRV.EMPL.FE.ZS,% del empleo femenino,72.3,False
Nicaragua,NIC,Centroamérica y México,2004,2000s,Estructura sectorial,Empleo femenino en servicios,SL.SRV.EMPL.FE.ZS,% del empleo femenino,72.8,False
Nicaragua,NIC,Centroamérica y México,2005,2000s,Estructura sectorial,Empleo femenino en servicios,SL.SRV.EMPL.FE.ZS,% del empleo femenino,72.6,False
Nicaragua,NIC,Centroamérica y México,2006,2000s,Estructura sectorial,Empleo femenino en servicios,SL.SRV.EMPL.FE.ZS,% del empleo femenino,73.8,False
Nicaragua,NIC,Centroamérica y México,2007,2000s,Estructura sectorial,Empleo femenino en servicios,SL.SRV.EMPL.FE.ZS,% del empleo femenino,71.7,False
Nicaragua,NIC,Centroamérica y México,2008,2000s,Estructura sectorial,Empleo femenino en servicios,SL.SRV.EMPL.FE.ZS,% del empleo femenino,75.0,False
Nicaragua,NIC,Centroamérica y México,1993,1990s,Calidad del empleo,Empleo vulnerable femenino,SL.EMP.VULN.FE.ZS,% del empleo femenino,47.0,False
Nicaragua,NIC,Centroamérica y México,1995,1990s,Calidad del empleo,Empleo vulnerable femenino,SL.EMP.VULN.FE.ZS,% del empleo femenino,42.4,False
Nicaragua,NIC,Centroamérica y México,1996,1990s,Calidad del empleo,Empleo vulnerable femenino,SL.EMP.VULN.FE.ZS,% del empleo femenino,41.4,False
Nicaragua,NIC,Centroamérica y México,1997,1990s,Calidad del empleo,Empleo vulnerable femenino,SL.EMP.VULN.FE.ZS,% del empleo femenino,41.0,False
Nicaragua,NIC,Centroamérica y México,1998,1990s,Calidad del empleo,Empleo vulnerable femenino,SL.EMP.VULN.FE.ZS,% del empleo femenino,42.1,False
Nicaragua,NIC,Centroamérica y México,1999,1990s,Calidad del empleo,Empleo vulnerable femenino,SL.EMP.VULN.FE.ZS,% del empleo femenino,41.2,False
Nicaragua,NIC,Centroamérica y México,2000,2000s,Calidad del empleo,Empleo vulnerable femenino,SL.EMP.VULN.FE.ZS,% del empleo femenino,47.1,False
Nicaragua,NIC,Centroamérica y México,2003,2000s,Calidad del empleo,Empleo vulnerable femenino,SL.EMP.VULN.FE.ZS,% del empleo femenino,49.2,False
Nicaragua,NIC,Centroamérica y México,2004,2000s,Calidad del empleo,Empleo vulnerable femenino,SL.EMP.VULN.FE.ZS,% del empleo femenino,47.2,False
Nicaragua,NIC,Centroamérica y México,2005,2000s,Calidad del empleo,Empleo vulnerable femenino,SL.EMP.VULN.FE.ZS,% del empleo femenino,46.8,False
Nicaragua,NIC,Centroamérica y México,2006,2000s,Calidad del empleo,Empleo vulnerable femenino,SL.EMP.VULN.FE.ZS,% del empleo femenino,45.7,False
Nicaragua,NIC,Centroamérica y México,2007,2000s,Calidad del empleo,Empleo vulnerable femenino,SL.EMP.VULN.FE.ZS,% del empleo femenino,44.6,False
Nicaragua,NIC,Centroamérica y México,2008,2000s,Calidad del empleo,Empleo vulnerable femenino,SL.EMP.VULN.FE.ZS,% del empleo femenino,45.8,False
Nicaragua,NIC,Centroamérica y México,2010,2010s,Calidad del empleo,Empleo vulnerable femenino,SL.EMP.VULN.FE.ZS,% del empleo femenino,55.7,False
Nicaragua,NIC,Centroamérica y México,2010,2010s,Liderazgo empresarial,Firmas con gerenta mujer,IC.FRM.FEMM.ZS,% de firmas,32.3,False
Nicaragua,NIC,Centroamérica y México,2006,2000s,Liderazgo empresarial,Firmas con propiedad femenina,IC.FRM.FEMO.ZS,% de firmas,41.4,False
Nicaragua,NIC,Centroamérica y México,2010,2010s,Liderazgo empresarial,Firmas con propiedad femenina,IC.FRM.FEMO.ZS,% de firmas,61.9,False
Nicaragua,NIC,Centroamérica y México,2003,2000s,Liderazgo,Mujeres en puestos directivos,SG.GEN.LSOM.ZS,% del total de directivos,40.18,False
Nicaragua,NIC,Centroamérica y México,2004,2000s,Liderazgo,Mujeres en puestos directivos,SG.GEN.LSOM.ZS,% del total de directivos,38.53,False
Nicaragua,NIC,Centroamérica y México,2005,2000s,Liderazgo,Mujeres en puestos directivos,SG.GEN.LSOM.ZS,% del total de directivos,40.34,False
Nicaragua,NIC,Centroamérica y México,2006,2000s,Liderazgo,Mujeres en puestos directivos,SG.GEN.LSOM.ZS,% del total de directivos,40.99,False
Nicaragua,NIC,Centroamérica y México,1990,1990s,Contexto,PBI per cápita,NY.GDP.PCAP.CD,USD corrientes,243.56,False
Nicaragua,NIC,Centroamérica y México,1991,1990s,Contexto,PBI per cápita,NY.GDP.PCAP.CD,USD corrientes,351.4,False
Nicaragua,NIC,Centroamérica y México,1992,1990s,Contexto,PBI per cápita,NY.GDP.PCAP.CD,USD corrientes,413.92,False
Nicaragua,NIC,Centroamérica y México,1993,1990s,Contexto,PBI per cápita,NY.GDP.PCAP.CD,USD corrientes,396.8,False
Nicaragua,NIC,Centroamérica y México,1994,1990s,Contexto,PBI per cápita,NY.GDP.PCAP.CD,USD corrientes,854.55,False
Nicaragua,NIC,Centroamérica y México,1995,1990s,Contexto,PBI per cápita,NY.GDP.PCAP.CD,USD corrientes,897.72,False
Nicaragua,NIC,Centroamérica y México,1996,1990s,Contexto,PBI per cápita,NY.GDP.PCAP.CD,USD corrientes,916.52,False
Nicaragua,NIC,Centroamérica y México,1997,1990s,Contexto,PBI per cápita,NY.GDP.PCAP.CD,USD corrientes,917.13,False
Nicaragua,NIC,Centroamérica y México,1998,1990s,Contexto,PBI per cápita,NY.GDP.PCAP.CD,USD corrientes,951.87,False
Nicaragua,NIC,Centroamérica y México,1999,1990s,Contexto,PBI per cápita,NY.GDP.PCAP.CD,USD corrientes,981.02,False
Nicaragua,NIC,Centroamérica y México,2000,2000s,Contexto,PBI per cápita,NY.GDP.PCAP.CD,USD corrientes,1016.02,False
Nicaragua,NIC,Centroamérica y México,2001,2000s,Contexto,PBI per cápita,NY.GDP.PCAP.CD,USD corrientes,1043.6,False
Nicaragua,NIC,Centroamérica y México,2002,2000s,Contexto,PBI per cápita,NY.GDP.PCAP.CD,USD corrientes,1010.15,False
Nicaragua,NIC,Centroamérica y México,2003,2000s,Contexto,PBI per cápita,NY.GDP.PCAP.CD,USD corrientes,1015.57,False
Nicaragua,NIC,Centroamérica y México,2004,2000s,Contexto,PBI per cápita,NY.GDP.PCAP.CD,USD corrientes,1091.51,False
Nicaragua,NIC,Centroamérica y México,2005,2000s,Contexto,PBI per cápita,NY.GDP.PCAP.CD,USD corrientes,1175.12,False
Nicaragua,NIC,Centroamérica y México,2006,2000s,Contexto,PBI per cápita,NY.GDP.PCAP.CD,USD corrientes,1245.14,False
Nicaragua,NIC,Centroamérica y México,2007,2000s,Contexto,PBI per cápita,NY.GDP.PCAP.CD,USD corrientes,1350.59,False
Nicaragua,NIC,Centroamérica y México,2008,2000s,Contexto,PBI per cápita,NY.GDP.PCAP.CD,USD corrientes,1517.8,False
Nicaragua,NIC,Centroamérica y México,2009,2000s,Contexto,PBI per cápita,NY.GDP.PCAP.CD,USD corrientes,1478.97,False
Nicaragua,NIC,Centroamérica y México,2010,2010s,Contexto,PBI per cápita,NY.GDP.PCAP.CD,USD corrientes,1523.48,False
Nicaragua,NIC,Centroamérica y México,2011,2010s,Contexto,PBI per cápita,NY.GDP.PCAP.CD,USD corrientes,1679.75,False
Nicaragua,NIC,Centroamérica y México,2012,2010s,Contexto,PBI per cápita,NY.GDP.PCAP.CD,USD corrientes,1776.21,False
Nicaragua,NIC,Centroamérica y México,2013,2010s,Contexto,PBI per cápita,NY.GDP.PCAP.CD,USD corrientes,1829.02,False
Nicaragua,NIC,Centroamérica y México,2014,2010s,Contexto,PBI per cápita,NY.GDP.PCAP.CD,USD corrientes,1960.49,False
Nicaragua,NIC,Centroamérica y México,1990,1990s,Participación,Participación laboral femenina,SL.TLF.CACT.FE.ZS,% de mujeres 15+,35.0,False
Nicaragua,NIC,Centroamérica y México,1991,1990s,Participación,Participación laboral femenina,SL.TLF.CACT.FE.ZS,% de mujeres 15+,34.6,False
Nicaragua,NIC,Centroamérica y México,1992,1990s,Participación,Participación laboral femenina,SL.TLF.CACT.FE.ZS,% de mujeres 15+,34.3,False
Nicaragua,NIC,Centroamérica y México,1993,1990s,Participación,Participación laboral femenina,SL.TLF.CACT.FE.ZS,% de mujeres 15+,34.0,False
Nicaragua,NIC,Centroamérica y México,1994,1990s,Participación,Participación laboral femenina,SL.TLF.CACT.FE.ZS,% de mujeres 15+,33.7,False
Nicaragua,NIC,Centroamérica y México,1995,1990s,Participación,Participación laboral femenina,SL.TLF.CACT.FE.ZS,% de mujeres 15+,33.4,False
Nicaragua,NIC,Centroamérica y México,1996,1990s,Participación,Participación laboral femenina,SL.TLF.CACT.FE.ZS,% de mujeres 15+,34.3,False
Nicaragua,NIC,Centroamérica y México,1997,1990s,Participación,Participación laboral femenina,SL.TLF.CACT.FE.ZS,% de mujeres 15+,35.2,False
Nicaragua,NIC,Centroamérica y México,1998,1990s,Participación,Participación laboral femenina,SL.TLF.CACT.FE.ZS,% de mujeres 15+,36.2,False
Nicaragua,NIC,Centroamérica y México,1999,1990s,Participación,Participación laboral femenina,SL.TLF.CACT.FE.ZS,% de mujeres 15+,37.2,False
Nicaragua,NIC,Centroamérica y México,2000,2000s,Participación,Participación laboral femenina,SL.TLF.CACT.FE.ZS,% de mujeres 15+,38.2,False
Nicaragua,NIC,Centroamérica y México,2001,2000s,Participación,Participación laboral femenina,SL.TLF.CACT.FE.ZS,% de mujeres 15+,39.2,False
Nicaragua,NIC,Centroamérica y México,2002,2000s,Participación,Participación laboral femenina,SL.TLF.CACT.FE.ZS,% de mujeres 15+,40.3,False
Nicaragua,NIC,Centroamérica y México,2003,2000s,Participación,Participación laboral femenina,SL.TLF.CACT.FE.ZS,% de mujeres 15+,41.3,False
Nicaragua,NIC,Centroamérica y México,2004,2000s,Participación,Participación laboral femenina,SL.TLF.CACT.FE.ZS,% de mujeres 15+,42.4,False
Nicaragua,NIC,Centroamérica y México,2005,2000s,Participación,Participación laboral femenina,SL.TLF.CACT.FE.ZS,% de mujeres 15+,43.5,False
Nicaragua,NIC,Centroamérica y México,2006,2000s,Participación,Participación laboral femenina,SL.TLF.CACT.FE.ZS,% de mujeres 15+,44.6,False
Nicaragua,NIC,Centroamérica y México,2007,2000s,Participación,Participación laboral femenina,SL.TLF.CACT.FE.ZS,% de mujeres 15+,45.0,False
Nicaragua,NIC,Centroamérica y México,2008,2000s,Participación,Participación laboral femenina,SL.TLF.CACT.FE.ZS,% de mujeres 15+,45.4,False
Nicaragua,NIC,Centroamérica y México,2009,2000s,Participación,Participación laboral femenina,SL.TLF.CACT.FE.ZS,% de mujeres 15+,45.8,False
Nicaragua,NIC,Centroamérica y México,2010,2010s,Participación,Participación laboral femenina,SL.TLF.CACT.FE.ZS,% de mujeres 15+,46.2,False
Nicaragua,NIC,Centroamérica y México,2011,2010s,Participación,Participación laboral femenina,SL.TLF.CACT.FE.ZS,% de mujeres 15+,46.6,False
Nicaragua,NIC,Centroamérica y México,2012,2010s,Participación,Participación laboral femenina,SL.TLF.CACT.FE.ZS,% de mujeres 15+,47.0,False
Nicaragua,NIC,Centroamérica y México,2013,2010s,Participación,Participación laboral femenina,SL.TLF.CACT.FE.ZS,% de mujeres 15+,47.4,False
Nicaragua,NIC,Centroamérica y México,2014,2010s,Participación,Participación laboral femenina,SL.TLF.CACT.FE.ZS,% de mujeres 15+,47.7,False
Nicaragua,NIC,Centroamérica y México,1990,1990s,Participación,Participación laboral masculina,SL.TLF.CACT.MA.ZS,% de varones 15+,83.1,False
Nicaragua,NIC,Centroamérica y México,1991,1990s,Participación,Participación laboral masculina,SL.TLF.CACT.MA.ZS,% de varones 15+,83.4,False
Nicaragua,NIC,Centroamérica y México,1992,1990s,Participación,Participación laboral masculina,SL.TLF.CACT.MA.ZS,% de varones 15+,83.8,False
Nicaragua,NIC,Centroamérica y México,1993,1990s,Participación,Participación laboral masculina,SL.TLF.CACT.MA.ZS,% de varones 15+,84.1,False
Nicaragua,NIC,Centroamérica y México,1994,1990s,Participación,Participación laboral masculina,SL.TLF.CACT.MA.ZS,% de varones 15+,84.4,False
Nicaragua,NIC,Centroamérica y México,1995,1990s,Participación,Participación laboral masculina,SL.TLF.CACT.MA.ZS,% de varones 15+,84.7,False
Nicaragua,NIC,Centroamérica y México,1996,1990s,Participación,Participación laboral masculina,SL.TLF.CACT.MA.ZS,% de varones 15+,84.3,False
Nicaragua,NIC,Centroamérica y México,1997,1990s,Participación,Participación laboral masculina,SL.TLF.CACT.MA.ZS,% de varones 15+,83.8,False
Nicaragua,NIC,Centroamérica y México,1998,1990s,Participación,Participación laboral masculina,SL.TLF.CACT.MA.ZS,% de varones 15+,83.4,False
Nicaragua,NIC,Centroamérica y México,1999,1990s,Participación,Participación laboral masculina,SL.TLF.CACT.MA.ZS,% de varones 15+,82.9,False
Nicaragua,NIC,Centroamérica y México,2000,2000s,Participación,Participación laboral masculina,SL.TLF.CACT.MA.ZS,% de varones 15+,82.5,False
Nicaragua,NIC,Centroamérica y México,2001,2000s,Participación,Participación laboral masculina,SL.TLF.CACT.MA.ZS,% de varones 15+,82.1,False
Nicaragua,NIC,Centroamérica y México,2002,2000s,Participación,Participación laboral masculina,SL.TLF.CACT.MA.ZS,% de varones 15+,81.7,False
Nicaragua,NIC,Centroamérica y México,2003,2000s,Participación,Participación laboral masculina,SL.TLF.CACT.MA.ZS,% de varones 15+,81.3,False
Nicaragua,NIC,Centroamérica y México,2004,2000s,Participación,Participación laboral masculina,SL.TLF.CACT.MA.ZS,% de varones 15+,80.9,False
Nicaragua,NIC,Centroamérica y México,2005,2000s,Participación,Participación laboral masculina,SL.TLF.CACT.MA.ZS,% de varones 15+,80.5,False
Nicaragua,NIC,Centroamérica y México,2006,2000s,Participación,Participación laboral masculina,SL.TLF.CACT.MA.ZS,% de varones 15+,80.0,False
Nicaragua,NIC,Centroamérica y México,2007,2000s,Participación,Participación laboral masculina,SL.TLF.CACT.MA.ZS,% de varones 15+,80.0,False
Nicaragua,NIC,Centroamérica y México,2008,2000s,Participación,Participación laboral masculina,SL.TLF.CACT.MA.ZS,% de varones 15+,79.9,False
Nicaragua,NIC,Centroamérica y México,2009,2000s,Participación,Participación laboral masculina,SL.TLF.CACT.MA.ZS,% de varones 15+,79.9,False
Nicaragua,NIC,Centroamérica y México,2010,2010s,Participación,Participación laboral masculina,SL.TLF.CACT.MA.ZS,% de varones 15+,80.0,False
Nicaragua,NIC,Centroamérica y México,2011,2010s,Participación,Participación laboral masculina,SL.TLF.CACT.MA.ZS,% de varones 15+,80.0,False
Nicaragua,NIC,Centroamérica y México,2012,2010s,Participación,Participación laboral masculina,SL.TLF.CACT.MA.ZS,% de varones 15+,80.1,False
Nicaragua,NIC,Centroamérica y México,2013,2010s,Participación,Participación laboral masculina,SL.TLF.CACT.MA.ZS,% de varones 15+,80.3,False
Nicaragua,NIC,Centroamérica y México,2014,2010s,Participación,Participación laboral masculina,SL.TLF.CACT.MA.ZS,% de varones 15+,80.4,False
Nicaragua,NIC,Centroamérica y México,1990,1990s,Participación,Ratio participación mujer/varón,SL.TLF.CACT.FM.ZS,% (mujer/varón),42.12,False
Nicaragua,NIC,Centroamérica y México,1991,1990s,Participación,Ratio participación mujer/varón,SL.TLF.CACT.FM.ZS,% (mujer/varón),41.49,False
Nicaragua,NIC,Centroamérica y México,1992,1990s,Participación,Ratio participación mujer/varón,SL.TLF.CACT.FM.ZS,% (mujer/varón),40.93,False
Nicaragua,NIC,Centroamérica y México,1993,1990s,Participación,Ratio participación mujer/varón,SL.TLF.CACT.FM.ZS,% (mujer/varón),40.43,False
Nicaragua,NIC,Centroamérica y México,1994,1990s,Participación,Ratio participación mujer/varón,SL.TLF.CACT.FM.ZS,% (mujer/varón),39.93,False
Nicaragua,NIC,Centroamérica y México,1995,1990s,Participación,Ratio participación mujer/varón,SL.TLF.CACT.FM.ZS,% (mujer/varón),39.43,False
Nicaragua,NIC,Centroamérica y México,1996,1990s,Participación,Ratio participación mujer/varón,SL.TLF.CACT.FM.ZS,% (mujer/varón),40.69,False
Nicaragua,NIC,Centroamérica y México,1997,1990s,Participación,Ratio participación mujer/varón,SL.TLF.CACT.FM.ZS,% (mujer/varón),42.0,False
Nicaragua,NIC,Centroamérica y México,1998,1990s,Participación,Ratio participación mujer/varón,SL.TLF.CACT.FM.ZS,% (mujer/varón),43.41,False
Nicaragua,NIC,Centroamérica y México,1999,1990s,Participación,Ratio participación mujer/varón,SL.TLF.CACT.FM.ZS,% (mujer/varón),44.87,False
Nicaragua,NIC,Centroamérica y México,2000,2000s,Participación,Ratio participación mujer/varón,SL.TLF.CACT.FM.ZS,% (mujer/varón),46.3,False
Nicaragua,NIC,Centroamérica y México,2001,2000s,Participación,Ratio participación mujer/varón,SL.TLF.CACT.FM.ZS,% (mujer/varón),47.75,False
Nicaragua,NIC,Centroamérica y México,2002,2000s,Participación,Ratio participación mujer/varón,SL.TLF.CACT.FM.ZS,% (mujer/varón),49.33,False
Nicaragua,NIC,Centroamérica y México,2003,2000s,Participación,Ratio participación mujer/varón,SL.TLF.CACT.FM.ZS,% (mujer/varón),50.8,False
Nicaragua,NIC,Centroamérica y México,2004,2000s,Participación,Ratio participación mujer/varón,SL.TLF.CACT.FM.ZS,% (mujer/varón),52.41,False
Nicaragua,NIC,Centroamérica y México,2005,2000s,Participación,Ratio participación mujer/varón,SL.TLF.CACT.FM.ZS,% (mujer/varón),54.04,False
Nicaragua,NIC,Centroamérica y México,2006,2000s,Participación,Ratio participación mujer/varón,SL.TLF.CACT.FM.ZS,% (mujer/varón),55.75,False
Nicaragua,NIC,Centroamérica y México,2007,2000s,Participación,Ratio participación mujer/varón,SL.TLF.CACT.FM.ZS,% (mujer/varón),56.25,False
Nicaragua,NIC,Centroamérica y México,2008,2000s,Participación,Ratio participación mujer/varón,SL.TLF.CACT.FM.ZS,% (mujer/varón),56.82,False
Nicaragua,NIC,Centroamérica y México,2009,2000s,Participación,Ratio participación mujer/varón,SL.TLF.CACT.FM.ZS,% (mujer/varón),57.32,False
Nicaragua,NIC,Centroamérica y México,2010,2010s,Participación,Ratio participación mujer/varón,SL.TLF.CACT.FM.ZS,% (mujer/varón),57.75,False
Nicaragua,NIC,Centroamérica y México,2011,2010s,Participación,Ratio participación mujer/varón,SL.TLF.CACT.FM.ZS,% (mujer/varón),58.25,False
Nicaragua,NIC,Centroamérica y México,2012,2010s,Participación,Ratio participación mujer/varón,SL.TLF.CACT.FM.ZS,% (mujer/varón),58.68,False
Nicaragua,NIC,Centroamérica y México,2013,2010s,Participación,Ratio participación mujer/varón,SL.TLF.CACT.FM.ZS,% (mujer/varón),59.03,False
Nicaragua,NIC,Centroamérica y México,2014,2010s,Participación,Ratio participación mujer/varón,SL.TLF.CACT.FM.ZS,% (mujer/varón),59.33,False
Panamá,PAN,Centroamérica y México,1992,1990s,Calidad del empleo,Asalariadas,SL.EMP.WORK.FE.ZS,% del empleo femenino,83.5,False
Panamá,PAN,Centroamérica y México,1993,1990s,Calidad del empleo,Asalariadas,SL.EMP.WORK.FE.ZS,% del empleo femenino,84.0,False
Panamá,PAN,Centroamérica y México,1994,1990s,Calidad del empleo,Asalariadas,SL.EMP.WORK.FE.ZS,% del empleo femenino,83.0,False
Panamá,PAN,Centroamérica y México,1995,1990s,Calidad del empleo,Asalariadas,SL.EMP.WORK.FE.ZS,% del empleo femenino,80.4,False
Panamá,PAN,Centroamérica y México,1996,1990s,Calidad del empleo,Asalariadas,SL.EMP.WORK.FE.ZS,% del empleo femenino,79.9,False
Panamá,PAN,Centroamérica y México,1997,1990s,Calidad del empleo,Asalariadas,SL.EMP.WORK.FE.ZS,% del empleo femenino,79.0,False
Panamá,PAN,Centroamérica y México,1998,1990s,Calidad del empleo,Asalariadas,SL.EMP.WORK.FE.ZS,% del empleo femenino,77.3,False
Panamá,PAN,Centroamérica y México,1999,1990s,Calidad del empleo,Asalariadas,SL.EMP.WORK.FE.ZS,% del empleo femenino,77.0,False
Panamá,PAN,Centroamérica y México,2000,2000s,Calidad del empleo,Asalariadas,SL.EMP.WORK.FE.ZS,% del empleo femenino,79.3,False
Panamá,PAN,Centroamérica y México,2001,2000s,Calidad del empleo,Asalariadas,SL.EMP.WORK.FE.ZS,% del empleo femenino,79.3,False
Panamá,PAN,Centroamérica y México,2002,2000s,Calidad del empleo,Asalariadas,SL.EMP.WORK.FE.ZS,% del empleo femenino,75.2,False
Panamá,PAN,Centroamérica y México,2003,2000s,Calidad del empleo,Asalariadas,SL.EMP.WORK.FE.ZS,% del empleo femenino,74.9,False
Panamá,PAN,Centroamérica y México,2004,2000s,Calidad del empleo,Asalariadas,SL.EMP.WORK.FE.ZS,% del empleo femenino,74.8,False
Panamá,PAN,Centroamérica y México,2005,2000s,Calidad del empleo,Asalariadas,SL.EMP.WORK.FE.ZS,% del empleo femenino,71.9,False
Panamá,PAN,Centroamérica y México,2006,2000s,Calidad del empleo,Asalariadas,SL.EMP.WORK.FE.ZS,% del empleo femenino,72.4,False
Panamá,PAN,Centroamérica y México,2007,2000s,Calidad del empleo,Asalariadas,SL.EMP.WORK.FE.ZS,% del empleo femenino,74.6,False
Panamá,PAN,Centroamérica y México,2008,2000s,Calidad del empleo,Asalariadas,SL.EMP.WORK.FE.ZS,% del empleo femenino,73.1,False
Panamá,PAN,Centroamérica y México,2009,2000s,Calidad del empleo,Asalariadas,SL.EMP.WORK.FE.ZS,% del empleo femenino,67.0,False
Panamá,PAN,Centroamérica y México,2010,2010s,Calidad del empleo,Asalariadas,SL.EMP.WORK.FE.ZS,% del empleo femenino,69.8,False
Panamá,PAN,Centroamérica y México,2011,2010s,Calidad del empleo,Asalariadas,SL.EMP.WORK.FE.ZS,% del empleo femenino,73.9,False
Panamá,PAN,Centroamérica y México,2012,2010s,Calidad del empleo,Asalariadas,SL.EMP.WORK.FE.ZS,% del empleo femenino,71.3,False
Panamá,PAN,Centroamérica y México,2013,2010s,Calidad del empleo,Asalariadas,SL.EMP.WORK.FE.ZS,% del empleo femenino,70.5,False
Panamá,PAN,Centroamérica y México,2014,2010s,Calidad del empleo,Asalariadas,SL.EMP.WORK.FE.ZS,% del empleo femenino,70.7,False
Panamá,PAN,Centroamérica y México,1990,1990s,Liderazgo,Bancas parlamentarias femeninas,SG.GEN.PARL.ZS,% de bancas,7.5,False
Panamá,PAN,Centroamérica y México,1997,1990s,Liderazgo,Bancas parlamentarias femeninas,SG.GEN.PARL.ZS,% de bancas,9.7,False
Panamá,PAN,Centroamérica y México,1998,1990s,Liderazgo,Bancas parlamentarias femeninas,SG.GEN.PARL.ZS,% de bancas,9.7,False
Panamá,PAN,Centroamérica y México,2000,2000s,Liderazgo,Bancas parlamentarias femeninas,SG.GEN.PARL.ZS,% de bancas,9.9,False
Panamá,PAN,Centroamérica y México,2001,2000s,Liderazgo,Bancas parlamentarias femeninas,SG.GEN.PARL.ZS,% de bancas,9.9,False
Panamá,PAN,Centroamérica y México,2002,2000s,Liderazgo,Bancas parlamentarias femeninas,SG.GEN.PARL.ZS,% de bancas,9.9,False
Panamá,PAN,Centroamérica y México,2003,2000s,Liderazgo,Bancas parlamentarias femeninas,SG.GEN.PARL.ZS,% de bancas,9.9,False
Panamá,PAN,Centroamérica y México,2004,2000s,Liderazgo,Bancas parlamentarias femeninas,SG.GEN.PARL.ZS,% de bancas,16.7,False
Panamá,PAN,Centroamérica y México,2005,2000s,Liderazgo,Bancas parlamentarias femeninas,SG.GEN.PARL.ZS,% de bancas,16.7,False
Panamá,PAN,Centroamérica y México,2006,2000s,Liderazgo,Bancas parlamentarias femeninas,SG.GEN.PARL.ZS,% de bancas,16.7,False
Panamá,PAN,Centroamérica y México,2007,2000s,Liderazgo,Bancas parlamentarias femeninas,SG.GEN.PARL.ZS,% de bancas,16.7,False
Panamá,PAN,Centroamérica y México,2008,2000s,Liderazgo,Bancas parlamentarias femeninas,SG.GEN.PARL.ZS,% de bancas,16.7,False
Panamá,PAN,Centroamérica y México,2009,2000s,Liderazgo,Bancas parlamentarias femeninas,SG.GEN.PARL.ZS,% de bancas,8.5,False
Panamá,PAN,Centroamérica y México,2010,2010s,Liderazgo,Bancas parlamentarias femeninas,SG.GEN.PARL.ZS,% de bancas,8.5,False
Panamá,PAN,Centroamérica y México,2011,2010s,Liderazgo,Bancas parlamentarias femeninas,SG.GEN.PARL.ZS,% de bancas,8.5,False
Panamá,PAN,Centroamérica y México,2012,2010s,Liderazgo,Bancas parlamentarias femeninas,SG.GEN.PARL.ZS,% de bancas,8.5,False
Panamá,PAN,Centroamérica y México,2013,2010s,Liderazgo,Bancas parlamentarias femeninas,SG.GEN.PARL.ZS,% de bancas,8.5,False
Panamá,PAN,Centroamérica y México,2014,2010s,Liderazgo,Bancas parlamentarias femeninas,SG.GEN.PARL.ZS,% de bancas,19.3,False
Panamá,PAN,Centroamérica y México,1991,1990s,Calidad del empleo,Desempleo femenino,SL.UEM.TOTL.FE.ZS,% de la PEA femenina,22.7,False
Panamá,PAN,Centroamérica y México,1992,1990s,Calidad del empleo,Desempleo femenino,SL.UEM.TOTL.FE.ZS,% de la PEA femenina,21.5,False
Panamá,PAN,Centroamérica y México,1993,1990s,Calidad del empleo,Desempleo femenino,SL.UEM.TOTL.FE.ZS,% de la PEA femenina,20.3,False
Panamá,PAN,Centroamérica y México,1994,1990s,Calidad del empleo,Desempleo femenino,SL.UEM.TOTL.FE.ZS,% de la PEA femenina,20.5,False
Panamá,PAN,Centroamérica y México,1995,1990s,Calidad del empleo,Desempleo femenino,SL.UEM.TOTL.FE.ZS,% de la PEA femenina,20.2,False
Panamá,PAN,Centroamérica y México,1996,1990s,Calidad del empleo,Desempleo femenino,SL.UEM.TOTL.FE.ZS,% de la PEA femenina,20.3,False
Panamá,PAN,Centroamérica y México,1997,1990s,Calidad del empleo,Desempleo femenino,SL.UEM.TOTL.FE.ZS,% de la PEA femenina,18.3,False
Panamá,PAN,Centroamérica y México,1998,1990s,Calidad del empleo,Desempleo femenino,SL.UEM.TOTL.FE.ZS,% de la PEA femenina,20.9,False
Panamá,PAN,Centroamérica y México,1999,1990s,Calidad del empleo,Desempleo femenino,SL.UEM.TOTL.FE.ZS,% de la PEA femenina,17.1,False
Panamá,PAN,Centroamérica y México,2000,2000s,Calidad del empleo,Desempleo femenino,SL.UEM.TOTL.FE.ZS,% de la PEA femenina,17.8,False
Panamá,PAN,Centroamérica y México,2001,2000s,Calidad del empleo,Desempleo femenino,SL.UEM.TOTL.FE.ZS,% de la PEA femenina,18.9,False
Panamá,PAN,Centroamérica y México,2002,2000s,Calidad del empleo,Desempleo femenino,SL.UEM.TOTL.FE.ZS,% de la PEA femenina,18.5,False
Panamá,PAN,Centroamérica y México,2003,2000s,Calidad del empleo,Desempleo femenino,SL.UEM.TOTL.FE.ZS,% de la PEA femenina,18.1,False
Panamá,PAN,Centroamérica y México,2004,2000s,Calidad del empleo,Desempleo femenino,SL.UEM.TOTL.FE.ZS,% de la PEA femenina,16.5,False
Panamá,PAN,Centroamérica y México,2005,2000s,Calidad del empleo,Desempleo femenino,SL.UEM.TOTL.FE.ZS,% de la PEA femenina,13.4,False
Panamá,PAN,Centroamérica y México,2006,2000s,Calidad del empleo,Desempleo femenino,SL.UEM.TOTL.FE.ZS,% de la PEA femenina,11.9,False
Panamá,PAN,Centroamérica y México,2007,2000s,Calidad del empleo,Desempleo femenino,SL.UEM.TOTL.FE.ZS,% de la PEA femenina,8.8,False
Panamá,PAN,Centroamérica y México,2008,2000s,Calidad del empleo,Desempleo femenino,SL.UEM.TOTL.FE.ZS,% de la PEA femenina,7.7,False
Panamá,PAN,Centroamérica y México,2009,2000s,Calidad del empleo,Desempleo femenino,SL.UEM.TOTL.FE.ZS,% de la PEA femenina,9.0,False
Panamá,PAN,Centroamérica y México,2010,2010s,Calidad del empleo,Desempleo femenino,SL.UEM.TOTL.FE.ZS,% de la PEA femenina,8.6,False
Panamá,PAN,Centroamérica y México,2011,2010s,Calidad del empleo,Desempleo femenino,SL.UEM.TOTL.FE.ZS,% de la PEA femenina,5.0,False
Panamá,PAN,Centroamérica y México,2012,2010s,Calidad del empleo,Desempleo femenino,SL.UEM.TOTL.FE.ZS,% de la PEA femenina,5.0,False
Panamá,PAN,Centroamérica y México,2013,2010s,Calidad del empleo,Desempleo femenino,SL.UEM.TOTL.FE.ZS,% de la PEA femenina,5.2,False
Panamá,PAN,Centroamérica y México,2014,2010s,Calidad del empleo,Desempleo femenino,SL.UEM.TOTL.FE.ZS,% de la PEA femenina,5.6,False
Panamá,PAN,Centroamérica y México,1992,1990s,Calidad del empleo,Empleadoras,SL.EMP.MPYR.FE.ZS,% del empleo femenino,1.3,False
Panamá,PAN,Centroamérica y México,1993,1990s,Calidad del empleo,Empleadoras,SL.EMP.MPYR.FE.ZS,% del empleo femenino,1.3,False
Panamá,PAN,Centroamérica y México,1994,1990s,Calidad del empleo,Empleadoras,SL.EMP.MPYR.FE.ZS,% del empleo femenino,1.5,False
Panamá,PAN,Centroamérica y México,1995,1990s,Calidad del empleo,Empleadoras,SL.EMP.MPYR.FE.ZS,% del empleo femenino,1.3,False
Panamá,PAN,Centroamérica y México,1996,1990s,Calidad del empleo,Empleadoras,SL.EMP.MPYR.FE.ZS,% del empleo femenino,1.5,False
Panamá,PAN,Centroamérica y México,1997,1990s,Calidad del empleo,Empleadoras,SL.EMP.MPYR.FE.ZS,% del empleo femenino,1.5,False
Panamá,PAN,Centroamérica y México,1998,1990s,Calidad del empleo,Empleadoras,SL.EMP.MPYR.FE.ZS,% del empleo femenino,1.8,False
Panamá,PAN,Centroamérica y México,1999,1990s,Calidad del empleo,Empleadoras,SL.EMP.MPYR.FE.ZS,% del empleo femenino,1.7,False
Panamá,PAN,Centroamérica y México,2000,2000s,Calidad del empleo,Empleadoras,SL.EMP.MPYR.FE.ZS,% del empleo femenino,1.6,False
Panamá,PAN,Centroamérica y México,2001,2000s,Calidad del empleo,Empleadoras,SL.EMP.MPYR.FE.ZS,% del empleo femenino,1.4,False
Panamá,PAN,Centroamérica y México,2002,2000s,Calidad del empleo,Empleadoras,SL.EMP.MPYR.FE.ZS,% del empleo femenino,1.7,False
Panamá,PAN,Centroamérica y México,2003,2000s,Calidad del empleo,Empleadoras,SL.EMP.MPYR.FE.ZS,% del empleo femenino,1.7,False
Panamá,PAN,Centroamérica y México,2004,2000s,Calidad del empleo,Empleadoras,SL.EMP.MPYR.FE.ZS,% del empleo femenino,1.5,False
Panamá,PAN,Centroamérica y México,2005,2000s,Calidad del empleo,Empleadoras,SL.EMP.MPYR.FE.ZS,% del empleo femenino,1.7,False
Panamá,PAN,Centroamérica y México,2006,2000s,Calidad del empleo,Empleadoras,SL.EMP.MPYR.FE.ZS,% del empleo femenino,1.9,False
Panamá,PAN,Centroamérica y México,2007,2000s,Calidad del empleo,Empleadoras,SL.EMP.MPYR.FE.ZS,% del empleo femenino,1.8,False
Panamá,PAN,Centroamérica y México,2008,2000s,Calidad del empleo,Empleadoras,SL.EMP.MPYR.FE.ZS,% del empleo femenino,2.2,False
Panamá,PAN,Centroamérica y México,2009,2000s,Calidad del empleo,Empleadoras,SL.EMP.MPYR.FE.ZS,% del empleo femenino,1.9,False
Panamá,PAN,Centroamérica y México,2010,2010s,Calidad del empleo,Empleadoras,SL.EMP.MPYR.FE.ZS,% del empleo femenino,2.0,False
Panamá,PAN,Centroamérica y México,2011,2010s,Calidad del empleo,Empleadoras,SL.EMP.MPYR.FE.ZS,% del empleo femenino,2.2,False
Panamá,PAN,Centroamérica y México,2012,2010s,Calidad del empleo,Empleadoras,SL.EMP.MPYR.FE.ZS,% del empleo femenino,1.7,False
Panamá,PAN,Centroamérica y México,2013,2010s,Calidad del empleo,Empleadoras,SL.EMP.MPYR.FE.ZS,% del empleo femenino,1.2,False
Panamá,PAN,Centroamérica y México,2014,2010s,Calidad del empleo,Empleadoras,SL.EMP.MPYR.FE.ZS,% del empleo femenino,1.5,False
Panamá,PAN,Centroamérica y México,1992,1990s,Estructura sectorial,Empleo femenino en agricultura,SL.AGR.EMPL.FE.ZS,% del empleo femenino,3.0,False
Panamá,PAN,Centroamérica y México,1993,1990s,Estructura sectorial,Empleo femenino en agricultura,SL.AGR.EMPL.FE.ZS,% del empleo femenino,3.0,False
Panamá,PAN,Centroamérica y México,1994,1990s,Estructura sectorial,Empleo femenino en agricultura,SL.AGR.EMPL.FE.ZS,% del empleo femenino,2.5,False
Panamá,PAN,Centroamérica y México,1995,1990s,Estructura sectorial,Empleo femenino en agricultura,SL.AGR.EMPL.FE.ZS,% del empleo femenino,3.3,False
Panamá,PAN,Centroamérica y México,1996,1990s,Estructura sectorial,Empleo femenino en agricultura,SL.AGR.EMPL.FE.ZS,% del empleo femenino,2.6,False
Panamá,PAN,Centroamérica y México,1997,1990s,Estructura sectorial,Empleo femenino en agricultura,SL.AGR.EMPL.FE.ZS,% del empleo femenino,2.3,False
Panamá,PAN,Centroamérica y México,1998,1990s,Estructura sectorial,Empleo femenino en agricultura,SL.AGR.EMPL.FE.ZS,% del empleo femenino,1.9,False
Panamá,PAN,Centroamérica y México,1999,1990s,Estructura sectorial,Empleo femenino en agricultura,SL.AGR.EMPL.FE.ZS,% del empleo femenino,1.9,False
Panamá,PAN,Centroamérica y México,2000,2000s,Estructura sectorial,Empleo femenino en agricultura,SL.AGR.EMPL.FE.ZS,% del empleo femenino,1.7,False
Panamá,PAN,Centroamérica y México,2001,2000s,Estructura sectorial,Empleo femenino en agricultura,SL.AGR.EMPL.FE.ZS,% del empleo femenino,3.0,False
Panamá,PAN,Centroamérica y México,2002,2000s,Estructura sectorial,Empleo femenino en agricultura,SL.AGR.EMPL.FE.ZS,% del empleo femenino,3.0,False
Panamá,PAN,Centroamérica y México,2003,2000s,Estructura sectorial,Empleo femenino en agricultura,SL.AGR.EMPL.FE.ZS,% del empleo femenino,3.7,False
Panamá,PAN,Centroamérica y México,2004,2000s,Estructura sectorial,Empleo femenino en agricultura,SL.AGR.EMPL.FE.ZS,% del empleo femenino,3.0,False
Panamá,PAN,Centroamérica y México,2005,2000s,Estructura sectorial,Empleo femenino en agricultura,SL.AGR.EMPL.FE.ZS,% del empleo femenino,4.3,False
Panamá,PAN,Centroamérica y México,2006,2000s,Estructura sectorial,Empleo femenino en agricultura,SL.AGR.EMPL.FE.ZS,% del empleo femenino,4.5,False
Panamá,PAN,Centroamérica y México,2007,2000s,Estructura sectorial,Empleo femenino en agricultura,SL.AGR.EMPL.FE.ZS,% del empleo femenino,3.4,False
Panamá,PAN,Centroamérica y México,2008,2000s,Estructura sectorial,Empleo femenino en agricultura,SL.AGR.EMPL.FE.ZS,% del empleo femenino,3.9,False
Panamá,PAN,Centroamérica y México,2009,2000s,Estructura sectorial,Empleo femenino en agricultura,SL.AGR.EMPL.FE.ZS,% del empleo femenino,8.0,False
Panamá,PAN,Centroamérica y México,2010,2010s,Estructura sectorial,Empleo femenino en agricultura,SL.AGR.EMPL.FE.ZS,% del empleo femenino,7.7,False
Panamá,PAN,Centroamérica y México,2011,2010s,Estructura sectorial,Empleo femenino en agricultura,SL.AGR.EMPL.FE.ZS,% del empleo femenino,7.1,False
Panamá,PAN,Centroamérica y México,2012,2010s,Estructura sectorial,Empleo femenino en agricultura,SL.AGR.EMPL.FE.ZS,% del empleo femenino,8.5,False
Panamá,PAN,Centroamérica y México,1992,1990s,Estructura sectorial,Empleo femenino en servicios,SL.SRV.EMPL.FE.ZS,% del empleo femenino,86.0,False
Panamá,PAN,Centroamérica y México,1993,1990s,Estructura sectorial,Empleo femenino en servicios,SL.SRV.EMPL.FE.ZS,% del empleo femenino,86.0,False
Panamá,PAN,Centroamérica y México,1994,1990s,Estructura sectorial,Empleo femenino en servicios,SL.SRV.EMPL.FE.ZS,% del empleo femenino,86.4,False
Panamá,PAN,Centroamérica y México,1995,1990s,Estructura sectorial,Empleo femenino en servicios,SL.SRV.EMPL.FE.ZS,% del empleo femenino,85.6,False
Panamá,PAN,Centroamérica y México,1996,1990s,Estructura sectorial,Empleo femenino en servicios,SL.SRV.EMPL.FE.ZS,% del empleo femenino,85.3,False
Panamá,PAN,Centroamérica y México,1997,1990s,Estructura sectorial,Empleo femenino en servicios,SL.SRV.EMPL.FE.ZS,% del empleo femenino,86.4,False
Panamá,PAN,Centroamérica y México,1998,1990s,Estructura sectorial,Empleo femenino en servicios,SL.SRV.EMPL.FE.ZS,% del empleo femenino,87.5,False
Panamá,PAN,Centroamérica y México,1999,1990s,Estructura sectorial,Empleo femenino en servicios,SL.SRV.EMPL.FE.ZS,% del empleo femenino,87.7,False
Panamá,PAN,Centroamérica y México,2000,2000s,Estructura sectorial,Empleo femenino en servicios,SL.SRV.EMPL.FE.ZS,% del empleo femenino,89.2,False
Panamá,PAN,Centroamérica y México,2001,2000s,Estructura sectorial,Empleo femenino en servicios,SL.SRV.EMPL.FE.ZS,% del empleo femenino,87.9,False
Panamá,PAN,Centroamérica y México,2002,2000s,Estructura sectorial,Empleo femenino en servicios,SL.SRV.EMPL.FE.ZS,% del empleo femenino,87.6,False
Panamá,PAN,Centroamérica y México,2003,2000s,Estructura sectorial,Empleo femenino en servicios,SL.SRV.EMPL.FE.ZS,% del empleo femenino,87.7,False
Panamá,PAN,Centroamérica y México,2004,2000s,Estructura sectorial,Empleo femenino en servicios,SL.SRV.EMPL.FE.ZS,% del empleo femenino,88.2,False
Panamá,PAN,Centroamérica y México,2005,2000s,Estructura sectorial,Empleo femenino en servicios,SL.SRV.EMPL.FE.ZS,% del empleo femenino,86.5,False
Panamá,PAN,Centroamérica y México,2006,2000s,Estructura sectorial,Empleo femenino en servicios,SL.SRV.EMPL.FE.ZS,% del empleo femenino,86.7,False
Panamá,PAN,Centroamérica y México,2007,2000s,Estructura sectorial,Empleo femenino en servicios,SL.SRV.EMPL.FE.ZS,% del empleo femenino,86.9,False
Panamá,PAN,Centroamérica y México,2008,2000s,Estructura sectorial,Empleo femenino en servicios,SL.SRV.EMPL.FE.ZS,% del empleo femenino,86.7,False
Panamá,PAN,Centroamérica y México,2009,2000s,Estructura sectorial,Empleo femenino en servicios,SL.SRV.EMPL.FE.ZS,% del empleo femenino,81.8,False
Panamá,PAN,Centroamérica y México,2010,2010s,Estructura sectorial,Empleo femenino en servicios,SL.SRV.EMPL.FE.ZS,% del empleo femenino,82.6,False
Panamá,PAN,Centroamérica y México,2011,2010s,Estructura sectorial,Empleo femenino en servicios,SL.SRV.EMPL.FE.ZS,% del empleo femenino,83.3,False
Panamá,PAN,Centroamérica y México,2012,2010s,Estructura sectorial,Empleo femenino en servicios,SL.SRV.EMPL.FE.ZS,% del empleo femenino,82.7,False
Panamá,PAN,Centroamérica y México,1992,1990s,Calidad del empleo,Empleo vulnerable femenino,SL.EMP.VULN.FE.ZS,% del empleo femenino,15.3,False
Panamá,PAN,Centroamérica y México,1993,1990s,Calidad del empleo,Empleo vulnerable femenino,SL.EMP.VULN.FE.ZS,% del empleo femenino,14.7,False
Panamá,PAN,Centroamérica y México,1994,1990s,Calidad del empleo,Empleo vulnerable femenino,SL.EMP.VULN.FE.ZS,% del empleo femenino,15.5,False
Panamá,PAN,Centroamérica y México,1995,1990s,Calidad del empleo,Empleo vulnerable femenino,SL.EMP.VULN.FE.ZS,% del empleo femenino,18.2,False
Panamá,PAN,Centroamérica y México,1996,1990s,Calidad del empleo,Empleo vulnerable femenino,SL.EMP.VULN.FE.ZS,% del empleo femenino,18.6,False
Panamá,PAN,Centroamérica y México,1997,1990s,Calidad del empleo,Empleo vulnerable femenino,SL.EMP.VULN.FE.ZS,% del empleo femenino,19.6,False
Panamá,PAN,Centroamérica y México,1998,1990s,Calidad del empleo,Empleo vulnerable femenino,SL.EMP.VULN.FE.ZS,% del empleo femenino,20.9,False
Panamá,PAN,Centroamérica y México,1999,1990s,Calidad del empleo,Empleo vulnerable femenino,SL.EMP.VULN.FE.ZS,% del empleo femenino,21.3,False
Panamá,PAN,Centroamérica y México,2000,2000s,Calidad del empleo,Empleo vulnerable femenino,SL.EMP.VULN.FE.ZS,% del empleo femenino,19.1,False
Panamá,PAN,Centroamérica y México,2001,2000s,Calidad del empleo,Empleo vulnerable femenino,SL.EMP.VULN.FE.ZS,% del empleo femenino,19.3,False
Panamá,PAN,Centroamérica y México,2002,2000s,Calidad del empleo,Empleo vulnerable femenino,SL.EMP.VULN.FE.ZS,% del empleo femenino,23.0,False
Panamá,PAN,Centroamérica y México,2003,2000s,Calidad del empleo,Empleo vulnerable femenino,SL.EMP.VULN.FE.ZS,% del empleo femenino,23.4,False
Panamá,PAN,Centroamérica y México,2004,2000s,Calidad del empleo,Empleo vulnerable femenino,SL.EMP.VULN.FE.ZS,% del empleo femenino,23.6,False
Panamá,PAN,Centroamérica y México,2005,2000s,Calidad del empleo,Empleo vulnerable femenino,SL.EMP.VULN.FE.ZS,% del empleo femenino,26.3,False
Panamá,PAN,Centroamérica y México,2006,2000s,Calidad del empleo,Empleo vulnerable femenino,SL.EMP.VULN.FE.ZS,% del empleo femenino,25.7,False
Panamá,PAN,Centroamérica y México,2007,2000s,Calidad del empleo,Empleo vulnerable femenino,SL.EMP.VULN.FE.ZS,% del empleo femenino,23.5,False
Panamá,PAN,Centroamérica y México,2008,2000s,Calidad del empleo,Empleo vulnerable femenino,SL.EMP.VULN.FE.ZS,% del empleo femenino,24.6,False
Panamá,PAN,Centroamérica y México,2009,2000s,Calidad del empleo,Empleo vulnerable femenino,SL.EMP.VULN.FE.ZS,% del empleo femenino,31.2,False
Panamá,PAN,Centroamérica y México,2010,2010s,Calidad del empleo,Empleo vulnerable femenino,SL.EMP.VULN.FE.ZS,% del empleo femenino,28.2,False
Panamá,PAN,Centroamérica y México,2011,2010s,Calidad del empleo,Empleo vulnerable femenino,SL.EMP.VULN.FE.ZS,% del empleo femenino,23.9,False
Panamá,PAN,Centroamérica y México,2012,2010s,Calidad del empleo,Empleo vulnerable femenino,SL.EMP.VULN.FE.ZS,% del empleo femenino,26.9,False
Panamá,PAN,Centroamérica y México,2013,2010s,Calidad del empleo,Empleo vulnerable femenino,SL.EMP.VULN.FE.ZS,% del empleo femenino,28.3,False
Panamá,PAN,Centroamérica y México,2014,2010s,Calidad del empleo,Empleo vulnerable femenino,SL.EMP.VULN.FE.ZS,% del empleo femenino,27.8,False
Panamá,PAN,Centroamérica y México,2010,2010s,Liderazgo empresarial,Firmas con gerenta mujer,IC.FRM.FEMM.ZS,% de firmas,23.5,False
Panamá,PAN,Centroamérica y México,2006,2000s,Liderazgo empresarial,Firmas con propiedad femenina,IC.FRM.FEMO.ZS,% de firmas,37.1,False
Panamá,PAN,Centroamérica y México,2010,2010s,Liderazgo empresarial,Firmas con propiedad femenina,IC.FRM.FEMO.ZS,% de firmas,24.7,False
Panamá,PAN,Centroamérica y México,2001,2000s,Liderazgo,Mujeres en puestos directivos,SG.GEN.LSOM.ZS,% del total de directivos,40.39,False
Panamá,PAN,Centroamérica y México,2002,2000s,Liderazgo,Mujeres en puestos directivos,SG.GEN.LSOM.ZS,% del total de directivos,37.61,False
Panamá,PAN,Centroamérica y México,2003,2000s,Liderazgo,Mujeres en puestos directivos,SG.GEN.LSOM.ZS,% del total de directivos,39.53,False
Panamá,PAN,Centroamérica y México,2004,2000s,Liderazgo,Mujeres en puestos directivos,SG.GEN.LSOM.ZS,% del total de directivos,39.64,False
Panamá,PAN,Centroamérica y México,2005,2000s,Liderazgo,Mujeres en puestos directivos,SG.GEN.LSOM.ZS,% del total de directivos,42.66,False
Panamá,PAN,Centroamérica y México,2006,2000s,Liderazgo,Mujeres en puestos directivos,SG.GEN.LSOM.ZS,% del total de directivos,45.05,False
Panamá,PAN,Centroamérica y México,2007,2000s,Liderazgo,Mujeres en puestos directivos,SG.GEN.LSOM.ZS,% del total de directivos,43.55,False
Panamá,PAN,Centroamérica y México,2008,2000s,Liderazgo,Mujeres en puestos directivos,SG.GEN.LSOM.ZS,% del total de directivos,48.08,False
Panamá,PAN,Centroamérica y México,2009,2000s,Liderazgo,Mujeres en puestos directivos,SG.GEN.LSOM.ZS,% del total de directivos,46.01,False
Panamá,PAN,Centroamérica y México,2010,2010s,Liderazgo,Mujeres en puestos directivos,SG.GEN.LSOM.ZS,% del total de directivos,47.9,False
Panamá,PAN,Centroamérica y México,2011,2010s,Liderazgo,Mujeres en puestos directivos,SG.GEN.LSOM.ZS,% del total de directivos,45.97,False
Panamá,PAN,Centroamérica y México,1990,1990s,Contexto,PBI per cápita,NY.GDP.PCAP.CD,USD corrientes,2276.68,False
Panamá,PAN,Centroamérica y México,1991,1990s,Contexto,PBI per cápita,NY.GDP.PCAP.CD,USD corrientes,2451.91,False
Panamá,PAN,Centroamérica y México,1992,1990s,Contexto,PBI per cápita,NY.GDP.PCAP.CD,USD corrientes,2730.53,False
Panamá,PAN,Centroamérica y México,1993,1990s,Contexto,PBI per cápita,NY.GDP.PCAP.CD,USD corrientes,2921.53,False
Panamá,PAN,Centroamérica y México,1994,1990s,Contexto,PBI per cápita,NY.GDP.PCAP.CD,USD corrientes,3052.42,False
Panamá,PAN,Centroamérica y México,1995,1990s,Contexto,PBI per cápita,NY.GDP.PCAP.CD,USD corrientes,3057.24,False
Panamá,PAN,Centroamérica y México,1996,1990s,Contexto,PBI per cápita,NY.GDP.PCAP.CD,USD corrientes,3531.64,False
Panamá,PAN,Centroamérica y México,1997,1990s,Contexto,PBI per cápita,NY.GDP.PCAP.CD,USD corrientes,3742.76,False
Panamá,PAN,Centroamérica y México,1998,1990s,Contexto,PBI per cápita,NY.GDP.PCAP.CD,USD corrientes,3975.95,False
Panamá,PAN,Centroamérica y México,1999,1990s,Contexto,PBI per cápita,NY.GDP.PCAP.CD,USD corrientes,4083.95,False
Panamá,PAN,Centroamérica y México,2000,2000s,Contexto,PBI per cápita,NY.GDP.PCAP.CD,USD corrientes,4062.39,False
Panamá,PAN,Centroamérica y México,2001,2000s,Contexto,PBI per cápita,NY.GDP.PCAP.CD,USD corrientes,4050.03,False
Panamá,PAN,Centroamérica y México,2002,2000s,Contexto,PBI per cápita,NY.GDP.PCAP.CD,USD corrientes,4132.06,False
Panamá,PAN,Centroamérica y México,2003,2000s,Contexto,PBI per cápita,NY.GDP.PCAP.CD,USD corrientes,4275.98,False
Panamá,PAN,Centroamérica y México,2004,2000s,Contexto,PBI per cápita,NY.GDP.PCAP.CD,USD corrientes,4604.44,False
Panamá,PAN,Centroamérica y México,2005,2000s,Contexto,PBI per cápita,NY.GDP.PCAP.CD,USD corrientes,4933.05,False
Panamá,PAN,Centroamérica y México,2006,2000s,Contexto,PBI per cápita,NY.GDP.PCAP.CD,USD corrientes,5370.55,False
Panamá,PAN,Centroamérica y México,2007,2000s,Contexto,PBI per cápita,NY.GDP.PCAP.CD,USD corrientes,6095.28,False
Panamá,PAN,Centroamérica y México,2008,2000s,Contexto,PBI per cápita,NY.GDP.PCAP.CD,USD corrientes,7008.99,False
Panamá,PAN,Centroamérica y México,2009,2000s,Contexto,PBI per cápita,NY.GDP.PCAP.CD,USD corrientes,7471.34,False
Panamá,PAN,Centroamérica y México,2010,2010s,Contexto,PBI per cápita,NY.GDP.PCAP.CD,USD corrientes,7987.06,False
Panamá,PAN,Centroamérica y México,2011,2010s,Contexto,PBI per cápita,NY.GDP.PCAP.CD,USD corrientes,9335.69,False
Panamá,PAN,Centroamérica y México,2012,2010s,Contexto,PBI per cápita,NY.GDP.PCAP.CD,USD corrientes,10672.36,False
Panamá,PAN,Centroamérica y México,2013,2010s,Contexto,PBI per cápita,NY.GDP.PCAP.CD,USD corrientes,11786.63,True
Panamá,PAN,Centroamérica y México,2014,2010s,Contexto,PBI per cápita,NY.GDP.PCAP.CD,USD corrientes,12712.43,True
Panamá,PAN,Centroamérica y México,1990,1990s,Participación,Participación laboral femenina,SL.TLF.CACT.FE.ZS,% de mujeres 15+,38.9,False
Panamá,PAN,Centroamérica y México,1991,1990s,Participación,Participación laboral femenina,SL.TLF.CACT.FE.ZS,% de mujeres 15+,39.1,False
Panamá,PAN,Centroamérica y México,1992,1990s,Participación,Participación laboral femenina,SL.TLF.CACT.FE.ZS,% de mujeres 15+,39.7,False
Panamá,PAN,Centroamérica y México,1993,1990s,Participación,Participación laboral femenina,SL.TLF.CACT.FE.ZS,% de mujeres 15+,40.4,False
Panamá,PAN,Centroamérica y México,1994,1990s,Participación,Participación laboral femenina,SL.TLF.CACT.FE.ZS,% de mujeres 15+,41.4,False
Panamá,PAN,Centroamérica y México,1995,1990s,Participación,Participación laboral femenina,SL.TLF.CACT.FE.ZS,% de mujeres 15+,42.8,False
Panamá,PAN,Centroamérica y México,1996,1990s,Participación,Participación laboral femenina,SL.TLF.CACT.FE.ZS,% de mujeres 15+,43.2,False
Panamá,PAN,Centroamérica y México,1997,1990s,Participación,Participación laboral femenina,SL.TLF.CACT.FE.ZS,% de mujeres 15+,43.7,False
Panamá,PAN,Centroamérica y México,1998,1990s,Participación,Participación laboral femenina,SL.TLF.CACT.FE.ZS,% de mujeres 15+,44.7,False
Panamá,PAN,Centroamérica y México,1999,1990s,Participación,Participación laboral femenina,SL.TLF.CACT.FE.ZS,% de mujeres 15+,44.4,False
Panamá,PAN,Centroamérica y México,2000,2000s,Participación,Participación laboral femenina,SL.TLF.CACT.FE.ZS,% de mujeres 15+,45.0,False
Panamá,PAN,Centroamérica y México,2001,2000s,Participación,Participación laboral femenina,SL.TLF.CACT.FE.ZS,% de mujeres 15+,45.6,False
Panamá,PAN,Centroamérica y México,2002,2000s,Participación,Participación laboral femenina,SL.TLF.CACT.FE.ZS,% de mujeres 15+,46.2,False
Panamá,PAN,Centroamérica y México,2003,2000s,Participación,Participación laboral femenina,SL.TLF.CACT.FE.ZS,% de mujeres 15+,46.8,False
Panamá,PAN,Centroamérica y México,2004,2000s,Participación,Participación laboral femenina,SL.TLF.CACT.FE.ZS,% de mujeres 15+,47.0,False
Panamá,PAN,Centroamérica y México,2005,2000s,Participación,Participación laboral femenina,SL.TLF.CACT.FE.ZS,% de mujeres 15+,47.9,False
Panamá,PAN,Centroamérica y México,2006,2000s,Participación,Participación laboral femenina,SL.TLF.CACT.FE.ZS,% de mujeres 15+,46.5,False
Panamá,PAN,Centroamérica y México,2007,2000s,Participación,Participación laboral femenina,SL.TLF.CACT.FE.ZS,% de mujeres 15+,47.4,False
Panamá,PAN,Centroamérica y México,2008,2000s,Participación,Participación laboral femenina,SL.TLF.CACT.FE.ZS,% de mujeres 15+,48.5,False
Panamá,PAN,Centroamérica y México,2009,2000s,Participación,Participación laboral femenina,SL.TLF.CACT.FE.ZS,% de mujeres 15+,49.5,False
Panamá,PAN,Centroamérica y México,2010,2010s,Participación,Participación laboral femenina,SL.TLF.CACT.FE.ZS,% de mujeres 15+,48.8,False
Panamá,PAN,Centroamérica y México,2011,2010s,Participación,Participación laboral femenina,SL.TLF.CACT.FE.ZS,% de mujeres 15+,48.9,False
Panamá,PAN,Centroamérica y México,2012,2010s,Participación,Participación laboral femenina,SL.TLF.CACT.FE.ZS,% de mujeres 15+,49.0,False
Panamá,PAN,Centroamérica y México,2013,2010s,Participación,Participación laboral femenina,SL.TLF.CACT.FE.ZS,% de mujeres 15+,49.0,False
Panamá,PAN,Centroamérica y México,2014,2010s,Participación,Participación laboral femenina,SL.TLF.CACT.FE.ZS,% de mujeres 15+,49.1,False
Panamá,PAN,Centroamérica y México,1990,1990s,Participación,Participación laboral masculina,SL.TLF.CACT.MA.ZS,% de varones 15+,79.3,False
Panamá,PAN,Centroamérica y México,1991,1990s,Participación,Participación laboral masculina,SL.TLF.CACT.MA.ZS,% de varones 15+,78.6,False
Panamá,PAN,Centroamérica y México,1992,1990s,Participación,Participación laboral masculina,SL.TLF.CACT.MA.ZS,% de varones 15+,80.0,False
Panamá,PAN,Centroamérica y México,1993,1990s,Participación,Participación laboral masculina,SL.TLF.CACT.MA.ZS,% de varones 15+,81.2,False
Panamá,PAN,Centroamérica y México,1994,1990s,Participación,Participación laboral masculina,SL.TLF.CACT.MA.ZS,% de varones 15+,81.0,False
Panamá,PAN,Centroamérica y México,1995,1990s,Participación,Participación laboral masculina,SL.TLF.CACT.MA.ZS,% de varones 15+,81.8,False
Panamá,PAN,Centroamérica y México,1996,1990s,Participación,Participación laboral masculina,SL.TLF.CACT.MA.ZS,% de varones 15+,81.5,False
Panamá,PAN,Centroamérica y México,1997,1990s,Participación,Participación laboral masculina,SL.TLF.CACT.MA.ZS,% de varones 15+,81.1,False
Panamá,PAN,Centroamérica y México,1998,1990s,Participación,Participación laboral masculina,SL.TLF.CACT.MA.ZS,% de varones 15+,82.7,False
Panamá,PAN,Centroamérica y México,1999,1990s,Participación,Participación laboral masculina,SL.TLF.CACT.MA.ZS,% de varones 15+,81.9,False
Panamá,PAN,Centroamérica y México,2000,2000s,Participación,Participación laboral masculina,SL.TLF.CACT.MA.ZS,% de varones 15+,81.6,False
Panamá,PAN,Centroamérica y México,2001,2000s,Participación,Participación laboral masculina,SL.TLF.CACT.MA.ZS,% de varones 15+,81.2,False
Panamá,PAN,Centroamérica y México,2002,2000s,Participación,Participación laboral masculina,SL.TLF.CACT.MA.ZS,% de varones 15+,80.7,False
Panamá,PAN,Centroamérica y México,2003,2000s,Participación,Participación laboral masculina,SL.TLF.CACT.MA.ZS,% de varones 15+,80.7,False
Panamá,PAN,Centroamérica y México,2004,2000s,Participación,Participación laboral masculina,SL.TLF.CACT.MA.ZS,% de varones 15+,81.4,False
Panamá,PAN,Centroamérica y México,2005,2000s,Participación,Participación laboral masculina,SL.TLF.CACT.MA.ZS,% de varones 15+,81.2,False
Panamá,PAN,Centroamérica y México,2006,2000s,Participación,Participación laboral masculina,SL.TLF.CACT.MA.ZS,% de varones 15+,80.7,False
Panamá,PAN,Centroamérica y México,2007,2000s,Participación,Participación laboral masculina,SL.TLF.CACT.MA.ZS,% de varones 15+,80.9,False
Panamá,PAN,Centroamérica y México,2008,2000s,Participación,Participación laboral masculina,SL.TLF.CACT.MA.ZS,% de varones 15+,82.9,False
Panamá,PAN,Centroamérica y México,2009,2000s,Participación,Participación laboral masculina,SL.TLF.CACT.MA.ZS,% de varones 15+,82.5,False
Panamá,PAN,Centroamérica y México,2010,2010s,Participación,Participación laboral masculina,SL.TLF.CACT.MA.ZS,% de varones 15+,82.0,False
Panamá,PAN,Centroamérica y México,2011,2010s,Participación,Participación laboral masculina,SL.TLF.CACT.MA.ZS,% de varones 15+,81.9,False
Panamá,PAN,Centroamérica y México,2012,2010s,Participación,Participación laboral masculina,SL.TLF.CACT.MA.ZS,% de varones 15+,81.9,False
Panamá,PAN,Centroamérica y México,2013,2010s,Participación,Participación laboral masculina,SL.TLF.CACT.MA.ZS,% de varones 15+,81.8,False
Panamá,PAN,Centroamérica y México,2014,2010s,Participación,Participación laboral masculina,SL.TLF.CACT.MA.ZS,% de varones 15+,81.7,False
Panamá,PAN,Centroamérica y México,1990,1990s,Participación,Ratio participación mujer/varón,SL.TLF.CACT.FM.ZS,% (mujer/varón),49.05,False
Panamá,PAN,Centroamérica y México,1991,1990s,Participación,Ratio participación mujer/varón,SL.TLF.CACT.FM.ZS,% (mujer/varón),49.75,False
Panamá,PAN,Centroamérica y México,1992,1990s,Participación,Ratio participación mujer/varón,SL.TLF.CACT.FM.ZS,% (mujer/varón),49.63,False
Panamá,PAN,Centroamérica y México,1993,1990s,Participación,Ratio participación mujer/varón,SL.TLF.CACT.FM.ZS,% (mujer/varón),49.75,False
Panamá,PAN,Centroamérica y México,1994,1990s,Participación,Ratio participación mujer/varón,SL.TLF.CACT.FM.ZS,% (mujer/varón),51.11,False
Panamá,PAN,Centroamérica y México,1995,1990s,Participación,Ratio participación mujer/varón,SL.TLF.CACT.FM.ZS,% (mujer/varón),52.32,False
Panamá,PAN,Centroamérica y México,1996,1990s,Participación,Ratio participación mujer/varón,SL.TLF.CACT.FM.ZS,% (mujer/varón),53.01,False
Panamá,PAN,Centroamérica y México,1997,1990s,Participación,Ratio participación mujer/varón,SL.TLF.CACT.FM.ZS,% (mujer/varón),53.88,False
Panamá,PAN,Centroamérica y México,1998,1990s,Participación,Ratio participación mujer/varón,SL.TLF.CACT.FM.ZS,% (mujer/varón),54.05,False
Panamá,PAN,Centroamérica y México,1999,1990s,Participación,Ratio participación mujer/varón,SL.TLF.CACT.FM.ZS,% (mujer/varón),54.21,False
Panamá,PAN,Centroamérica y México,2000,2000s,Participación,Ratio participación mujer/varón,SL.TLF.CACT.FM.ZS,% (mujer/varón),55.15,False
Panamá,PAN,Centroamérica y México,2001,2000s,Participación,Ratio participación mujer/varón,SL.TLF.CACT.FM.ZS,% (mujer/varón),56.16,False
Panamá,PAN,Centroamérica y México,2002,2000s,Participación,Ratio participación mujer/varón,SL.TLF.CACT.FM.ZS,% (mujer/varón),57.25,False
Panamá,PAN,Centroamérica y México,2003,2000s,Participación,Ratio participación mujer/varón,SL.TLF.CACT.FM.ZS,% (mujer/varón),57.99,False
Panamá,PAN,Centroamérica y México,2004,2000s,Participación,Ratio participación mujer/varón,SL.TLF.CACT.FM.ZS,% (mujer/varón),57.74,False
Panamá,PAN,Centroamérica y México,2005,2000s,Participación,Ratio participación mujer/varón,SL.TLF.CACT.FM.ZS,% (mujer/varón),58.99,False
Panamá,PAN,Centroamérica y México,2006,2000s,Participación,Ratio participación mujer/varón,SL.TLF.CACT.FM.ZS,% (mujer/varón),57.62,False
Panamá,PAN,Centroamérica y México,2007,2000s,Participación,Ratio participación mujer/varón,SL.TLF.CACT.FM.ZS,% (mujer/varón),58.59,False
Panamá,PAN,Centroamérica y México,2008,2000s,Participación,Ratio participación mujer/varón,SL.TLF.CACT.FM.ZS,% (mujer/varón),58.5,False
Panamá,PAN,Centroamérica y México,2009,2000s,Participación,Ratio participación mujer/varón,SL.TLF.CACT.FM.ZS,% (mujer/varón),60.0,False
Panamá,PAN,Centroamérica y México,2010,2010s,Participación,Ratio participación mujer/varón,SL.TLF.CACT.FM.ZS,% (mujer/varón),59.51,False
Panamá,PAN,Centroamérica y México,2011,2010s,Participación,Ratio participación mujer/varón,SL.TLF.CACT.FM.ZS,% (mujer/varón),59.71,False
Panamá,PAN,Centroamérica y México,2012,2010s,Participación,Ratio participación mujer/varón,SL.TLF.CACT.FM.ZS,% (mujer/varón),59.83,False
Panamá,PAN,Centroamérica y México,2013,2010s,Participación,Ratio participación mujer/varón,SL.TLF.CACT.FM.ZS,% (mujer/varón),59.9,False
Panamá,PAN,Centroamérica y México,2014,2010s,Participación,Ratio participación mujer/varón,SL.TLF.CACT.FM.ZS,% (mujer/varón),60.1,False
Paraguay,PRY,Cono Sur,1990,1990s,Calidad del empleo,Asalariadas,SL.EMP.WORK.FE.ZS,% del empleo femenino,66.8,False
Paraguay,PRY,Cono Sur,1991,1990s,Calidad del empleo,Asalariadas,SL.EMP.WORK.FE.ZS,% del empleo femenino,65.9,False
Paraguay,PRY,Cono Sur,1992,1990s,Calidad del empleo,Asalariadas,SL.EMP.WORK.FE.ZS,% del empleo femenino,68.7,False
Paraguay,PRY,Cono Sur,1993,1990s,Calidad del empleo,Asalariadas,SL.EMP.WORK.FE.ZS,% del empleo femenino,68.0,False
Paraguay,PRY,Cono Sur,1994,1990s,Calidad del empleo,Asalariadas,SL.EMP.WORK.FE.ZS,% del empleo femenino,59.7,False
Paraguay,PRY,Cono Sur,1996,1990s,Calidad del empleo,Asalariadas,SL.EMP.WORK.FE.ZS,% del empleo femenino,54.8,False
Paraguay,PRY,Cono Sur,1997,1990s,Calidad del empleo,Asalariadas,SL.EMP.WORK.FE.ZS,% del empleo femenino,47.4,False
Paraguay,PRY,Cono Sur,1998,1990s,Calidad del empleo,Asalariadas,SL.EMP.WORK.FE.ZS,% del empleo femenino,47.1,False
Paraguay,PRY,Cono Sur,1999,1990s,Calidad del empleo,Asalariadas,SL.EMP.WORK.FE.ZS,% del empleo femenino,47.3,False
Paraguay,PRY,Cono Sur,2001,2000s,Calidad del empleo,Asalariadas,SL.EMP.WORK.FE.ZS,% del empleo femenino,45.1,False
Paraguay,PRY,Cono Sur,2002,2000s,Calidad del empleo,Asalariadas,SL.EMP.WORK.FE.ZS,% del empleo femenino,44.7,False
Paraguay,PRY,Cono Sur,2003,2000s,Calidad del empleo,Asalariadas,SL.EMP.WORK.FE.ZS,% del empleo femenino,45.4,False
Paraguay,PRY,Cono Sur,2004,2000s,Calidad del empleo,Asalariadas,SL.EMP.WORK.FE.ZS,% del empleo femenino,42.9,False
Paraguay,PRY,Cono Sur,2005,2000s,Calidad del empleo,Asalariadas,SL.EMP.WORK.FE.ZS,% del empleo femenino,48.7,False
Paraguay,PRY,Cono Sur,2006,2000s,Calidad del empleo,Asalariadas,SL.EMP.WORK.FE.ZS,% del empleo femenino,46.8,False
Paraguay,PRY,Cono Sur,2007,2000s,Calidad del empleo,Asalariadas,SL.EMP.WORK.FE.ZS,% del empleo femenino,46.8,False
Paraguay,PRY,Cono Sur,2008,2000s,Calidad del empleo,Asalariadas,SL.EMP.WORK.FE.ZS,% del empleo femenino,49.2,False
Paraguay,PRY,Cono Sur,2009,2000s,Calidad del empleo,Asalariadas,SL.EMP.WORK.FE.ZS,% del empleo femenino,47.6,False
Paraguay,PRY,Cono Sur,2010,2010s,Calidad del empleo,Asalariadas,SL.EMP.WORK.FE.ZS,% del empleo femenino,50.4,False
Paraguay,PRY,Cono Sur,2011,2010s,Calidad del empleo,Asalariadas,SL.EMP.WORK.FE.ZS,% del empleo femenino,51.7,False
Paraguay,PRY,Cono Sur,2012,2010s,Calidad del empleo,Asalariadas,SL.EMP.WORK.FE.ZS,% del empleo femenino,48.5,False
Paraguay,PRY,Cono Sur,2013,2010s,Calidad del empleo,Asalariadas,SL.EMP.WORK.FE.ZS,% del empleo femenino,54.9,False
Paraguay,PRY,Cono Sur,2014,2010s,Calidad del empleo,Asalariadas,SL.EMP.WORK.FE.ZS,% del empleo femenino,54.8,False
Paraguay,PRY,Cono Sur,1990,1990s,Liderazgo,Bancas parlamentarias femeninas,SG.GEN.PARL.ZS,% de bancas,5.6,False
Paraguay,PRY,Cono Sur,1997,1990s,Liderazgo,Bancas parlamentarias femeninas,SG.GEN.PARL.ZS,% de bancas,2.5,False
Paraguay,PRY,Cono Sur,1999,1990s,Liderazgo,Bancas parlamentarias femeninas,SG.GEN.PARL.ZS,% de bancas,2.5,False
Paraguay,PRY,Cono Sur,2000,2000s,Liderazgo,Bancas parlamentarias femeninas,SG.GEN.PARL.ZS,% de bancas,2.5,False
Paraguay,PRY,Cono Sur,2001,2000s,Liderazgo,Bancas parlamentarias femeninas,SG.GEN.PARL.ZS,% de bancas,2.5,False
Paraguay,PRY,Cono Sur,2002,2000s,Liderazgo,Bancas parlamentarias femeninas,SG.GEN.PARL.ZS,% de bancas,2.5,False
Paraguay,PRY,Cono Sur,2003,2000s,Liderazgo,Bancas parlamentarias femeninas,SG.GEN.PARL.ZS,% de bancas,8.8,False
Paraguay,PRY,Cono Sur,2004,2000s,Liderazgo,Bancas parlamentarias femeninas,SG.GEN.PARL.ZS,% de bancas,10.0,False
Paraguay,PRY,Cono Sur,2005,2000s,Liderazgo,Bancas parlamentarias femeninas,SG.GEN.PARL.ZS,% de bancas,10.0,False
Paraguay,PRY,Cono Sur,2006,2000s,Liderazgo,Bancas parlamentarias femeninas,SG.GEN.PARL.ZS,% de bancas,10.0,False
Paraguay,PRY,Cono Sur,2007,2000s,Liderazgo,Bancas parlamentarias femeninas,SG.GEN.PARL.ZS,% de bancas,10.0,False
Paraguay,PRY,Cono Sur,2008,2000s,Liderazgo,Bancas parlamentarias femeninas,SG.GEN.PARL.ZS,% de bancas,12.5,False
Paraguay,PRY,Cono Sur,2009,2000s,Liderazgo,Bancas parlamentarias femeninas,SG.GEN.PARL.ZS,% de bancas,12.5,False
Paraguay,PRY,Cono Sur,2010,2010s,Liderazgo,Bancas parlamentarias femeninas,SG.GEN.PARL.ZS,% de bancas,12.5,False
Paraguay,PRY,Cono Sur,2011,2010s,Liderazgo,Bancas parlamentarias femeninas,SG.GEN.PARL.ZS,% de bancas,12.5,False
Paraguay,PRY,Cono Sur,2012,2010s,Liderazgo,Bancas parlamentarias femeninas,SG.GEN.PARL.ZS,% de bancas,12.5,False
Paraguay,PRY,Cono Sur,2013,2010s,Liderazgo,Bancas parlamentarias femeninas,SG.GEN.PARL.ZS,% de bancas,17.5,False
Paraguay,PRY,Cono Sur,2014,2010s,Liderazgo,Bancas parlamentarias femeninas,SG.GEN.PARL.ZS,% de bancas,15.0,False
Paraguay,PRY,Cono Sur,1991,1990s,Calidad del empleo,Desempleo femenino,SL.UEM.TOTL.FE.ZS,% de la PEA femenina,8.5,False
Paraguay,PRY,Cono Sur,1992,1990s,Calidad del empleo,Desempleo femenino,SL.UEM.TOTL.FE.ZS,% de la PEA femenina,6.3,False
Paraguay,PRY,Cono Sur,1993,1990s,Calidad del empleo,Desempleo femenino,SL.UEM.TOTL.FE.ZS,% de la PEA femenina,9.1,False
Paraguay,PRY,Cono Sur,1994,1990s,Calidad del empleo,Desempleo femenino,SL.UEM.TOTL.FE.ZS,% de la PEA femenina,8.0,False
Paraguay,PRY,Cono Sur,1995,1990s,Calidad del empleo,Desempleo femenino,SL.UEM.TOTL.FE.ZS,% de la PEA femenina,3.9,False
Paraguay,PRY,Cono Sur,1996,1990s,Calidad del empleo,Desempleo femenino,SL.UEM.TOTL.FE.ZS,% de la PEA femenina,5.3,False
Paraguay,PRY,Cono Sur,1997,1990s,Calidad del empleo,Desempleo femenino,SL.UEM.TOTL.FE.ZS,% de la PEA femenina,6.7,False
Paraguay,PRY,Cono Sur,1998,1990s,Calidad del empleo,Desempleo femenino,SL.UEM.TOTL.FE.ZS,% de la PEA femenina,6.7,False
Paraguay,PRY,Cono Sur,1999,1990s,Calidad del empleo,Desempleo femenino,SL.UEM.TOTL.FE.ZS,% de la PEA femenina,7.5,False
Paraguay,PRY,Cono Sur,2000,2000s,Calidad del empleo,Desempleo femenino,SL.UEM.TOTL.FE.ZS,% de la PEA femenina,9.2,False
Paraguay,PRY,Cono Sur,2001,2000s,Calidad del empleo,Desempleo femenino,SL.UEM.TOTL.FE.ZS,% de la PEA femenina,9.2,False
Paraguay,PRY,Cono Sur,2002,2000s,Calidad del empleo,Desempleo femenino,SL.UEM.TOTL.FE.ZS,% de la PEA femenina,13.6,False
Paraguay,PRY,Cono Sur,2003,2000s,Calidad del empleo,Desempleo femenino,SL.UEM.TOTL.FE.ZS,% de la PEA femenina,10.1,False
Paraguay,PRY,Cono Sur,2004,2000s,Calidad del empleo,Desempleo femenino,SL.UEM.TOTL.FE.ZS,% de la PEA femenina,9.3,False
Paraguay,PRY,Cono Sur,2005,2000s,Calidad del empleo,Desempleo femenino,SL.UEM.TOTL.FE.ZS,% de la PEA femenina,7.3,False
Paraguay,PRY,Cono Sur,2006,2000s,Calidad del empleo,Desempleo femenino,SL.UEM.TOTL.FE.ZS,% de la PEA femenina,8.4,False
Paraguay,PRY,Cono Sur,2007,2000s,Calidad del empleo,Desempleo femenino,SL.UEM.TOTL.FE.ZS,% de la PEA femenina,7.7,False
Paraguay,PRY,Cono Sur,2008,2000s,Calidad del empleo,Desempleo femenino,SL.UEM.TOTL.FE.ZS,% de la PEA femenina,7.6,False
Paraguay,PRY,Cono Sur,2009,2000s,Calidad del empleo,Desempleo femenino,SL.UEM.TOTL.FE.ZS,% de la PEA femenina,8.2,False
Paraguay,PRY,Cono Sur,2010,2010s,Calidad del empleo,Desempleo femenino,SL.UEM.TOTL.FE.ZS,% de la PEA femenina,7.1,False
Paraguay,PRY,Cono Sur,2011,2010s,Calidad del empleo,Desempleo femenino,SL.UEM.TOTL.FE.ZS,% de la PEA femenina,5.6,False
Paraguay,PRY,Cono Sur,2012,2010s,Calidad del empleo,Desempleo femenino,SL.UEM.TOTL.FE.ZS,% de la PEA femenina,6.1,False
Paraguay,PRY,Cono Sur,2013,2010s,Calidad del empleo,Desempleo femenino,SL.UEM.TOTL.FE.ZS,% de la PEA femenina,6.1,False
Paraguay,PRY,Cono Sur,2014,2010s,Calidad del empleo,Desempleo femenino,SL.UEM.TOTL.FE.ZS,% de la PEA femenina,5.6,False
Paraguay,PRY,Cono Sur,1990,1990s,Calidad del empleo,Empleadoras,SL.EMP.MPYR.FE.ZS,% del empleo femenino,2.3,False
Paraguay,PRY,Cono Sur,1991,1990s,Calidad del empleo,Empleadoras,SL.EMP.MPYR.FE.ZS,% del empleo femenino,4.3,False
Paraguay,PRY,Cono Sur,1992,1990s,Calidad del empleo,Empleadoras,SL.EMP.MPYR.FE.ZS,% del empleo femenino,4.8,True
Paraguay,PRY,Cono Sur,1993,1990s,Calidad del empleo,Empleadoras,SL.EMP.MPYR.FE.ZS,% del empleo femenino,4.2,False
Paraguay,PRY,Cono Sur,1994,1990s,Calidad del empleo,Empleadoras,SL.EMP.MPYR.FE.ZS,% del empleo femenino,5.3,True
Paraguay,PRY,Cono Sur,1996,1990s,Calidad del empleo,Empleadoras,SL.EMP.MPYR.FE.ZS,% del empleo femenino,3.5,False
Paraguay,PRY,Cono Sur,1997,1990s,Calidad del empleo,Empleadoras,SL.EMP.MPYR.FE.ZS,% del empleo femenino,3.6,False
Paraguay,PRY,Cono Sur,1998,1990s,Calidad del empleo,Empleadoras,SL.EMP.MPYR.FE.ZS,% del empleo femenino,3.4,False
Paraguay,PRY,Cono Sur,1999,1990s,Calidad del empleo,Empleadoras,SL.EMP.MPYR.FE.ZS,% del empleo femenino,2.6,False
Paraguay,PRY,Cono Sur,2001,2000s,Calidad del empleo,Empleadoras,SL.EMP.MPYR.FE.ZS,% del empleo femenino,3.0,False
Paraguay,PRY,Cono Sur,2002,2000s,Calidad del empleo,Empleadoras,SL.EMP.MPYR.FE.ZS,% del empleo femenino,1.6,False
Paraguay,PRY,Cono Sur,2003,2000s,Calidad del empleo,Empleadoras,SL.EMP.MPYR.FE.ZS,% del empleo femenino,2.4,False
Paraguay,PRY,Cono Sur,2004,2000s,Calidad del empleo,Empleadoras,SL.EMP.MPYR.FE.ZS,% del empleo femenino,2.1,False
Paraguay,PRY,Cono Sur,2005,2000s,Calidad del empleo,Empleadoras,SL.EMP.MPYR.FE.ZS,% del empleo femenino,2.4,False
Paraguay,PRY,Cono Sur,2006,2000s,Calidad del empleo,Empleadoras,SL.EMP.MPYR.FE.ZS,% del empleo femenino,2.4,False
Paraguay,PRY,Cono Sur,2007,2000s,Calidad del empleo,Empleadoras,SL.EMP.MPYR.FE.ZS,% del empleo femenino,2.8,False
Paraguay,PRY,Cono Sur,2008,2000s,Calidad del empleo,Empleadoras,SL.EMP.MPYR.FE.ZS,% del empleo femenino,2.3,False
Paraguay,PRY,Cono Sur,2009,2000s,Calidad del empleo,Empleadoras,SL.EMP.MPYR.FE.ZS,% del empleo femenino,3.0,False
Paraguay,PRY,Cono Sur,2010,2010s,Calidad del empleo,Empleadoras,SL.EMP.MPYR.FE.ZS,% del empleo femenino,2.9,False
Paraguay,PRY,Cono Sur,2011,2010s,Calidad del empleo,Empleadoras,SL.EMP.MPYR.FE.ZS,% del empleo femenino,2.5,False
Paraguay,PRY,Cono Sur,2012,2010s,Calidad del empleo,Empleadoras,SL.EMP.MPYR.FE.ZS,% del empleo femenino,3.5,False
Paraguay,PRY,Cono Sur,2013,2010s,Calidad del empleo,Empleadoras,SL.EMP.MPYR.FE.ZS,% del empleo femenino,4.1,False
Paraguay,PRY,Cono Sur,2014,2010s,Calidad del empleo,Empleadoras,SL.EMP.MPYR.FE.ZS,% del empleo femenino,4.2,False
Paraguay,PRY,Cono Sur,1990,1990s,Estructura sectorial,Empleo femenino en agricultura,SL.AGR.EMPL.FE.ZS,% del empleo femenino,0.8,False
Paraguay,PRY,Cono Sur,1991,1990s,Estructura sectorial,Empleo femenino en agricultura,SL.AGR.EMPL.FE.ZS,% del empleo femenino,0.4,False
Paraguay,PRY,Cono Sur,1992,1990s,Estructura sectorial,Empleo femenino en agricultura,SL.AGR.EMPL.FE.ZS,% del empleo femenino,0.4,False
Paraguay,PRY,Cono Sur,1993,1990s,Estructura sectorial,Empleo femenino en agricultura,SL.AGR.EMPL.FE.ZS,% del empleo femenino,0.5,False
Paraguay,PRY,Cono Sur,1994,1990s,Estructura sectorial,Empleo femenino en agricultura,SL.AGR.EMPL.FE.ZS,% del empleo femenino,0.8,False
Paraguay,PRY,Cono Sur,1995,1990s,Estructura sectorial,Empleo femenino en agricultura,SL.AGR.EMPL.FE.ZS,% del empleo femenino,36.5,True
Paraguay,PRY,Cono Sur,1997,1990s,Estructura sectorial,Empleo femenino en agricultura,SL.AGR.EMPL.FE.ZS,% del empleo femenino,13.6,False
Paraguay,PRY,Cono Sur,1998,1990s,Estructura sectorial,Empleo femenino en agricultura,SL.AGR.EMPL.FE.ZS,% del empleo femenino,14.1,False
Paraguay,PRY,Cono Sur,1999,1990s,Estructura sectorial,Empleo femenino en agricultura,SL.AGR.EMPL.FE.ZS,% del empleo femenino,16.6,False
Paraguay,PRY,Cono Sur,2000,2000s,Estructura sectorial,Empleo femenino en agricultura,SL.AGR.EMPL.FE.ZS,% del empleo femenino,20.3,False
Paraguay,PRY,Cono Sur,2001,2000s,Estructura sectorial,Empleo femenino en agricultura,SL.AGR.EMPL.FE.ZS,% del empleo femenino,20.3,False
Paraguay,PRY,Cono Sur,2002,2000s,Estructura sectorial,Empleo femenino en agricultura,SL.AGR.EMPL.FE.ZS,% del empleo femenino,20.0,False
Paraguay,PRY,Cono Sur,2003,2000s,Estructura sectorial,Empleo femenino en agricultura,SL.AGR.EMPL.FE.ZS,% del empleo femenino,20.5,False
Paraguay,PRY,Cono Sur,2004,2000s,Estructura sectorial,Empleo femenino en agricultura,SL.AGR.EMPL.FE.ZS,% del empleo femenino,24.4,True
Paraguay,PRY,Cono Sur,2005,2000s,Estructura sectorial,Empleo femenino en agricultura,SL.AGR.EMPL.FE.ZS,% del empleo femenino,22.3,True
Paraguay,PRY,Cono Sur,2006,2000s,Estructura sectorial,Empleo femenino en agricultura,SL.AGR.EMPL.FE.ZS,% del empleo femenino,21.6,True
Paraguay,PRY,Cono Sur,2007,2000s,Estructura sectorial,Empleo femenino en agricultura,SL.AGR.EMPL.FE.ZS,% del empleo femenino,23.5,True
Paraguay,PRY,Cono Sur,2008,2000s,Estructura sectorial,Empleo femenino en agricultura,SL.AGR.EMPL.FE.ZS,% del empleo femenino,19.2,False
Paraguay,PRY,Cono Sur,2009,2000s,Estructura sectorial,Empleo femenino en agricultura,SL.AGR.EMPL.FE.ZS,% del empleo femenino,21.6,True
Paraguay,PRY,Cono Sur,2010,2010s,Estructura sectorial,Empleo femenino en agricultura,SL.AGR.EMPL.FE.ZS,% del empleo femenino,19.1,False
Paraguay,PRY,Cono Sur,2011,2010s,Estructura sectorial,Empleo femenino en agricultura,SL.AGR.EMPL.FE.ZS,% del empleo femenino,20.2,False
Paraguay,PRY,Cono Sur,2012,2010s,Estructura sectorial,Empleo femenino en agricultura,SL.AGR.EMPL.FE.ZS,% del empleo femenino,23.0,True
Paraguay,PRY,Cono Sur,2013,2010s,Estructura sectorial,Empleo femenino en agricultura,SL.AGR.EMPL.FE.ZS,% del empleo femenino,16.5,False
Paraguay,PRY,Cono Sur,2014,2010s,Estructura sectorial,Empleo femenino en agricultura,SL.AGR.EMPL.FE.ZS,% del empleo femenino,16.6,False
Paraguay,PRY,Cono Sur,1990,1990s,Estructura sectorial,Empleo femenino en servicios,SL.SRV.EMPL.FE.ZS,% del empleo femenino,83.7,False
Paraguay,PRY,Cono Sur,1991,1990s,Estructura sectorial,Empleo femenino en servicios,SL.SRV.EMPL.FE.ZS,% del empleo femenino,85.9,False
Paraguay,PRY,Cono Sur,1992,1990s,Estructura sectorial,Empleo femenino en servicios,SL.SRV.EMPL.FE.ZS,% del empleo femenino,80.4,False
Paraguay,PRY,Cono Sur,1993,1990s,Estructura sectorial,Empleo femenino en servicios,SL.SRV.EMPL.FE.ZS,% del empleo femenino,85.8,False
Paraguay,PRY,Cono Sur,1994,1990s,Estructura sectorial,Empleo femenino en servicios,SL.SRV.EMPL.FE.ZS,% del empleo femenino,86.6,False
Paraguay,PRY,Cono Sur,1995,1990s,Estructura sectorial,Empleo femenino en servicios,SL.SRV.EMPL.FE.ZS,% del empleo femenino,55.5,False
Paraguay,PRY,Cono Sur,1997,1990s,Estructura sectorial,Empleo femenino en servicios,SL.SRV.EMPL.FE.ZS,% del empleo femenino,75.3,False
Paraguay,PRY,Cono Sur,1998,1990s,Estructura sectorial,Empleo femenino en servicios,SL.SRV.EMPL.FE.ZS,% del empleo femenino,75.2,False
Paraguay,PRY,Cono Sur,1999,1990s,Estructura sectorial,Empleo femenino en servicios,SL.SRV.EMPL.FE.ZS,% del empleo femenino,71.8,False
Paraguay,PRY,Cono Sur,2000,2000s,Estructura sectorial,Empleo femenino en servicios,SL.SRV.EMPL.FE.ZS,% del empleo femenino,69.2,False
Paraguay,PRY,Cono Sur,2001,2000s,Estructura sectorial,Empleo femenino en servicios,SL.SRV.EMPL.FE.ZS,% del empleo femenino,69.2,False
Paraguay,PRY,Cono Sur,2002,2000s,Estructura sectorial,Empleo femenino en servicios,SL.SRV.EMPL.FE.ZS,% del empleo femenino,70.0,False
Paraguay,PRY,Cono Sur,2003,2000s,Estructura sectorial,Empleo femenino en servicios,SL.SRV.EMPL.FE.ZS,% del empleo femenino,69.3,False
Paraguay,PRY,Cono Sur,2004,2000s,Estructura sectorial,Empleo femenino en servicios,SL.SRV.EMPL.FE.ZS,% del empleo femenino,64.3,False
Paraguay,PRY,Cono Sur,2005,2000s,Estructura sectorial,Empleo femenino en servicios,SL.SRV.EMPL.FE.ZS,% del empleo femenino,68.7,False
Paraguay,PRY,Cono Sur,2006,2000s,Estructura sectorial,Empleo femenino en servicios,SL.SRV.EMPL.FE.ZS,% del empleo femenino,69.5,False
Paraguay,PRY,Cono Sur,2007,2000s,Estructura sectorial,Empleo femenino en servicios,SL.SRV.EMPL.FE.ZS,% del empleo femenino,67.6,False
Paraguay,PRY,Cono Sur,2008,2000s,Estructura sectorial,Empleo femenino en servicios,SL.SRV.EMPL.FE.ZS,% del empleo femenino,71.1,False
Paraguay,PRY,Cono Sur,2009,2000s,Estructura sectorial,Empleo femenino en servicios,SL.SRV.EMPL.FE.ZS,% del empleo femenino,68.0,False
Paraguay,PRY,Cono Sur,2010,2010s,Estructura sectorial,Empleo femenino en servicios,SL.SRV.EMPL.FE.ZS,% del empleo femenino,72.3,False
Paraguay,PRY,Cono Sur,2011,2010s,Estructura sectorial,Empleo femenino en servicios,SL.SRV.EMPL.FE.ZS,% del empleo femenino,70.8,False
Paraguay,PRY,Cono Sur,2012,2010s,Estructura sectorial,Empleo femenino en servicios,SL.SRV.EMPL.FE.ZS,% del empleo femenino,68.7,False
Paraguay,PRY,Cono Sur,2013,2010s,Estructura sectorial,Empleo femenino en servicios,SL.SRV.EMPL.FE.ZS,% del empleo femenino,75.4,False
Paraguay,PRY,Cono Sur,2014,2010s,Estructura sectorial,Empleo femenino en servicios,SL.SRV.EMPL.FE.ZS,% del empleo femenino,74.3,False
Paraguay,PRY,Cono Sur,1990,1990s,Calidad del empleo,Empleo vulnerable femenino,SL.EMP.VULN.FE.ZS,% del empleo femenino,30.9,False
Paraguay,PRY,Cono Sur,1991,1990s,Calidad del empleo,Empleo vulnerable femenino,SL.EMP.VULN.FE.ZS,% del empleo femenino,29.8,False
Paraguay,PRY,Cono Sur,1992,1990s,Calidad del empleo,Empleo vulnerable femenino,SL.EMP.VULN.FE.ZS,% del empleo femenino,26.5,False
Paraguay,PRY,Cono Sur,1993,1990s,Calidad del empleo,Empleo vulnerable femenino,SL.EMP.VULN.FE.ZS,% del empleo femenino,27.7,False
Paraguay,PRY,Cono Sur,1994,1990s,Calidad del empleo,Empleo vulnerable femenino,SL.EMP.VULN.FE.ZS,% del empleo femenino,35.0,False
Paraguay,PRY,Cono Sur,1996,1990s,Calidad del empleo,Empleo vulnerable femenino,SL.EMP.VULN.FE.ZS,% del empleo femenino,41.6,False
Paraguay,PRY,Cono Sur,1997,1990s,Calidad del empleo,Empleo vulnerable femenino,SL.EMP.VULN.FE.ZS,% del empleo femenino,49.0,False
Paraguay,PRY,Cono Sur,1998,1990s,Calidad del empleo,Empleo vulnerable femenino,SL.EMP.VULN.FE.ZS,% del empleo femenino,49.5,False
Paraguay,PRY,Cono Sur,1999,1990s,Calidad del empleo,Empleo vulnerable femenino,SL.EMP.VULN.FE.ZS,% del empleo femenino,50.1,False
Paraguay,PRY,Cono Sur,2001,2000s,Calidad del empleo,Empleo vulnerable femenino,SL.EMP.VULN.FE.ZS,% del empleo femenino,51.9,False
Paraguay,PRY,Cono Sur,2002,2000s,Calidad del empleo,Empleo vulnerable femenino,SL.EMP.VULN.FE.ZS,% del empleo femenino,53.6,False
Paraguay,PRY,Cono Sur,2003,2000s,Calidad del empleo,Empleo vulnerable femenino,SL.EMP.VULN.FE.ZS,% del empleo femenino,52.2,False
Paraguay,PRY,Cono Sur,2004,2000s,Calidad del empleo,Empleo vulnerable femenino,SL.EMP.VULN.FE.ZS,% del empleo femenino,55.0,False
Paraguay,PRY,Cono Sur,2005,2000s,Calidad del empleo,Empleo vulnerable femenino,SL.EMP.VULN.FE.ZS,% del empleo femenino,48.8,False
Paraguay,PRY,Cono Sur,2006,2000s,Calidad del empleo,Empleo vulnerable femenino,SL.EMP.VULN.FE.ZS,% del empleo femenino,50.8,False
Paraguay,PRY,Cono Sur,2007,2000s,Calidad del empleo,Empleo vulnerable femenino,SL.EMP.VULN.FE.ZS,% del empleo femenino,50.3,False
Paraguay,PRY,Cono Sur,2008,2000s,Calidad del empleo,Empleo vulnerable femenino,SL.EMP.VULN.FE.ZS,% del empleo femenino,48.4,False
Paraguay,PRY,Cono Sur,2009,2000s,Calidad del empleo,Empleo vulnerable femenino,SL.EMP.VULN.FE.ZS,% del empleo femenino,49.2,False
Paraguay,PRY,Cono Sur,2010,2010s,Calidad del empleo,Empleo vulnerable femenino,SL.EMP.VULN.FE.ZS,% del empleo femenino,46.5,False
Paraguay,PRY,Cono Sur,2011,2010s,Calidad del empleo,Empleo vulnerable femenino,SL.EMP.VULN.FE.ZS,% del empleo femenino,45.6,False
Paraguay,PRY,Cono Sur,2012,2010s,Calidad del empleo,Empleo vulnerable femenino,SL.EMP.VULN.FE.ZS,% del empleo femenino,49.0,False
Paraguay,PRY,Cono Sur,2013,2010s,Calidad del empleo,Empleo vulnerable femenino,SL.EMP.VULN.FE.ZS,% del empleo femenino,40.9,False
Paraguay,PRY,Cono Sur,2014,2010s,Calidad del empleo,Empleo vulnerable femenino,SL.EMP.VULN.FE.ZS,% del empleo femenino,41.0,False
Paraguay,PRY,Cono Sur,2010,2010s,Liderazgo empresarial,Firmas con gerenta mujer,IC.FRM.FEMM.ZS,% de firmas,22.8,False
Paraguay,PRY,Cono Sur,2006,2000s,Liderazgo empresarial,Firmas con propiedad femenina,IC.FRM.FEMO.ZS,% de firmas,44.8,False
Paraguay,PRY,Cono Sur,2010,2010s,Liderazgo empresarial,Firmas con propiedad femenina,IC.FRM.FEMO.ZS,% de firmas,51.6,False
Paraguay,PRY,Cono Sur,2007,2000s,Liderazgo,Mujeres en puestos directivos,SG.GEN.LSOM.ZS,% del total de directivos,34.62,False
Paraguay,PRY,Cono Sur,2008,2000s,Liderazgo,Mujeres en puestos directivos,SG.GEN.LSOM.ZS,% del total de directivos,34.06,False
Paraguay,PRY,Cono Sur,2009,2000s,Liderazgo,Mujeres en puestos directivos,SG.GEN.LSOM.ZS,% del total de directivos,35.35,False
Paraguay,PRY,Cono Sur,2010,2010s,Liderazgo,Mujeres en puestos directivos,SG.GEN.LSOM.ZS,% del total de directivos,32.04,False
Paraguay,PRY,Cono Sur,2011,2010s,Liderazgo,Mujeres en puestos directivos,SG.GEN.LSOM.ZS,% del total de directivos,33.98,False
Paraguay,PRY,Cono Sur,2012,2010s,Liderazgo,Mujeres en puestos directivos,SG.GEN.LSOM.ZS,% del total de directivos,32.34,False
Paraguay,PRY,Cono Sur,2013,2010s,Liderazgo,Mujeres en puestos directivos,SG.GEN.LSOM.ZS,% del total de directivos,38.56,False
Paraguay,PRY,Cono Sur,2014,2010s,Liderazgo,Mujeres en puestos directivos,SG.GEN.LSOM.ZS,% del total de directivos,33.82,False
Paraguay,PRY,Cono Sur,1990,1990s,Contexto,PBI per cápita,NY.GDP.PCAP.CD,USD corrientes,1351.58,False
Paraguay,PRY,Cono Sur,1991,1990s,Contexto,PBI per cápita,NY.GDP.PCAP.CD,USD corrientes,1615.48,False
Paraguay,PRY,Cono Sur,1992,1990s,Contexto,PBI per cápita,NY.GDP.PCAP.CD,USD corrientes,1614.67,False
Paraguay,PRY,Cono Sur,1993,1990s,Contexto,PBI per cápita,NY.GDP.PCAP.CD,USD corrientes,1596.14,False
Paraguay,PRY,Cono Sur,1994,1990s,Contexto,PBI per cápita,NY.GDP.PCAP.CD,USD corrientes,1692.24,False
Paraguay,PRY,Cono Sur,1995,1990s,Contexto,PBI per cápita,NY.GDP.PCAP.CD,USD corrientes,1903.47,False
Paraguay,PRY,Cono Sur,1996,1990s,Contexto,PBI per cápita,NY.GDP.PCAP.CD,USD corrientes,2009.65,False
Paraguay,PRY,Cono Sur,1997,1990s,Contexto,PBI per cápita,NY.GDP.PCAP.CD,USD corrientes,2000.91,False
Paraguay,PRY,Cono Sur,1998,1990s,Contexto,PBI per cápita,NY.GDP.PCAP.CD,USD corrientes,1773.24,False
Paraguay,PRY,Cono Sur,1999,1990s,Contexto,PBI per cápita,NY.GDP.PCAP.CD,USD corrientes,1614.9,False
Paraguay,PRY,Cono Sur,2000,2000s,Contexto,PBI per cápita,NY.GDP.PCAP.CD,USD corrientes,1545.63,False
Paraguay,PRY,Cono Sur,2001,2000s,Contexto,PBI per cápita,NY.GDP.PCAP.CD,USD corrientes,1417.26,False
Paraguay,PRY,Cono Sur,2002,2000s,Contexto,PBI per cápita,NY.GDP.PCAP.CD,USD corrientes,1148.23,False
Paraguay,PRY,Cono Sur,2003,2000s,Contexto,PBI per cápita,NY.GDP.PCAP.CD,USD corrientes,1174.78,False
Paraguay,PRY,Cono Sur,2004,2000s,Contexto,PBI per cápita,NY.GDP.PCAP.CD,USD corrientes,1408.53,False
Paraguay,PRY,Cono Sur,2005,2000s,Contexto,PBI per cápita,NY.GDP.PCAP.CD,USD corrientes,1507.15,False
Paraguay,PRY,Cono Sur,2006,2000s,Contexto,PBI per cápita,NY.GDP.PCAP.CD,USD corrientes,1809.71,False
Paraguay,PRY,Cono Sur,2007,2000s,Contexto,PBI per cápita,NY.GDP.PCAP.CD,USD corrientes,2312.19,False
Paraguay,PRY,Cono Sur,2008,2000s,Contexto,PBI per cápita,NY.GDP.PCAP.CD,USD corrientes,3059.99,False
Paraguay,PRY,Cono Sur,2009,2000s,Contexto,PBI per cápita,NY.GDP.PCAP.CD,USD corrientes,2599.59,False
Paraguay,PRY,Cono Sur,2010,2010s,Contexto,PBI per cápita,NY.GDP.PCAP.CD,USD corrientes,3225.59,False
Paraguay,PRY,Cono Sur,2011,2010s,Contexto,PBI per cápita,NY.GDP.PCAP.CD,USD corrientes,3983.5,False
Paraguay,PRY,Cono Sur,2012,2010s,Contexto,PBI per cápita,NY.GDP.PCAP.CD,USD corrientes,3858.04,False
Paraguay,PRY,Cono Sur,2013,2010s,Contexto,PBI per cápita,NY.GDP.PCAP.CD,USD corrientes,4479.96,False
Paraguay,PRY,Cono Sur,2014,2010s,Contexto,PBI per cápita,NY.GDP.PCAP.CD,USD corrientes,4712.87,False
Paraguay,PRY,Cono Sur,1990,1990s,Participación,Participación laboral femenina,SL.TLF.CACT.FE.ZS,% de mujeres 15+,53.6,False
Paraguay,PRY,Cono Sur,1991,1990s,Participación,Participación laboral femenina,SL.TLF.CACT.FE.ZS,% de mujeres 15+,54.2,False
Paraguay,PRY,Cono Sur,1992,1990s,Participación,Participación laboral femenina,SL.TLF.CACT.FE.ZS,% de mujeres 15+,54.6,False
Paraguay,PRY,Cono Sur,1993,1990s,Participación,Participación laboral femenina,SL.TLF.CACT.FE.ZS,% de mujeres 15+,55.1,False
Paraguay,PRY,Cono Sur,1994,1990s,Participación,Participación laboral femenina,SL.TLF.CACT.FE.ZS,% de mujeres 15+,55.5,False
Paraguay,PRY,Cono Sur,1995,1990s,Participación,Participación laboral femenina,SL.TLF.CACT.FE.ZS,% de mujeres 15+,55.9,False
Paraguay,PRY,Cono Sur,1996,1990s,Participación,Participación laboral femenina,SL.TLF.CACT.FE.ZS,% de mujeres 15+,53.4,False
Paraguay,PRY,Cono Sur,1997,1990s,Participación,Participación laboral femenina,SL.TLF.CACT.FE.ZS,% de mujeres 15+,50.7,False
Paraguay,PRY,Cono Sur,1998,1990s,Participación,Participación laboral femenina,SL.TLF.CACT.FE.ZS,% de mujeres 15+,48.2,False
Paraguay,PRY,Cono Sur,1999,1990s,Participación,Participación laboral femenina,SL.TLF.CACT.FE.ZS,% de mujeres 15+,49.6,False
Paraguay,PRY,Cono Sur,2000,2000s,Participación,Participación laboral femenina,SL.TLF.CACT.FE.ZS,% de mujeres 15+,51.1,False
Paraguay,PRY,Cono Sur,2001,2000s,Participación,Participación laboral femenina,SL.TLF.CACT.FE.ZS,% de mujeres 15+,52.4,False
Paraguay,PRY,Cono Sur,2002,2000s,Participación,Participación laboral femenina,SL.TLF.CACT.FE.ZS,% de mujeres 15+,53.0,False
Paraguay,PRY,Cono Sur,2003,2000s,Participación,Participación laboral femenina,SL.TLF.CACT.FE.ZS,% de mujeres 15+,53.5,False
Paraguay,PRY,Cono Sur,2004,2000s,Participación,Participación laboral femenina,SL.TLF.CACT.FE.ZS,% de mujeres 15+,54.0,False
Paraguay,PRY,Cono Sur,2005,2000s,Participación,Participación laboral femenina,SL.TLF.CACT.FE.ZS,% de mujeres 15+,54.6,False
Paraguay,PRY,Cono Sur,2006,2000s,Participación,Participación laboral femenina,SL.TLF.CACT.FE.ZS,% de mujeres 15+,55.3,False
Paraguay,PRY,Cono Sur,2007,2000s,Participación,Participación laboral femenina,SL.TLF.CACT.FE.ZS,% de mujeres 15+,55.9,False
Paraguay,PRY,Cono Sur,2008,2000s,Participación,Participación laboral femenina,SL.TLF.CACT.FE.ZS,% de mujeres 15+,55.5,False
Paraguay,PRY,Cono Sur,2009,2000s,Participación,Participación laboral femenina,SL.TLF.CACT.FE.ZS,% de mujeres 15+,57.2,False
Paraguay,PRY,Cono Sur,2010,2010s,Participación,Participación laboral femenina,SL.TLF.CACT.FE.ZS,% de mujeres 15+,54.8,False
Paraguay,PRY,Cono Sur,2011,2010s,Participación,Participación laboral femenina,SL.TLF.CACT.FE.ZS,% de mujeres 15+,55.1,False
Paraguay,PRY,Cono Sur,2012,2010s,Participación,Participación laboral femenina,SL.TLF.CACT.FE.ZS,% de mujeres 15+,55.4,False
Paraguay,PRY,Cono Sur,2013,2010s,Participación,Participación laboral femenina,SL.TLF.CACT.FE.ZS,% de mujeres 15+,55.7,False
Paraguay,PRY,Cono Sur,2014,2010s,Participación,Participación laboral femenina,SL.TLF.CACT.FE.ZS,% de mujeres 15+,55.9,False
Paraguay,PRY,Cono Sur,1990,1990s,Participación,Participación laboral masculina,SL.TLF.CACT.MA.ZS,% de varones 15+,90.9,False
Paraguay,PRY,Cono Sur,1991,1990s,Participación,Participación laboral masculina,SL.TLF.CACT.MA.ZS,% de varones 15+,90.9,False
Paraguay,PRY,Cono Sur,1992,1990s,Participación,Participación laboral masculina,SL.TLF.CACT.MA.ZS,% de varones 15+,90.9,False
Paraguay,PRY,Cono Sur,1993,1990s,Participación,Participación laboral masculina,SL.TLF.CACT.MA.ZS,% de varones 15+,90.9,False
Paraguay,PRY,Cono Sur,1994,1990s,Participación,Participación laboral masculina,SL.TLF.CACT.MA.ZS,% de varones 15+,90.9,False
Paraguay,PRY,Cono Sur,1995,1990s,Participación,Participación laboral masculina,SL.TLF.CACT.MA.ZS,% de varones 15+,90.9,False
Paraguay,PRY,Cono Sur,1996,1990s,Participación,Participación laboral masculina,SL.TLF.CACT.MA.ZS,% de varones 15+,89.9,False
Paraguay,PRY,Cono Sur,1997,1990s,Participación,Participación laboral masculina,SL.TLF.CACT.MA.ZS,% de varones 15+,88.7,False
Paraguay,PRY,Cono Sur,1998,1990s,Participación,Participación laboral masculina,SL.TLF.CACT.MA.ZS,% de varones 15+,87.3,False
Paraguay,PRY,Cono Sur,1999,1990s,Participación,Participación laboral masculina,SL.TLF.CACT.MA.ZS,% de varones 15+,87.3,False
Paraguay,PRY,Cono Sur,2000,2000s,Participación,Participación laboral masculina,SL.TLF.CACT.MA.ZS,% de varones 15+,86.7,False
Paraguay,PRY,Cono Sur,2001,2000s,Participación,Participación laboral masculina,SL.TLF.CACT.MA.ZS,% de varones 15+,86.1,False
Paraguay,PRY,Cono Sur,2002,2000s,Participación,Participación laboral masculina,SL.TLF.CACT.MA.ZS,% de varones 15+,86.0,False
Paraguay,PRY,Cono Sur,2003,2000s,Participación,Participación laboral masculina,SL.TLF.CACT.MA.ZS,% de varones 15+,85.9,False
Paraguay,PRY,Cono Sur,2004,2000s,Participación,Participación laboral masculina,SL.TLF.CACT.MA.ZS,% de varones 15+,85.8,False
Paraguay,PRY,Cono Sur,2005,2000s,Participación,Participación laboral masculina,SL.TLF.CACT.MA.ZS,% de varones 15+,85.7,False
Paraguay,PRY,Cono Sur,2006,2000s,Participación,Participación laboral masculina,SL.TLF.CACT.MA.ZS,% de varones 15+,85.6,False
Paraguay,PRY,Cono Sur,2007,2000s,Participación,Participación laboral masculina,SL.TLF.CACT.MA.ZS,% de varones 15+,85.5,False
Paraguay,PRY,Cono Sur,2008,2000s,Participación,Participación laboral masculina,SL.TLF.CACT.MA.ZS,% de varones 15+,85.9,False
Paraguay,PRY,Cono Sur,2009,2000s,Participación,Participación laboral masculina,SL.TLF.CACT.MA.ZS,% de varones 15+,86.4,False
Paraguay,PRY,Cono Sur,2010,2010s,Participación,Participación laboral masculina,SL.TLF.CACT.MA.ZS,% de varones 15+,84.7,False
Paraguay,PRY,Cono Sur,2011,2010s,Participación,Participación laboral masculina,SL.TLF.CACT.MA.ZS,% de varones 15+,84.8,False
Paraguay,PRY,Cono Sur,2012,2010s,Participación,Participación laboral masculina,SL.TLF.CACT.MA.ZS,% de varones 15+,84.8,False
Paraguay,PRY,Cono Sur,2013,2010s,Participación,Participación laboral masculina,SL.TLF.CACT.MA.ZS,% de varones 15+,84.8,False
Paraguay,PRY,Cono Sur,2014,2010s,Participación,Participación laboral masculina,SL.TLF.CACT.MA.ZS,% de varones 15+,84.8,False
Paraguay,PRY,Cono Sur,1990,1990s,Participación,Ratio participación mujer/varón,SL.TLF.CACT.FM.ZS,% (mujer/varón),58.97,False
Paraguay,PRY,Cono Sur,1991,1990s,Participación,Ratio participación mujer/varón,SL.TLF.CACT.FM.ZS,% (mujer/varón),59.63,False
Paraguay,PRY,Cono Sur,1992,1990s,Participación,Ratio participación mujer/varón,SL.TLF.CACT.FM.ZS,% (mujer/varón),60.07,False
Paraguay,PRY,Cono Sur,1993,1990s,Participación,Ratio participación mujer/varón,SL.TLF.CACT.FM.ZS,% (mujer/varón),60.62,False
Paraguay,PRY,Cono Sur,1994,1990s,Participación,Ratio participación mujer/varón,SL.TLF.CACT.FM.ZS,% (mujer/varón),61.06,False
Paraguay,PRY,Cono Sur,1995,1990s,Participación,Ratio participación mujer/varón,SL.TLF.CACT.FM.ZS,% (mujer/varón),61.5,False
Paraguay,PRY,Cono Sur,1996,1990s,Participación,Ratio participación mujer/varón,SL.TLF.CACT.FM.ZS,% (mujer/varón),59.4,False
Paraguay,PRY,Cono Sur,1997,1990s,Participación,Ratio participación mujer/varón,SL.TLF.CACT.FM.ZS,% (mujer/varón),57.16,False
Paraguay,PRY,Cono Sur,1998,1990s,Participación,Ratio participación mujer/varón,SL.TLF.CACT.FM.ZS,% (mujer/varón),55.21,False
Paraguay,PRY,Cono Sur,1999,1990s,Participación,Ratio participación mujer/varón,SL.TLF.CACT.FM.ZS,% (mujer/varón),56.82,False
Paraguay,PRY,Cono Sur,2000,2000s,Participación,Ratio participación mujer/varón,SL.TLF.CACT.FM.ZS,% (mujer/varón),58.94,False
Paraguay,PRY,Cono Sur,2001,2000s,Participación,Ratio participación mujer/varón,SL.TLF.CACT.FM.ZS,% (mujer/varón),60.86,False
Paraguay,PRY,Cono Sur,2002,2000s,Participación,Ratio participación mujer/varón,SL.TLF.CACT.FM.ZS,% (mujer/varón),61.63,False
Paraguay,PRY,Cono Sur,2003,2000s,Participación,Ratio participación mujer/varón,SL.TLF.CACT.FM.ZS,% (mujer/varón),62.28,False
Paraguay,PRY,Cono Sur,2004,2000s,Participación,Ratio participación mujer/varón,SL.TLF.CACT.FM.ZS,% (mujer/varón),62.94,False
Paraguay,PRY,Cono Sur,2005,2000s,Participación,Ratio participación mujer/varón,SL.TLF.CACT.FM.ZS,% (mujer/varón),63.71,False
Paraguay,PRY,Cono Sur,2006,2000s,Participación,Ratio participación mujer/varón,SL.TLF.CACT.FM.ZS,% (mujer/varón),64.6,False
Paraguay,PRY,Cono Sur,2007,2000s,Participación,Ratio participación mujer/varón,SL.TLF.CACT.FM.ZS,% (mujer/varón),65.38,False
Paraguay,PRY,Cono Sur,2008,2000s,Participación,Ratio participación mujer/varón,SL.TLF.CACT.FM.ZS,% (mujer/varón),64.61,False
Paraguay,PRY,Cono Sur,2009,2000s,Participación,Ratio participación mujer/varón,SL.TLF.CACT.FM.ZS,% (mujer/varón),66.2,False
Paraguay,PRY,Cono Sur,2010,2010s,Participación,Ratio participación mujer/varón,SL.TLF.CACT.FM.ZS,% (mujer/varón),64.7,False
Paraguay,PRY,Cono Sur,2011,2010s,Participación,Ratio participación mujer/varón,SL.TLF.CACT.FM.ZS,% (mujer/varón),64.98,False
Paraguay,PRY,Cono Sur,2012,2010s,Participación,Ratio participación mujer/varón,SL.TLF.CACT.FM.ZS,% (mujer/varón),65.33,False
Paraguay,PRY,Cono Sur,2013,2010s,Participación,Ratio participación mujer/varón,SL.TLF.CACT.FM.ZS,% (mujer/varón),65.68,False
Paraguay,PRY,Cono Sur,2014,2010s,Participación,Ratio participación mujer/varón,SL.TLF.CACT.FM.ZS,% (mujer/varón),65.92,False
Perú,PER,Región Andina,1990,1990s,Calidad del empleo,Asalariadas,SL.EMP.WORK.FE.ZS,% del empleo femenino,52.8,False
Perú,PER,Región Andina,1991,1990s,Calidad del empleo,Asalariadas,SL.EMP.WORK.FE.ZS,% del empleo femenino,55.2,False
Perú,PER,Región Andina,1992,1990s,Calidad del empleo,Asalariadas,SL.EMP.WORK.FE.ZS,% del empleo femenino,52.8,False
Perú,PER,Región Andina,1993,1990s,Calidad del empleo,Asalariadas,SL.EMP.WORK.FE.ZS,% del empleo femenino,54.7,False
Perú,PER,Región Andina,1994,1990s,Calidad del empleo,Asalariadas,SL.EMP.WORK.FE.ZS,% del empleo femenino,52.9,False
Perú,PER,Región Andina,1995,1990s,Calidad del empleo,Asalariadas,SL.EMP.WORK.FE.ZS,% del empleo femenino,53.6,False
Perú,PER,Región Andina,1996,1990s,Calidad del empleo,Asalariadas,SL.EMP.WORK.FE.ZS,% del empleo femenino,36.1,False
Perú,PER,Región Andina,1997,1990s,Calidad del empleo,Asalariadas,SL.EMP.WORK.FE.ZS,% del empleo femenino,32.7,False
Perú,PER,Región Andina,1998,1990s,Calidad del empleo,Asalariadas,SL.EMP.WORK.FE.ZS,% del empleo femenino,36.2,False
Perú,PER,Región Andina,1999,1990s,Calidad del empleo,Asalariadas,SL.EMP.WORK.FE.ZS,% del empleo femenino,35.7,False
Perú,PER,Región Andina,2000,2000s,Calidad del empleo,Asalariadas,SL.EMP.WORK.FE.ZS,% del empleo femenino,32.6,False
Perú,PER,Región Andina,2001,2000s,Calidad del empleo,Asalariadas,SL.EMP.WORK.FE.ZS,% del empleo femenino,33.2,False
Perú,PER,Región Andina,2002,2000s,Calidad del empleo,Asalariadas,SL.EMP.WORK.FE.ZS,% del empleo femenino,61.0,False
Perú,PER,Región Andina,2003,2000s,Calidad del empleo,Asalariadas,SL.EMP.WORK.FE.ZS,% del empleo femenino,58.4,False
Perú,PER,Región Andina,2004,2000s,Calidad del empleo,Asalariadas,SL.EMP.WORK.FE.ZS,% del empleo femenino,35.5,False
Perú,PER,Región Andina,2005,2000s,Calidad del empleo,Asalariadas,SL.EMP.WORK.FE.ZS,% del empleo femenino,36.5,False
Perú,PER,Región Andina,2006,2000s,Calidad del empleo,Asalariadas,SL.EMP.WORK.FE.ZS,% del empleo femenino,37.9,False
Perú,PER,Región Andina,2007,2000s,Calidad del empleo,Asalariadas,SL.EMP.WORK.FE.ZS,% del empleo femenino,39.5,False
Perú,PER,Región Andina,2008,2000s,Calidad del empleo,Asalariadas,SL.EMP.WORK.FE.ZS,% del empleo femenino,40.2,False
Perú,PER,Región Andina,2009,2000s,Calidad del empleo,Asalariadas,SL.EMP.WORK.FE.ZS,% del empleo femenino,40.3,False
Perú,PER,Región Andina,2010,2010s,Calidad del empleo,Asalariadas,SL.EMP.WORK.FE.ZS,% del empleo femenino,40.9,False
Perú,PER,Región Andina,2011,2010s,Calidad del empleo,Asalariadas,SL.EMP.WORK.FE.ZS,% del empleo femenino,42.3,False
Perú,PER,Región Andina,2012,2010s,Calidad del empleo,Asalariadas,SL.EMP.WORK.FE.ZS,% del empleo femenino,43.6,False
Perú,PER,Región Andina,1990,1990s,Liderazgo,Bancas parlamentarias femeninas,SG.GEN.PARL.ZS,% de bancas,5.6,False
Perú,PER,Región Andina,1997,1990s,Liderazgo,Bancas parlamentarias femeninas,SG.GEN.PARL.ZS,% de bancas,10.8,False
Perú,PER,Región Andina,1998,1990s,Liderazgo,Bancas parlamentarias femeninas,SG.GEN.PARL.ZS,% de bancas,10.8,False
Perú,PER,Región Andina,1999,1990s,Liderazgo,Bancas parlamentarias femeninas,SG.GEN.PARL.ZS,% de bancas,10.8,False
Perú,PER,Región Andina,2001,2000s,Liderazgo,Bancas parlamentarias femeninas,SG.GEN.PARL.ZS,% de bancas,17.5,False
Perú,PER,Región Andina,2002,2000s,Liderazgo,Bancas parlamentarias femeninas,SG.GEN.PARL.ZS,% de bancas,17.5,False
Perú,PER,Región Andina,2003,2000s,Liderazgo,Bancas parlamentarias femeninas,SG.GEN.PARL.ZS,% de bancas,17.5,False
Perú,PER,Región Andina,2004,2000s,Liderazgo,Bancas parlamentarias femeninas,SG.GEN.PARL.ZS,% de bancas,18.3,False
Perú,PER,Región Andina,2005,2000s,Liderazgo,Bancas parlamentarias femeninas,SG.GEN.PARL.ZS,% de bancas,18.3,False
Perú,PER,Región Andina,2006,2000s,Liderazgo,Bancas parlamentarias femeninas,SG.GEN.PARL.ZS,% de bancas,29.2,False
Perú,PER,Región Andina,2007,2000s,Liderazgo,Bancas parlamentarias femeninas,SG.GEN.PARL.ZS,% de bancas,29.2,False
Perú,PER,Región Andina,2008,2000s,Liderazgo,Bancas parlamentarias femeninas,SG.GEN.PARL.ZS,% de bancas,29.2,False
Perú,PER,Región Andina,2009,2000s,Liderazgo,Bancas parlamentarias femeninas,SG.GEN.PARL.ZS,% de bancas,27.5,False
Perú,PER,Región Andina,2010,2010s,Liderazgo,Bancas parlamentarias femeninas,SG.GEN.PARL.ZS,% de bancas,27.5,False
Perú,PER,Región Andina,2011,2010s,Liderazgo,Bancas parlamentarias femeninas,SG.GEN.PARL.ZS,% de bancas,21.5,False
Perú,PER,Región Andina,2012,2010s,Liderazgo,Bancas parlamentarias femeninas,SG.GEN.PARL.ZS,% de bancas,21.5,False
Perú,PER,Región Andina,2013,2010s,Liderazgo,Bancas parlamentarias femeninas,SG.GEN.PARL.ZS,% de bancas,21.5,False
Perú,PER,Región Andina,2014,2010s,Liderazgo,Bancas parlamentarias femeninas,SG.GEN.PARL.ZS,% de bancas,22.3,False
Perú,PER,Región Andina,1991,1990s,Calidad del empleo,Desempleo femenino,SL.UEM.TOTL.FE.ZS,% de la PEA femenina,6.9,False
Perú,PER,Región Andina,1992,1990s,Calidad del empleo,Desempleo femenino,SL.UEM.TOTL.FE.ZS,% de la PEA femenina,5.7,False
Perú,PER,Región Andina,1993,1990s,Calidad del empleo,Desempleo femenino,SL.UEM.TOTL.FE.ZS,% de la PEA femenina,7.1,False
Perú,PER,Región Andina,1994,1990s,Calidad del empleo,Desempleo femenino,SL.UEM.TOTL.FE.ZS,% de la PEA femenina,6.2,False
Perú,PER,Región Andina,1995,1990s,Calidad del empleo,Desempleo femenino,SL.UEM.TOTL.FE.ZS,% de la PEA femenina,6.3,False
Perú,PER,Región Andina,1996,1990s,Calidad del empleo,Desempleo femenino,SL.UEM.TOTL.FE.ZS,% de la PEA femenina,7.0,False
Perú,PER,Región Andina,1997,1990s,Calidad del empleo,Desempleo femenino,SL.UEM.TOTL.FE.ZS,% de la PEA femenina,5.9,False
Perú,PER,Región Andina,1998,1990s,Calidad del empleo,Desempleo femenino,SL.UEM.TOTL.FE.ZS,% de la PEA femenina,5.6,False
Perú,PER,Región Andina,1999,1990s,Calidad del empleo,Desempleo femenino,SL.UEM.TOTL.FE.ZS,% de la PEA femenina,6.9,False
Perú,PER,Región Andina,2000,2000s,Calidad del empleo,Desempleo femenino,SL.UEM.TOTL.FE.ZS,% de la PEA femenina,6.8,False
Perú,PER,Región Andina,2001,2000s,Calidad del empleo,Desempleo femenino,SL.UEM.TOTL.FE.ZS,% de la PEA femenina,5.5,False
Perú,PER,Región Andina,2002,2000s,Calidad del empleo,Desempleo femenino,SL.UEM.TOTL.FE.ZS,% de la PEA femenina,6.3,False
Perú,PER,Región Andina,2003,2000s,Calidad del empleo,Desempleo femenino,SL.UEM.TOTL.FE.ZS,% de la PEA femenina,6.7,False
Perú,PER,Región Andina,2004,2000s,Calidad del empleo,Desempleo femenino,SL.UEM.TOTL.FE.ZS,% de la PEA femenina,6.0,False
Perú,PER,Región Andina,2005,2000s,Calidad del empleo,Desempleo femenino,SL.UEM.TOTL.FE.ZS,% de la PEA femenina,5.8,False
Perú,PER,Región Andina,2006,2000s,Calidad del empleo,Desempleo femenino,SL.UEM.TOTL.FE.ZS,% de la PEA femenina,5.1,False
Perú,PER,Región Andina,2007,2000s,Calidad del empleo,Desempleo femenino,SL.UEM.TOTL.FE.ZS,% de la PEA femenina,5.2,False
Perú,PER,Región Andina,2008,2000s,Calidad del empleo,Desempleo femenino,SL.UEM.TOTL.FE.ZS,% de la PEA femenina,5.0,False
Perú,PER,Región Andina,2009,2000s,Calidad del empleo,Desempleo femenino,SL.UEM.TOTL.FE.ZS,% de la PEA femenina,4.7,False
Perú,PER,Región Andina,2010,2010s,Calidad del empleo,Desempleo femenino,SL.UEM.TOTL.FE.ZS,% de la PEA femenina,4.3,False
Perú,PER,Región Andina,2011,2010s,Calidad del empleo,Desempleo femenino,SL.UEM.TOTL.FE.ZS,% de la PEA femenina,4.3,False
Perú,PER,Región Andina,2012,2010s,Calidad del empleo,Desempleo femenino,SL.UEM.TOTL.FE.ZS,% de la PEA femenina,4.3,False
Perú,PER,Región Andina,2013,2010s,Calidad del empleo,Desempleo femenino,SL.UEM.TOTL.FE.ZS,% de la PEA femenina,4.6,False
Perú,PER,Región Andina,2014,2010s,Calidad del empleo,Desempleo femenino,SL.UEM.TOTL.FE.ZS,% de la PEA femenina,4.8,False
Perú,PER,Región Andina,1990,1990s,Calidad del empleo,Empleadoras,SL.EMP.MPYR.FE.ZS,% del empleo femenino,1.7,False
Perú,PER,Región Andina,1991,1990s,Calidad del empleo,Empleadoras,SL.EMP.MPYR.FE.ZS,% del empleo femenino,2.3,False
Perú,PER,Región Andina,1992,1990s,Calidad del empleo,Empleadoras,SL.EMP.MPYR.FE.ZS,% del empleo femenino,1.5,False
Perú,PER,Región Andina,1993,1990s,Calidad del empleo,Empleadoras,SL.EMP.MPYR.FE.ZS,% del empleo femenino,2.3,False
Perú,PER,Región Andina,1994,1990s,Calidad del empleo,Empleadoras,SL.EMP.MPYR.FE.ZS,% del empleo femenino,2.9,False
Perú,PER,Región Andina,1995,1990s,Calidad del empleo,Empleadoras,SL.EMP.MPYR.FE.ZS,% del empleo femenino,2.7,False
Perú,PER,Región Andina,1996,1990s,Calidad del empleo,Empleadoras,SL.EMP.MPYR.FE.ZS,% del empleo femenino,2.5,False
Perú,PER,Región Andina,1997,1990s,Calidad del empleo,Empleadoras,SL.EMP.MPYR.FE.ZS,% del empleo femenino,2.8,False
Perú,PER,Región Andina,1998,1990s,Calidad del empleo,Empleadoras,SL.EMP.MPYR.FE.ZS,% del empleo femenino,3.3,False
Perú,PER,Región Andina,1999,1990s,Calidad del empleo,Empleadoras,SL.EMP.MPYR.FE.ZS,% del empleo femenino,3.0,False
Perú,PER,Región Andina,2000,2000s,Calidad del empleo,Empleadoras,SL.EMP.MPYR.FE.ZS,% del empleo femenino,2.9,False
Perú,PER,Región Andina,2001,2000s,Calidad del empleo,Empleadoras,SL.EMP.MPYR.FE.ZS,% del empleo femenino,3.0,False
Perú,PER,Región Andina,2002,2000s,Calidad del empleo,Empleadoras,SL.EMP.MPYR.FE.ZS,% del empleo femenino,1.9,False
Perú,PER,Región Andina,2003,2000s,Calidad del empleo,Empleadoras,SL.EMP.MPYR.FE.ZS,% del empleo femenino,3.1,False
Perú,PER,Región Andina,2004,2000s,Calidad del empleo,Empleadoras,SL.EMP.MPYR.FE.ZS,% del empleo femenino,2.6,False
Perú,PER,Región Andina,2005,2000s,Calidad del empleo,Empleadoras,SL.EMP.MPYR.FE.ZS,% del empleo femenino,3.0,False
Perú,PER,Región Andina,2006,2000s,Calidad del empleo,Empleadoras,SL.EMP.MPYR.FE.ZS,% del empleo femenino,3.0,False
Perú,PER,Región Andina,2007,2000s,Calidad del empleo,Empleadoras,SL.EMP.MPYR.FE.ZS,% del empleo femenino,3.3,False
Perú,PER,Región Andina,2008,2000s,Calidad del empleo,Empleadoras,SL.EMP.MPYR.FE.ZS,% del empleo femenino,2.9,False
Perú,PER,Región Andina,2009,2000s,Calidad del empleo,Empleadoras,SL.EMP.MPYR.FE.ZS,% del empleo femenino,3.1,False
Perú,PER,Región Andina,2010,2010s,Calidad del empleo,Empleadoras,SL.EMP.MPYR.FE.ZS,% del empleo femenino,3.2,False
Perú,PER,Región Andina,2011,2010s,Calidad del empleo,Empleadoras,SL.EMP.MPYR.FE.ZS,% del empleo femenino,2.8,False
Perú,PER,Región Andina,2012,2010s,Calidad del empleo,Empleadoras,SL.EMP.MPYR.FE.ZS,% del empleo femenino,3.0,False
Perú,PER,Región Andina,1990,1990s,Estructura sectorial,Empleo femenino en agricultura,SL.AGR.EMPL.FE.ZS,% del empleo femenino,0.6,False
Perú,PER,Región Andina,1991,1990s,Estructura sectorial,Empleo femenino en agricultura,SL.AGR.EMPL.FE.ZS,% del empleo femenino,0.4,False
Perú,PER,Región Andina,1992,1990s,Estructura sectorial,Empleo femenino en agricultura,SL.AGR.EMPL.FE.ZS,% del empleo femenino,0.3,False
Perú,PER,Región Andina,1993,1990s,Estructura sectorial,Empleo femenino en agricultura,SL.AGR.EMPL.FE.ZS,% del empleo femenino,0.3,False
Perú,PER,Región Andina,1994,1990s,Estructura sectorial,Empleo femenino en agricultura,SL.AGR.EMPL.FE.ZS,% del empleo femenino,0.3,False
Perú,PER,Región Andina,1995,1990s,Estructura sectorial,Empleo femenino en agricultura,SL.AGR.EMPL.FE.ZS,% del empleo femenino,0.4,False
Perú,PER,Región Andina,1996,1990s,Estructura sectorial,Empleo femenino en agricultura,SL.AGR.EMPL.FE.ZS,% del empleo femenino,3.6,False
Perú,PER,Región Andina,1997,1990s,Estructura sectorial,Empleo femenino en agricultura,SL.AGR.EMPL.FE.ZS,% del empleo femenino,4.7,False
Perú,PER,Región Andina,1998,1990s,Estructura sectorial,Empleo femenino en agricultura,SL.AGR.EMPL.FE.ZS,% del empleo femenino,3.1,False
Perú,PER,Región Andina,1999,1990s,Estructura sectorial,Empleo femenino en agricultura,SL.AGR.EMPL.FE.ZS,% del empleo femenino,3.3,False
Perú,PER,Región Andina,2000,2000s,Estructura sectorial,Empleo femenino en agricultura,SL.AGR.EMPL.FE.ZS,% del empleo femenino,3.9,False
Perú,PER,Región Andina,2001,2000s,Estructura sectorial,Empleo femenino en agricultura,SL.AGR.EMPL.FE.ZS,% del empleo femenino,6.1,False
Perú,PER,Región Andina,2002,2000s,Estructura sectorial,Empleo femenino en agricultura,SL.AGR.EMPL.FE.ZS,% del empleo femenino,7.5,False
Perú,PER,Región Andina,2003,2000s,Estructura sectorial,Empleo femenino en agricultura,SL.AGR.EMPL.FE.ZS,% del empleo femenino,7.7,False
Perú,PER,Región Andina,2004,2000s,Estructura sectorial,Empleo femenino en agricultura,SL.AGR.EMPL.FE.ZS,% del empleo femenino,7.6,False
Perú,PER,Región Andina,2005,2000s,Estructura sectorial,Empleo femenino en agricultura,SL.AGR.EMPL.FE.ZS,% del empleo femenino,8.0,False
Perú,PER,Región Andina,2006,2000s,Estructura sectorial,Empleo femenino en agricultura,SL.AGR.EMPL.FE.ZS,% del empleo femenino,7.5,False
Perú,PER,Región Andina,2007,2000s,Estructura sectorial,Empleo femenino en agricultura,SL.AGR.EMPL.FE.ZS,% del empleo femenino,5.5,False
Perú,PER,Región Andina,2008,2000s,Estructura sectorial,Empleo femenino en agricultura,SL.AGR.EMPL.FE.ZS,% del empleo femenino,5.5,False
Perú,PER,Región Andina,1990,1990s,Estructura sectorial,Empleo femenino en servicios,SL.SRV.EMPL.FE.ZS,% del empleo femenino,79.7,False
Perú,PER,Región Andina,1991,1990s,Estructura sectorial,Empleo femenino en servicios,SL.SRV.EMPL.FE.ZS,% del empleo femenino,84.0,False
Perú,PER,Región Andina,1992,1990s,Estructura sectorial,Empleo femenino en servicios,SL.SRV.EMPL.FE.ZS,% del empleo femenino,86.9,False
Perú,PER,Región Andina,1993,1990s,Estructura sectorial,Empleo femenino en servicios,SL.SRV.EMPL.FE.ZS,% del empleo femenino,84.6,False
Perú,PER,Región Andina,1994,1990s,Estructura sectorial,Empleo femenino en servicios,SL.SRV.EMPL.FE.ZS,% del empleo femenino,85.3,False
Perú,PER,Región Andina,1995,1990s,Estructura sectorial,Empleo femenino en servicios,SL.SRV.EMPL.FE.ZS,% del empleo femenino,83.1,False
Perú,PER,Región Andina,1996,1990s,Estructura sectorial,Empleo femenino en servicios,SL.SRV.EMPL.FE.ZS,% del empleo femenino,84.2,False
Perú,PER,Región Andina,1997,1990s,Estructura sectorial,Empleo femenino en servicios,SL.SRV.EMPL.FE.ZS,% del empleo femenino,83.1,False
Perú,PER,Región Andina,1998,1990s,Estructura sectorial,Empleo femenino en servicios,SL.SRV.EMPL.FE.ZS,% del empleo femenino,85.9,False
Perú,PER,Región Andina,1999,1990s,Estructura sectorial,Empleo femenino en servicios,SL.SRV.EMPL.FE.ZS,% del empleo femenino,85.6,False
Perú,PER,Región Andina,2000,2000s,Estructura sectorial,Empleo femenino en servicios,SL.SRV.EMPL.FE.ZS,% del empleo femenino,84.6,False
Perú,PER,Región Andina,2001,2000s,Estructura sectorial,Empleo femenino en servicios,SL.SRV.EMPL.FE.ZS,% del empleo femenino,83.8,False
Perú,PER,Región Andina,2002,2000s,Estructura sectorial,Empleo femenino en servicios,SL.SRV.EMPL.FE.ZS,% del empleo femenino,82.1,False
Perú,PER,Región Andina,2003,2000s,Estructura sectorial,Empleo femenino en servicios,SL.SRV.EMPL.FE.ZS,% del empleo femenino,82.8,False
Perú,PER,Región Andina,2004,2000s,Estructura sectorial,Empleo femenino en servicios,SL.SRV.EMPL.FE.ZS,% del empleo femenino,82.2,False
Perú,PER,Región Andina,2005,2000s,Estructura sectorial,Empleo femenino en servicios,SL.SRV.EMPL.FE.ZS,% del empleo femenino,80.9,False
Perú,PER,Región Andina,2006,2000s,Estructura sectorial,Empleo femenino en servicios,SL.SRV.EMPL.FE.ZS,% del empleo femenino,81.5,False
Perú,PER,Región Andina,2007,2000s,Estructura sectorial,Empleo femenino en servicios,SL.SRV.EMPL.FE.ZS,% del empleo femenino,82.2,False
Perú,PER,Región Andina,2008,2000s,Estructura sectorial,Empleo femenino en servicios,SL.SRV.EMPL.FE.ZS,% del empleo femenino,81.9,False
Perú,PER,Región Andina,1990,1990s,Calidad del empleo,Empleo vulnerable femenino,SL.EMP.VULN.FE.ZS,% del empleo femenino,45.5,False
Perú,PER,Región Andina,1991,1990s,Calidad del empleo,Empleo vulnerable femenino,SL.EMP.VULN.FE.ZS,% del empleo femenino,42.5,False
Perú,PER,Región Andina,1992,1990s,Calidad del empleo,Empleo vulnerable femenino,SL.EMP.VULN.FE.ZS,% del empleo femenino,45.7,False
Perú,PER,Región Andina,1993,1990s,Calidad del empleo,Empleo vulnerable femenino,SL.EMP.VULN.FE.ZS,% del empleo femenino,43.1,False
Perú,PER,Región Andina,1994,1990s,Calidad del empleo,Empleo vulnerable femenino,SL.EMP.VULN.FE.ZS,% del empleo femenino,44.2,False
Perú,PER,Región Andina,1995,1990s,Calidad del empleo,Empleo vulnerable femenino,SL.EMP.VULN.FE.ZS,% del empleo femenino,43.7,False
Perú,PER,Región Andina,1996,1990s,Calidad del empleo,Empleo vulnerable femenino,SL.EMP.VULN.FE.ZS,% del empleo femenino,52.0,False
Perú,PER,Región Andina,1997,1990s,Calidad del empleo,Empleo vulnerable femenino,SL.EMP.VULN.FE.ZS,% del empleo femenino,54.9,False
Perú,PER,Región Andina,1998,1990s,Calidad del empleo,Empleo vulnerable femenino,SL.EMP.VULN.FE.ZS,% del empleo femenino,50.2,False
Perú,PER,Región Andina,1999,1990s,Calidad del empleo,Empleo vulnerable femenino,SL.EMP.VULN.FE.ZS,% del empleo femenino,50.1,False
Perú,PER,Región Andina,2000,2000s,Calidad del empleo,Empleo vulnerable femenino,SL.EMP.VULN.FE.ZS,% del empleo femenino,51.9,False
Perú,PER,Región Andina,2001,2000s,Calidad del empleo,Empleo vulnerable femenino,SL.EMP.VULN.FE.ZS,% del empleo femenino,52.7,False
Perú,PER,Región Andina,2002,2000s,Calidad del empleo,Empleo vulnerable femenino,SL.EMP.VULN.FE.ZS,% del empleo femenino,36.9,False
Perú,PER,Región Andina,2003,2000s,Calidad del empleo,Empleo vulnerable femenino,SL.EMP.VULN.FE.ZS,% del empleo femenino,38.5,False
Perú,PER,Región Andina,2004,2000s,Calidad del empleo,Empleo vulnerable femenino,SL.EMP.VULN.FE.ZS,% del empleo femenino,61.9,False
Perú,PER,Región Andina,2005,2000s,Calidad del empleo,Empleo vulnerable femenino,SL.EMP.VULN.FE.ZS,% del empleo femenino,60.5,False
Perú,PER,Región Andina,2006,2000s,Calidad del empleo,Empleo vulnerable femenino,SL.EMP.VULN.FE.ZS,% del empleo femenino,59.1,False
Perú,PER,Región Andina,2007,2000s,Calidad del empleo,Empleo vulnerable femenino,SL.EMP.VULN.FE.ZS,% del empleo femenino,57.3,False
Perú,PER,Región Andina,2008,2000s,Calidad del empleo,Empleo vulnerable femenino,SL.EMP.VULN.FE.ZS,% del empleo femenino,56.9,False
Perú,PER,Región Andina,2009,2000s,Calidad del empleo,Empleo vulnerable femenino,SL.EMP.VULN.FE.ZS,% del empleo femenino,56.6,False
Perú,PER,Región Andina,2010,2010s,Calidad del empleo,Empleo vulnerable femenino,SL.EMP.VULN.FE.ZS,% del empleo femenino,55.9,False
Perú,PER,Región Andina,2011,2010s,Calidad del empleo,Empleo vulnerable femenino,SL.EMP.VULN.FE.ZS,% del empleo femenino,54.9,False
Perú,PER,Región Andina,2012,2010s,Calidad del empleo,Empleo vulnerable femenino,SL.EMP.VULN.FE.ZS,% del empleo femenino,53.4,False
Perú,PER,Región Andina,2010,2010s,Liderazgo empresarial,Firmas con gerenta mujer,IC.FRM.FEMM.ZS,% de firmas,14.1,False
Perú,PER,Región Andina,2006,2000s,Liderazgo empresarial,Firmas con propiedad femenina,IC.FRM.FEMO.ZS,% de firmas,32.8,False
Perú,PER,Región Andina,2010,2010s,Liderazgo empresarial,Firmas con propiedad femenina,IC.FRM.FEMO.ZS,% de firmas,28.7,False
Perú,PER,Región Andina,1996,1990s,Liderazgo,Mujeres en puestos directivos,SG.GEN.LSOM.ZS,% del total de directivos,26.66,False
Perú,PER,Región Andina,1997,1990s,Liderazgo,Mujeres en puestos directivos,SG.GEN.LSOM.ZS,% del total de directivos,19.91,False
Perú,PER,Región Andina,1998,1990s,Liderazgo,Mujeres en puestos directivos,SG.GEN.LSOM.ZS,% del total de directivos,27.23,False
Perú,PER,Región Andina,1999,1990s,Liderazgo,Mujeres en puestos directivos,SG.GEN.LSOM.ZS,% del total de directivos,23.22,False
Perú,PER,Región Andina,2000,2000s,Liderazgo,Mujeres en puestos directivos,SG.GEN.LSOM.ZS,% del total de directivos,28.07,False
Perú,PER,Región Andina,2001,2000s,Liderazgo,Mujeres en puestos directivos,SG.GEN.LSOM.ZS,% del total de directivos,27.04,False
Perú,PER,Región Andina,2002,2000s,Liderazgo,Mujeres en puestos directivos,SG.GEN.LSOM.ZS,% del total de directivos,25.25,False
Perú,PER,Región Andina,2003,2000s,Liderazgo,Mujeres en puestos directivos,SG.GEN.LSOM.ZS,% del total de directivos,27.5,False
Perú,PER,Región Andina,2004,2000s,Liderazgo,Mujeres en puestos directivos,SG.GEN.LSOM.ZS,% del total de directivos,24.89,False
Perú,PER,Región Andina,2005,2000s,Liderazgo,Mujeres en puestos directivos,SG.GEN.LSOM.ZS,% del total de directivos,26.12,False
Perú,PER,Región Andina,2006,2000s,Liderazgo,Mujeres en puestos directivos,SG.GEN.LSOM.ZS,% del total de directivos,28.04,False
Perú,PER,Región Andina,2007,2000s,Liderazgo,Mujeres en puestos directivos,SG.GEN.LSOM.ZS,% del total de directivos,29.73,False
Perú,PER,Región Andina,2008,2000s,Liderazgo,Mujeres en puestos directivos,SG.GEN.LSOM.ZS,% del total de directivos,19.44,False
Perú,PER,Región Andina,2009,2000s,Liderazgo,Mujeres en puestos directivos,SG.GEN.LSOM.ZS,% del total de directivos,35.9,False
Perú,PER,Región Andina,2010,2010s,Liderazgo,Mujeres en puestos directivos,SG.GEN.LSOM.ZS,% del total de directivos,29.05,False
Perú,PER,Región Andina,2011,2010s,Liderazgo,Mujeres en puestos directivos,SG.GEN.LSOM.ZS,% del total de directivos,35.61,False
Perú,PER,Región Andina,2012,2010s,Liderazgo,Mujeres en puestos directivos,SG.GEN.LSOM.ZS,% del total de directivos,29.34,False
Perú,PER,Región Andina,2013,2010s,Liderazgo,Mujeres en puestos directivos,SG.GEN.LSOM.ZS,% del total de directivos,29.71,False
Perú,PER,Región Andina,1990,1990s,Contexto,PBI per cápita,NY.GDP.PCAP.CD,USD corrientes,1177.92,False
Perú,PER,Región Andina,1991,1990s,Contexto,PBI per cápita,NY.GDP.PCAP.CD,USD corrientes,1514.72,False
Perú,PER,Región Andina,1992,1990s,Contexto,PBI per cápita,NY.GDP.PCAP.CD,USD corrientes,1547.29,False
Perú,PER,Región Andina,1993,1990s,Contexto,PBI per cápita,NY.GDP.PCAP.CD,USD corrientes,1476.25,False
Perú,PER,Región Andina,1994,1990s,Contexto,PBI per cápita,NY.GDP.PCAP.CD,USD corrientes,1849.84,False
Perú,PER,Región Andina,1995,1990s,Contexto,PBI per cápita,NY.GDP.PCAP.CD,USD corrientes,2162.76,False
Perú,PER,Región Andina,1996,1990s,Contexto,PBI per cápita,NY.GDP.PCAP.CD,USD corrientes,2208.4,False
Perú,PER,Región Andina,1997,1990s,Contexto,PBI per cápita,NY.GDP.PCAP.CD,USD corrientes,2289.16,False
Perú,PER,Región Andina,1998,1990s,Contexto,PBI per cápita,NY.GDP.PCAP.CD,USD corrientes,2164.09,False
Perú,PER,Región Andina,1999,1990s,Contexto,PBI per cápita,NY.GDP.PCAP.CD,USD corrientes,1929.98,False
Perú,PER,Región Andina,2000,2000s,Contexto,PBI per cápita,NY.GDP.PCAP.CD,USD corrientes,1967.24,False
Perú,PER,Región Andina,2001,2000s,Contexto,PBI per cápita,NY.GDP.PCAP.CD,USD corrientes,1964.57,False
Perú,PER,Región Andina,2002,2000s,Contexto,PBI per cápita,NY.GDP.PCAP.CD,USD corrientes,2046.38,False
Perú,PER,Región Andina,2003,2000s,Contexto,PBI per cápita,NY.GDP.PCAP.CD,USD corrientes,2191.37,False
Perú,PER,Región Andina,2004,2000s,Contexto,PBI per cápita,NY.GDP.PCAP.CD,USD corrientes,2445.45,False
Perú,PER,Región Andina,2005,2000s,Contexto,PBI per cápita,NY.GDP.PCAP.CD,USD corrientes,2714.48,False
Perú,PER,Región Andina,2006,2000s,Contexto,PBI per cápita,NY.GDP.PCAP.CD,USD corrientes,3143.55,False
Perú,PER,Región Andina,2007,2000s,Contexto,PBI per cápita,NY.GDP.PCAP.CD,USD corrientes,3611.2,False
Perú,PER,Región Andina,2008,2000s,Contexto,PBI per cápita,NY.GDP.PCAP.CD,USD corrientes,4244.54,False
Perú,PER,Región Andina,2009,2000s,Contexto,PBI per cápita,NY.GDP.PCAP.CD,USD corrientes,4178.82,False
Perú,PER,Región Andina,2010,2010s,Contexto,PBI per cápita,NY.GDP.PCAP.CD,USD corrientes,5056.3,False
Perú,PER,Región Andina,2011,2010s,Contexto,PBI per cápita,NY.GDP.PCAP.CD,USD corrientes,5731.7,False
Perú,PER,Región Andina,2012,2010s,Contexto,PBI per cápita,NY.GDP.PCAP.CD,USD corrientes,6389.63,False
Perú,PER,Región Andina,2013,2010s,Contexto,PBI per cápita,NY.GDP.PCAP.CD,USD corrientes,6609.71,False
Perú,PER,Región Andina,2014,2010s,Contexto,PBI per cápita,NY.GDP.PCAP.CD,USD corrientes,6549.39,False
Perú,PER,Región Andina,1990,1990s,Participación,Participación laboral femenina,SL.TLF.CACT.FE.ZS,% de mujeres 15+,46.0,False
Perú,PER,Región Andina,1991,1990s,Participación,Participación laboral femenina,SL.TLF.CACT.FE.ZS,% de mujeres 15+,43.9,False
Perú,PER,Región Andina,1992,1990s,Participación,Participación laboral femenina,SL.TLF.CACT.FE.ZS,% de mujeres 15+,45.4,False
Perú,PER,Región Andina,1993,1990s,Participación,Participación laboral femenina,SL.TLF.CACT.FE.ZS,% de mujeres 15+,46.9,False
Perú,PER,Región Andina,1994,1990s,Participación,Participación laboral femenina,SL.TLF.CACT.FE.ZS,% de mujeres 15+,48.4,False
Perú,PER,Región Andina,1995,1990s,Participación,Participación laboral femenina,SL.TLF.CACT.FE.ZS,% de mujeres 15+,51.2,False
Perú,PER,Región Andina,1996,1990s,Participación,Participación laboral femenina,SL.TLF.CACT.FE.ZS,% de mujeres 15+,54.3,False
Perú,PER,Región Andina,1997,1990s,Participación,Participación laboral femenina,SL.TLF.CACT.FE.ZS,% de mujeres 15+,57.5,False
Perú,PER,Región Andina,1998,1990s,Participación,Participación laboral femenina,SL.TLF.CACT.FE.ZS,% de mujeres 15+,58.2,False
Perú,PER,Región Andina,1999,1990s,Participación,Participación laboral femenina,SL.TLF.CACT.FE.ZS,% de mujeres 15+,61.1,False
Perú,PER,Región Andina,2000,2000s,Participación,Participación laboral femenina,SL.TLF.CACT.FE.ZS,% de mujeres 15+,57.6,False
Perú,PER,Región Andina,2001,2000s,Participación,Participación laboral femenina,SL.TLF.CACT.FE.ZS,% de mujeres 15+,62.5,False
Perú,PER,Región Andina,2002,2000s,Participación,Participación laboral femenina,SL.TLF.CACT.FE.ZS,% de mujeres 15+,60.5,False
Perú,PER,Región Andina,2003,2000s,Participación,Participación laboral femenina,SL.TLF.CACT.FE.ZS,% de mujeres 15+,58.5,False
Perú,PER,Región Andina,2004,2000s,Participación,Participación laboral femenina,SL.TLF.CACT.FE.ZS,% de mujeres 15+,58.0,False
Perú,PER,Región Andina,2005,2000s,Participación,Participación laboral femenina,SL.TLF.CACT.FE.ZS,% de mujeres 15+,57.6,False
Perú,PER,Región Andina,2006,2000s,Participación,Participación laboral femenina,SL.TLF.CACT.FE.ZS,% de mujeres 15+,58.1,False
Perú,PER,Región Andina,2007,2000s,Participación,Participación laboral femenina,SL.TLF.CACT.FE.ZS,% de mujeres 15+,64.9,False
Perú,PER,Región Andina,2008,2000s,Participación,Participación laboral femenina,SL.TLF.CACT.FE.ZS,% de mujeres 15+,65.5,False
Perú,PER,Región Andina,2009,2000s,Participación,Participación laboral femenina,SL.TLF.CACT.FE.ZS,% de mujeres 15+,67.5,False
Perú,PER,Región Andina,2010,2010s,Participación,Participación laboral femenina,SL.TLF.CACT.FE.ZS,% de mujeres 15+,67.6,False
Perú,PER,Región Andina,2011,2010s,Participación,Participación laboral femenina,SL.TLF.CACT.FE.ZS,% de mujeres 15+,67.8,False
Perú,PER,Región Andina,2012,2010s,Participación,Participación laboral femenina,SL.TLF.CACT.FE.ZS,% de mujeres 15+,68.0,False
Perú,PER,Región Andina,2013,2010s,Participación,Participación laboral femenina,SL.TLF.CACT.FE.ZS,% de mujeres 15+,68.2,False
Perú,PER,Región Andina,2014,2010s,Participación,Participación laboral femenina,SL.TLF.CACT.FE.ZS,% de mujeres 15+,68.4,False
Perú,PER,Región Andina,1990,1990s,Participación,Participación laboral masculina,SL.TLF.CACT.MA.ZS,% de varones 15+,77.6,False
Perú,PER,Región Andina,1991,1990s,Participación,Participación laboral masculina,SL.TLF.CACT.MA.ZS,% de varones 15+,76.7,False
Perú,PER,Región Andina,1992,1990s,Participación,Participación laboral masculina,SL.TLF.CACT.MA.ZS,% de varones 15+,78.1,False
Perú,PER,Región Andina,1993,1990s,Participación,Participación laboral masculina,SL.TLF.CACT.MA.ZS,% de varones 15+,79.3,False
Perú,PER,Región Andina,1994,1990s,Participación,Participación laboral masculina,SL.TLF.CACT.MA.ZS,% de varones 15+,80.4,False
Perú,PER,Región Andina,1995,1990s,Participación,Participación laboral masculina,SL.TLF.CACT.MA.ZS,% de varones 15+,80.9,False
Perú,PER,Región Andina,1996,1990s,Participación,Participación laboral masculina,SL.TLF.CACT.MA.ZS,% de varones 15+,81.7,False
Perú,PER,Región Andina,1997,1990s,Participación,Participación laboral masculina,SL.TLF.CACT.MA.ZS,% de varones 15+,82.4,False
Perú,PER,Región Andina,1998,1990s,Participación,Participación laboral masculina,SL.TLF.CACT.MA.ZS,% de varones 15+,83.6,False
Perú,PER,Región Andina,1999,1990s,Participación,Participación laboral masculina,SL.TLF.CACT.MA.ZS,% de varones 15+,83.4,False
Perú,PER,Región Andina,2000,2000s,Participación,Participación laboral masculina,SL.TLF.CACT.MA.ZS,% de varones 15+,82.8,False
Perú,PER,Región Andina,2001,2000s,Participación,Participación laboral masculina,SL.TLF.CACT.MA.ZS,% de varones 15+,83.9,False
Perú,PER,Región Andina,2002,2000s,Participación,Participación laboral masculina,SL.TLF.CACT.MA.ZS,% de varones 15+,81.6,False
Perú,PER,Región Andina,2003,2000s,Participación,Participación laboral masculina,SL.TLF.CACT.MA.ZS,% de varones 15+,79.3,False
Perú,PER,Región Andina,2004,2000s,Participación,Participación laboral masculina,SL.TLF.CACT.MA.ZS,% de varones 15+,79.3,False
Perú,PER,Región Andina,2005,2000s,Participación,Participación laboral masculina,SL.TLF.CACT.MA.ZS,% de varones 15+,79.2,False
Perú,PER,Región Andina,2006,2000s,Participación,Participación laboral masculina,SL.TLF.CACT.MA.ZS,% de varones 15+,81.5,False
Perú,PER,Región Andina,2007,2000s,Participación,Participación laboral masculina,SL.TLF.CACT.MA.ZS,% de varones 15+,84.0,False
Perú,PER,Región Andina,2008,2000s,Participación,Participación laboral masculina,SL.TLF.CACT.MA.ZS,% de varones 15+,84.9,False
Perú,PER,Región Andina,2009,2000s,Participación,Participación laboral masculina,SL.TLF.CACT.MA.ZS,% de varones 15+,84.4,False
Perú,PER,Región Andina,2010,2010s,Participación,Participación laboral masculina,SL.TLF.CACT.MA.ZS,% de varones 15+,84.4,False
Perú,PER,Región Andina,2011,2010s,Participación,Participación laboral masculina,SL.TLF.CACT.MA.ZS,% de varones 15+,84.4,False
Perú,PER,Región Andina,2012,2010s,Participación,Participación laboral masculina,SL.TLF.CACT.MA.ZS,% de varones 15+,84.4,False
Perú,PER,Región Andina,2013,2010s,Participación,Participación laboral masculina,SL.TLF.CACT.MA.ZS,% de varones 15+,84.4,False
Perú,PER,Región Andina,2014,2010s,Participación,Participación laboral masculina,SL.TLF.CACT.MA.ZS,% de varones 15+,84.4,False
Perú,PER,Región Andina,1990,1990s,Participación,Ratio participación mujer/varón,SL.TLF.CACT.FM.ZS,% (mujer/varón),59.28,False
Perú,PER,Región Andina,1991,1990s,Participación,Ratio participación mujer/varón,SL.TLF.CACT.FM.ZS,% (mujer/varón),57.24,False
Perú,PER,Región Andina,1992,1990s,Participación,Ratio participación mujer/varón,SL.TLF.CACT.FM.ZS,% (mujer/varón),58.13,False
Perú,PER,Región Andina,1993,1990s,Participación,Ratio participación mujer/varón,SL.TLF.CACT.FM.ZS,% (mujer/varón),59.14,False
Perú,PER,Región Andina,1994,1990s,Participación,Ratio participación mujer/varón,SL.TLF.CACT.FM.ZS,% (mujer/varón),60.2,False
Perú,PER,Región Andina,1995,1990s,Participación,Ratio participación mujer/varón,SL.TLF.CACT.FM.ZS,% (mujer/varón),63.29,False
Perú,PER,Región Andina,1996,1990s,Participación,Ratio participación mujer/varón,SL.TLF.CACT.FM.ZS,% (mujer/varón),66.46,False
Perú,PER,Región Andina,1997,1990s,Participación,Ratio participación mujer/varón,SL.TLF.CACT.FM.ZS,% (mujer/varón),69.78,False
Perú,PER,Región Andina,1998,1990s,Participación,Ratio participación mujer/varón,SL.TLF.CACT.FM.ZS,% (mujer/varón),69.62,False
Perú,PER,Región Andina,1999,1990s,Participación,Ratio participación mujer/varón,SL.TLF.CACT.FM.ZS,% (mujer/varón),73.26,False
Perú,PER,Región Andina,2000,2000s,Participación,Ratio participación mujer/varón,SL.TLF.CACT.FM.ZS,% (mujer/varón),69.57,False
Perú,PER,Región Andina,2001,2000s,Participación,Ratio participación mujer/varón,SL.TLF.CACT.FM.ZS,% (mujer/varón),74.49,False
Perú,PER,Región Andina,2002,2000s,Participación,Ratio participación mujer/varón,SL.TLF.CACT.FM.ZS,% (mujer/varón),74.14,False
Perú,PER,Región Andina,2003,2000s,Participación,Ratio participación mujer/varón,SL.TLF.CACT.FM.ZS,% (mujer/varón),73.77,False
Perú,PER,Región Andina,2004,2000s,Participación,Ratio participación mujer/varón,SL.TLF.CACT.FM.ZS,% (mujer/varón),73.14,False
Perú,PER,Región Andina,2005,2000s,Participación,Ratio participación mujer/varón,SL.TLF.CACT.FM.ZS,% (mujer/varón),72.73,False
Perú,PER,Región Andina,2006,2000s,Participación,Ratio participación mujer/varón,SL.TLF.CACT.FM.ZS,% (mujer/varón),71.29,False
Perú,PER,Región Andina,2007,2000s,Participación,Ratio participación mujer/varón,SL.TLF.CACT.FM.ZS,% (mujer/varón),77.26,False
Perú,PER,Región Andina,2008,2000s,Participación,Ratio participación mujer/varón,SL.TLF.CACT.FM.ZS,% (mujer/varón),77.15,False
Perú,PER,Región Andina,2009,2000s,Participación,Ratio participación mujer/varón,SL.TLF.CACT.FM.ZS,% (mujer/varón),79.98,False
Perú,PER,Región Andina,2010,2010s,Participación,Ratio participación mujer/varón,SL.TLF.CACT.FM.ZS,% (mujer/varón),80.09,False
Perú,PER,Región Andina,2011,2010s,Participación,Ratio participación mujer/varón,SL.TLF.CACT.FM.ZS,% (mujer/varón),80.33,False
Perú,PER,Región Andina,2012,2010s,Participación,Ratio participación mujer/varón,SL.TLF.CACT.FM.ZS,% (mujer/varón),80.57,False
Perú,PER,Región Andina,2013,2010s,Participación,Ratio participación mujer/varón,SL.TLF.CACT.FM.ZS,% (mujer/varón),80.81,False
Perú,PER,Región Andina,2014,2010s,Participación,Ratio participación mujer/varón,SL.TLF.CACT.FM.ZS,% (mujer/varón),81.04,False
República Dominicana,DOM,Caribe,1991,1990s,Calidad del empleo,Asalariadas,SL.EMP.WORK.FE.ZS,% del empleo femenino,68.9,False
República Dominicana,DOM,Caribe,1992,1990s,Calidad del empleo,Asalariadas,SL.EMP.WORK.FE.ZS,% del empleo femenino,63.1,False
República Dominicana,DOM,Caribe,1993,1990s,Calidad del empleo,Asalariadas,SL.EMP.WORK.FE.ZS,% del empleo femenino,66.7,False
República Dominicana,DOM,Caribe,1994,1990s,Calidad del empleo,Asalariadas,SL.EMP.WORK.FE.ZS,% del empleo femenino,69.6,False
República Dominicana,DOM,Caribe,1995,1990s,Calidad del empleo,Asalariadas,SL.EMP.WORK.FE.ZS,% del empleo femenino,69.5,False
República Dominicana,DOM,Caribe,1996,1990s,Calidad del empleo,Asalariadas,SL.EMP.WORK.FE.ZS,% del empleo femenino,67.6,False
República Dominicana,DOM,Caribe,1997,1990s,Calidad del empleo,Asalariadas,SL.EMP.WORK.FE.ZS,% del empleo femenino,66.6,False
República Dominicana,DOM,Caribe,1998,1990s,Calidad del empleo,Asalariadas,SL.EMP.WORK.FE.ZS,% del empleo femenino,64.4,False
República Dominicana,DOM,Caribe,1999,1990s,Calidad del empleo,Asalariadas,SL.EMP.WORK.FE.ZS,% del empleo femenino,65.1,False
República Dominicana,DOM,Caribe,2000,2000s,Calidad del empleo,Asalariadas,SL.EMP.WORK.FE.ZS,% del empleo femenino,69.7,False
República Dominicana,DOM,Caribe,2001,2000s,Calidad del empleo,Asalariadas,SL.EMP.WORK.FE.ZS,% del empleo femenino,67.7,False
República Dominicana,DOM,Caribe,2002,2000s,Calidad del empleo,Asalariadas,SL.EMP.WORK.FE.ZS,% del empleo femenino,67.3,False
República Dominicana,DOM,Caribe,2003,2000s,Calidad del empleo,Asalariadas,SL.EMP.WORK.FE.ZS,% del empleo femenino,69.4,False
República Dominicana,DOM,Caribe,2004,2000s,Calidad del empleo,Asalariadas,SL.EMP.WORK.FE.ZS,% del empleo femenino,69.8,False
República Dominicana,DOM,Caribe,2005,2000s,Calidad del empleo,Asalariadas,SL.EMP.WORK.FE.ZS,% del empleo femenino,66.4,False
República Dominicana,DOM,Caribe,2006,2000s,Calidad del empleo,Asalariadas,SL.EMP.WORK.FE.ZS,% del empleo femenino,67.5,False
República Dominicana,DOM,Caribe,2007,2000s,Calidad del empleo,Asalariadas,SL.EMP.WORK.FE.ZS,% del empleo femenino,67.3,False
República Dominicana,DOM,Caribe,2008,2000s,Calidad del empleo,Asalariadas,SL.EMP.WORK.FE.ZS,% del empleo femenino,64.7,False
República Dominicana,DOM,Caribe,2009,2000s,Calidad del empleo,Asalariadas,SL.EMP.WORK.FE.ZS,% del empleo femenino,67.2,False
República Dominicana,DOM,Caribe,2010,2010s,Calidad del empleo,Asalariadas,SL.EMP.WORK.FE.ZS,% del empleo femenino,45.4,False
República Dominicana,DOM,Caribe,2011,2010s,Calidad del empleo,Asalariadas,SL.EMP.WORK.FE.ZS,% del empleo femenino,66.3,False
República Dominicana,DOM,Caribe,2012,2010s,Calidad del empleo,Asalariadas,SL.EMP.WORK.FE.ZS,% del empleo femenino,66.9,False
República Dominicana,DOM,Caribe,2013,2010s,Calidad del empleo,Asalariadas,SL.EMP.WORK.FE.ZS,% del empleo femenino,68.4,False
República Dominicana,DOM,Caribe,1990,1990s,Liderazgo,Bancas parlamentarias femeninas,SG.GEN.PARL.ZS,% de bancas,7.5,False
República Dominicana,DOM,Caribe,1997,1990s,Liderazgo,Bancas parlamentarias femeninas,SG.GEN.PARL.ZS,% de bancas,11.7,False
República Dominicana,DOM,Caribe,1998,1990s,Liderazgo,Bancas parlamentarias femeninas,SG.GEN.PARL.ZS,% de bancas,16.1,False
República Dominicana,DOM,Caribe,1999,1990s,Liderazgo,Bancas parlamentarias femeninas,SG.GEN.PARL.ZS,% de bancas,16.1,False
República Dominicana,DOM,Caribe,2000,2000s,Liderazgo,Bancas parlamentarias femeninas,SG.GEN.PARL.ZS,% de bancas,16.1,False
República Dominicana,DOM,Caribe,2001,2000s,Liderazgo,Bancas parlamentarias femeninas,SG.GEN.PARL.ZS,% de bancas,16.1,False
República Dominicana,DOM,Caribe,2002,2000s,Liderazgo,Bancas parlamentarias femeninas,SG.GEN.PARL.ZS,% de bancas,17.3,False
República Dominicana,DOM,Caribe,2003,2000s,Liderazgo,Bancas parlamentarias femeninas,SG.GEN.PARL.ZS,% de bancas,17.3,False
República Dominicana,DOM,Caribe,2004,2000s,Liderazgo,Bancas parlamentarias femeninas,SG.GEN.PARL.ZS,% de bancas,17.3,False
República Dominicana,DOM,Caribe,2005,2000s,Liderazgo,Bancas parlamentarias femeninas,SG.GEN.PARL.ZS,% de bancas,17.3,False
República Dominicana,DOM,Caribe,2006,2000s,Liderazgo,Bancas parlamentarias femeninas,SG.GEN.PARL.ZS,% de bancas,19.7,False
República Dominicana,DOM,Caribe,2007,2000s,Liderazgo,Bancas parlamentarias femeninas,SG.GEN.PARL.ZS,% de bancas,19.7,False
República Dominicana,DOM,Caribe,2008,2000s,Liderazgo,Bancas parlamentarias femeninas,SG.GEN.PARL.ZS,% de bancas,19.7,False
República Dominicana,DOM,Caribe,2009,2000s,Liderazgo,Bancas parlamentarias femeninas,SG.GEN.PARL.ZS,% de bancas,19.7,False
República Dominicana,DOM,Caribe,2010,2010s,Liderazgo,Bancas parlamentarias femeninas,SG.GEN.PARL.ZS,% de bancas,20.8,False
República Dominicana,DOM,Caribe,2011,2010s,Liderazgo,Bancas parlamentarias femeninas,SG.GEN.PARL.ZS,% de bancas,20.8,False
República Dominicana,DOM,Caribe,2012,2010s,Liderazgo,Bancas parlamentarias femeninas,SG.GEN.PARL.ZS,% de bancas,20.8,False
República Dominicana,DOM,Caribe,2013,2010s,Liderazgo,Bancas parlamentarias femeninas,SG.GEN.PARL.ZS,% de bancas,20.8,False
República Dominicana,DOM,Caribe,2014,2010s,Liderazgo,Bancas parlamentarias femeninas,SG.GEN.PARL.ZS,% de bancas,20.8,False
República Dominicana,DOM,Caribe,1991,1990s,Calidad del empleo,Desempleo femenino,SL.UEM.TOTL.FE.ZS,% de la PEA femenina,33.5,True
República Dominicana,DOM,Caribe,1992,1990s,Calidad del empleo,Desempleo femenino,SL.UEM.TOTL.FE.ZS,% de la PEA femenina,36.2,True
República Dominicana,DOM,Caribe,1993,1990s,Calidad del empleo,Desempleo femenino,SL.UEM.TOTL.FE.ZS,% de la PEA femenina,34.3,True
República Dominicana,DOM,Caribe,1994,1990s,Calidad del empleo,Desempleo femenino,SL.UEM.TOTL.FE.ZS,% de la PEA femenina,27.1,True
República Dominicana,DOM,Caribe,1995,1990s,Calidad del empleo,Desempleo femenino,SL.UEM.TOTL.FE.ZS,% de la PEA femenina,25.5,True
República Dominicana,DOM,Caribe,1996,1990s,Calidad del empleo,Desempleo femenino,SL.UEM.TOTL.FE.ZS,% de la PEA femenina,27.3,True
República Dominicana,DOM,Caribe,1997,1990s,Calidad del empleo,Desempleo femenino,SL.UEM.TOTL.FE.ZS,% de la PEA femenina,25.7,True
República Dominicana,DOM,Caribe,1998,1990s,Calidad del empleo,Desempleo femenino,SL.UEM.TOTL.FE.ZS,% de la PEA femenina,23.5,False
República Dominicana,DOM,Caribe,1999,1990s,Calidad del empleo,Desempleo femenino,SL.UEM.TOTL.FE.ZS,% de la PEA femenina,22.4,False
República Dominicana,DOM,Caribe,2000,2000s,Calidad del empleo,Desempleo femenino,SL.UEM.TOTL.FE.ZS,% de la PEA femenina,23.6,False
República Dominicana,DOM,Caribe,2001,2000s,Calidad del empleo,Desempleo femenino,SL.UEM.TOTL.FE.ZS,% de la PEA femenina,22.2,False
República Dominicana,DOM,Caribe,2002,2000s,Calidad del empleo,Desempleo femenino,SL.UEM.TOTL.FE.ZS,% de la PEA femenina,18.8,False
República Dominicana,DOM,Caribe,2003,2000s,Calidad del empleo,Desempleo femenino,SL.UEM.TOTL.FE.ZS,% de la PEA femenina,26.2,True
República Dominicana,DOM,Caribe,2004,2000s,Calidad del empleo,Desempleo femenino,SL.UEM.TOTL.FE.ZS,% de la PEA femenina,28.8,True
República Dominicana,DOM,Caribe,2005,2000s,Calidad del empleo,Desempleo femenino,SL.UEM.TOTL.FE.ZS,% de la PEA femenina,28.0,True
República Dominicana,DOM,Caribe,2006,2000s,Calidad del empleo,Desempleo femenino,SL.UEM.TOTL.FE.ZS,% de la PEA femenina,25.4,True
República Dominicana,DOM,Caribe,2007,2000s,Calidad del empleo,Desempleo femenino,SL.UEM.TOTL.FE.ZS,% de la PEA femenina,25.6,True
República Dominicana,DOM,Caribe,2008,2000s,Calidad del empleo,Desempleo femenino,SL.UEM.TOTL.FE.ZS,% de la PEA femenina,22.6,False
República Dominicana,DOM,Caribe,2009,2000s,Calidad del empleo,Desempleo femenino,SL.UEM.TOTL.FE.ZS,% de la PEA femenina,23.0,False
República Dominicana,DOM,Caribe,2010,2010s,Calidad del empleo,Desempleo femenino,SL.UEM.TOTL.FE.ZS,% de la PEA femenina,18.5,False
República Dominicana,DOM,Caribe,2011,2010s,Calidad del empleo,Desempleo femenino,SL.UEM.TOTL.FE.ZS,% de la PEA femenina,21.9,False
República Dominicana,DOM,Caribe,2012,2010s,Calidad del empleo,Desempleo femenino,SL.UEM.TOTL.FE.ZS,% de la PEA femenina,22.3,False
República Dominicana,DOM,Caribe,2013,2010s,Calidad del empleo,Desempleo femenino,SL.UEM.TOTL.FE.ZS,% de la PEA femenina,23.4,False
República Dominicana,DOM,Caribe,2014,2010s,Calidad del empleo,Desempleo femenino,SL.UEM.TOTL.FE.ZS,% de la PEA femenina,23.4,False
República Dominicana,DOM,Caribe,1991,1990s,Calidad del empleo,Empleadoras,SL.EMP.MPYR.FE.ZS,% del empleo femenino,1.1,False
República Dominicana,DOM,Caribe,1992,1990s,Calidad del empleo,Empleadoras,SL.EMP.MPYR.FE.ZS,% del empleo femenino,1.6,False
República Dominicana,DOM,Caribe,1993,1990s,Calidad del empleo,Empleadoras,SL.EMP.MPYR.FE.ZS,% del empleo femenino,1.6,False
República Dominicana,DOM,Caribe,1994,1990s,Calidad del empleo,Empleadoras,SL.EMP.MPYR.FE.ZS,% del empleo femenino,1.1,False
República Dominicana,DOM,Caribe,1995,1990s,Calidad del empleo,Empleadoras,SL.EMP.MPYR.FE.ZS,% del empleo femenino,1.7,False
República Dominicana,DOM,Caribe,1996,1990s,Calidad del empleo,Empleadoras,SL.EMP.MPYR.FE.ZS,% del empleo femenino,2.0,False
República Dominicana,DOM,Caribe,1997,1990s,Calidad del empleo,Empleadoras,SL.EMP.MPYR.FE.ZS,% del empleo femenino,1.2,False
República Dominicana,DOM,Caribe,1998,1990s,Calidad del empleo,Empleadoras,SL.EMP.MPYR.FE.ZS,% del empleo femenino,1.9,False
República Dominicana,DOM,Caribe,1999,1990s,Calidad del empleo,Empleadoras,SL.EMP.MPYR.FE.ZS,% del empleo femenino,2.8,False
República Dominicana,DOM,Caribe,2000,2000s,Calidad del empleo,Empleadoras,SL.EMP.MPYR.FE.ZS,% del empleo femenino,1.8,False
República Dominicana,DOM,Caribe,2001,2000s,Calidad del empleo,Empleadoras,SL.EMP.MPYR.FE.ZS,% del empleo femenino,2.3,False
República Dominicana,DOM,Caribe,2002,2000s,Calidad del empleo,Empleadoras,SL.EMP.MPYR.FE.ZS,% del empleo femenino,2.1,False
República Dominicana,DOM,Caribe,2003,2000s,Calidad del empleo,Empleadoras,SL.EMP.MPYR.FE.ZS,% del empleo femenino,1.8,False
República Dominicana,DOM,Caribe,2004,2000s,Calidad del empleo,Empleadoras,SL.EMP.MPYR.FE.ZS,% del empleo femenino,3.0,False
República Dominicana,DOM,Caribe,2005,2000s,Calidad del empleo,Empleadoras,SL.EMP.MPYR.FE.ZS,% del empleo femenino,2.9,False
República Dominicana,DOM,Caribe,2006,2000s,Calidad del empleo,Empleadoras,SL.EMP.MPYR.FE.ZS,% del empleo femenino,2.9,False
República Dominicana,DOM,Caribe,2007,2000s,Calidad del empleo,Empleadoras,SL.EMP.MPYR.FE.ZS,% del empleo femenino,2.5,False
República Dominicana,DOM,Caribe,2008,2000s,Calidad del empleo,Empleadoras,SL.EMP.MPYR.FE.ZS,% del empleo femenino,2.9,False
República Dominicana,DOM,Caribe,2009,2000s,Calidad del empleo,Empleadoras,SL.EMP.MPYR.FE.ZS,% del empleo femenino,2.7,False
República Dominicana,DOM,Caribe,2010,2010s,Calidad del empleo,Empleadoras,SL.EMP.MPYR.FE.ZS,% del empleo femenino,2.2,False
República Dominicana,DOM,Caribe,2011,2010s,Calidad del empleo,Empleadoras,SL.EMP.MPYR.FE.ZS,% del empleo femenino,2.1,False
República Dominicana,DOM,Caribe,2012,2010s,Calidad del empleo,Empleadoras,SL.EMP.MPYR.FE.ZS,% del empleo femenino,2.2,False
República Dominicana,DOM,Caribe,2013,2010s,Calidad del empleo,Empleadoras,SL.EMP.MPYR.FE.ZS,% del empleo femenino,2.6,False
República Dominicana,DOM,Caribe,1991,1990s,Estructura sectorial,Empleo femenino en agricultura,SL.AGR.EMPL.FE.ZS,% del empleo femenino,2.6,False
República Dominicana,DOM,Caribe,1992,1990s,Estructura sectorial,Empleo femenino en agricultura,SL.AGR.EMPL.FE.ZS,% del empleo femenino,2.7,False
República Dominicana,DOM,Caribe,1993,1990s,Estructura sectorial,Empleo femenino en agricultura,SL.AGR.EMPL.FE.ZS,% del empleo femenino,2.8,False
República Dominicana,DOM,Caribe,1994,1990s,Estructura sectorial,Empleo femenino en agricultura,SL.AGR.EMPL.FE.ZS,% del empleo femenino,2.2,False
República Dominicana,DOM,Caribe,1995,1990s,Estructura sectorial,Empleo femenino en agricultura,SL.AGR.EMPL.FE.ZS,% del empleo femenino,1.7,False
República Dominicana,DOM,Caribe,1996,1990s,Estructura sectorial,Empleo femenino en agricultura,SL.AGR.EMPL.FE.ZS,% del empleo femenino,3.5,False
República Dominicana,DOM,Caribe,1997,1990s,Estructura sectorial,Empleo femenino en agricultura,SL.AGR.EMPL.FE.ZS,% del empleo femenino,2.2,False
República Dominicana,DOM,Caribe,1998,1990s,Estructura sectorial,Empleo femenino en agricultura,SL.AGR.EMPL.FE.ZS,% del empleo femenino,2.4,False
República Dominicana,DOM,Caribe,1999,1990s,Estructura sectorial,Empleo femenino en agricultura,SL.AGR.EMPL.FE.ZS,% del empleo femenino,2.8,False
República Dominicana,DOM,Caribe,2000,2000s,Estructura sectorial,Empleo femenino en agricultura,SL.AGR.EMPL.FE.ZS,% del empleo femenino,2.5,False
República Dominicana,DOM,Caribe,2001,2000s,Estructura sectorial,Empleo femenino en agricultura,SL.AGR.EMPL.FE.ZS,% del empleo femenino,1.9,False
República Dominicana,DOM,Caribe,2002,2000s,Estructura sectorial,Empleo femenino en agricultura,SL.AGR.EMPL.FE.ZS,% del empleo femenino,1.9,False
República Dominicana,DOM,Caribe,2003,2000s,Estructura sectorial,Empleo femenino en agricultura,SL.AGR.EMPL.FE.ZS,% del empleo femenino,1.7,False
República Dominicana,DOM,Caribe,2004,2000s,Estructura sectorial,Empleo femenino en agricultura,SL.AGR.EMPL.FE.ZS,% del empleo femenino,1.9,False
República Dominicana,DOM,Caribe,2005,2000s,Estructura sectorial,Empleo femenino en agricultura,SL.AGR.EMPL.FE.ZS,% del empleo femenino,2.8,False
República Dominicana,DOM,Caribe,2006,2000s,Estructura sectorial,Empleo femenino en agricultura,SL.AGR.EMPL.FE.ZS,% del empleo femenino,2.2,False
República Dominicana,DOM,Caribe,2007,2000s,Estructura sectorial,Empleo femenino en agricultura,SL.AGR.EMPL.FE.ZS,% del empleo femenino,2.1,False
República Dominicana,DOM,Caribe,2008,2000s,Estructura sectorial,Empleo femenino en agricultura,SL.AGR.EMPL.FE.ZS,% del empleo femenino,2.2,False
República Dominicana,DOM,Caribe,2009,2000s,Estructura sectorial,Empleo femenino en agricultura,SL.AGR.EMPL.FE.ZS,% del empleo femenino,2.1,False
República Dominicana,DOM,Caribe,2010,2010s,Estructura sectorial,Empleo femenino en agricultura,SL.AGR.EMPL.FE.ZS,% del empleo femenino,1.8,False
República Dominicana,DOM,Caribe,2011,2010s,Estructura sectorial,Empleo femenino en agricultura,SL.AGR.EMPL.FE.ZS,% del empleo femenino,2.5,False
República Dominicana,DOM,Caribe,2012,2010s,Estructura sectorial,Empleo femenino en agricultura,SL.AGR.EMPL.FE.ZS,% del empleo femenino,2.2,False
República Dominicana,DOM,Caribe,2013,2010s,Estructura sectorial,Empleo femenino en agricultura,SL.AGR.EMPL.FE.ZS,% del empleo femenino,2.1,False
República Dominicana,DOM,Caribe,2014,2010s,Estructura sectorial,Empleo femenino en agricultura,SL.AGR.EMPL.FE.ZS,% del empleo femenino,2.8,False
República Dominicana,DOM,Caribe,1991,1990s,Estructura sectorial,Empleo femenino en servicios,SL.SRV.EMPL.FE.ZS,% del empleo femenino,73.7,False
República Dominicana,DOM,Caribe,1992,1990s,Estructura sectorial,Empleo femenino en servicios,SL.SRV.EMPL.FE.ZS,% del empleo femenino,75.5,False
República Dominicana,DOM,Caribe,1993,1990s,Estructura sectorial,Empleo femenino en servicios,SL.SRV.EMPL.FE.ZS,% del empleo femenino,75.1,False
República Dominicana,DOM,Caribe,1994,1990s,Estructura sectorial,Empleo femenino en servicios,SL.SRV.EMPL.FE.ZS,% del empleo femenino,76.5,False
República Dominicana,DOM,Caribe,1995,1990s,Estructura sectorial,Empleo femenino en servicios,SL.SRV.EMPL.FE.ZS,% del empleo femenino,77.9,False
República Dominicana,DOM,Caribe,1996,1990s,Estructura sectorial,Empleo femenino en servicios,SL.SRV.EMPL.FE.ZS,% del empleo femenino,75.6,False
República Dominicana,DOM,Caribe,1997,1990s,Estructura sectorial,Empleo femenino en servicios,SL.SRV.EMPL.FE.ZS,% del empleo femenino,76.8,False
República Dominicana,DOM,Caribe,1998,1990s,Estructura sectorial,Empleo femenino en servicios,SL.SRV.EMPL.FE.ZS,% del empleo femenino,75.4,False
República Dominicana,DOM,Caribe,1999,1990s,Estructura sectorial,Empleo femenino en servicios,SL.SRV.EMPL.FE.ZS,% del empleo femenino,76.8,False
República Dominicana,DOM,Caribe,2000,2000s,Estructura sectorial,Empleo femenino en servicios,SL.SRV.EMPL.FE.ZS,% del empleo femenino,77.4,False
República Dominicana,DOM,Caribe,2001,2000s,Estructura sectorial,Empleo femenino en servicios,SL.SRV.EMPL.FE.ZS,% del empleo femenino,81.3,False
República Dominicana,DOM,Caribe,2002,2000s,Estructura sectorial,Empleo femenino en servicios,SL.SRV.EMPL.FE.ZS,% del empleo femenino,82.7,False
República Dominicana,DOM,Caribe,2003,2000s,Estructura sectorial,Empleo femenino en servicios,SL.SRV.EMPL.FE.ZS,% del empleo femenino,81.9,False
República Dominicana,DOM,Caribe,2004,2000s,Estructura sectorial,Empleo femenino en servicios,SL.SRV.EMPL.FE.ZS,% del empleo femenino,81.8,False
República Dominicana,DOM,Caribe,2005,2000s,Estructura sectorial,Empleo femenino en servicios,SL.SRV.EMPL.FE.ZS,% del empleo femenino,80.7,False
República Dominicana,DOM,Caribe,2006,2000s,Estructura sectorial,Empleo femenino en servicios,SL.SRV.EMPL.FE.ZS,% del empleo femenino,82.5,False
República Dominicana,DOM,Caribe,2007,2000s,Estructura sectorial,Empleo femenino en servicios,SL.SRV.EMPL.FE.ZS,% del empleo femenino,83.4,False
República Dominicana,DOM,Caribe,2008,2000s,Estructura sectorial,Empleo femenino en servicios,SL.SRV.EMPL.FE.ZS,% del empleo femenino,82.5,False
República Dominicana,DOM,Caribe,2009,2000s,Estructura sectorial,Empleo femenino en servicios,SL.SRV.EMPL.FE.ZS,% del empleo femenino,83.4,False
República Dominicana,DOM,Caribe,2010,2010s,Estructura sectorial,Empleo femenino en servicios,SL.SRV.EMPL.FE.ZS,% del empleo femenino,60.1,False
República Dominicana,DOM,Caribe,2011,2010s,Estructura sectorial,Empleo femenino en servicios,SL.SRV.EMPL.FE.ZS,% del empleo femenino,41.2,True
República Dominicana,DOM,Caribe,2012,2010s,Estructura sectorial,Empleo femenino en servicios,SL.SRV.EMPL.FE.ZS,% del empleo femenino,40.4,True
República Dominicana,DOM,Caribe,2013,2010s,Estructura sectorial,Empleo femenino en servicios,SL.SRV.EMPL.FE.ZS,% del empleo femenino,41.3,True
República Dominicana,DOM,Caribe,2014,2010s,Estructura sectorial,Empleo femenino en servicios,SL.SRV.EMPL.FE.ZS,% del empleo femenino,40.4,True
República Dominicana,DOM,Caribe,1991,1990s,Calidad del empleo,Empleo vulnerable femenino,SL.EMP.VULN.FE.ZS,% del empleo femenino,30.0,False
República Dominicana,DOM,Caribe,1992,1990s,Calidad del empleo,Empleo vulnerable femenino,SL.EMP.VULN.FE.ZS,% del empleo femenino,35.3,False
República Dominicana,DOM,Caribe,1993,1990s,Calidad del empleo,Empleo vulnerable femenino,SL.EMP.VULN.FE.ZS,% del empleo femenino,31.7,False
República Dominicana,DOM,Caribe,1994,1990s,Calidad del empleo,Empleo vulnerable femenino,SL.EMP.VULN.FE.ZS,% del empleo femenino,29.3,False
República Dominicana,DOM,Caribe,1995,1990s,Calidad del empleo,Empleo vulnerable femenino,SL.EMP.VULN.FE.ZS,% del empleo femenino,28.8,False
República Dominicana,DOM,Caribe,1996,1990s,Calidad del empleo,Empleo vulnerable femenino,SL.EMP.VULN.FE.ZS,% del empleo femenino,30.5,False
República Dominicana,DOM,Caribe,1997,1990s,Calidad del empleo,Empleo vulnerable femenino,SL.EMP.VULN.FE.ZS,% del empleo femenino,32.2,False
República Dominicana,DOM,Caribe,1998,1990s,Calidad del empleo,Empleo vulnerable femenino,SL.EMP.VULN.FE.ZS,% del empleo femenino,33.6,False
República Dominicana,DOM,Caribe,1999,1990s,Calidad del empleo,Empleo vulnerable femenino,SL.EMP.VULN.FE.ZS,% del empleo femenino,32.1,False
República Dominicana,DOM,Caribe,2000,2000s,Calidad del empleo,Empleo vulnerable femenino,SL.EMP.VULN.FE.ZS,% del empleo femenino,28.5,False
República Dominicana,DOM,Caribe,2001,2000s,Calidad del empleo,Empleo vulnerable femenino,SL.EMP.VULN.FE.ZS,% del empleo femenino,30.0,False
República Dominicana,DOM,Caribe,2002,2000s,Calidad del empleo,Empleo vulnerable femenino,SL.EMP.VULN.FE.ZS,% del empleo femenino,30.7,False
República Dominicana,DOM,Caribe,2003,2000s,Calidad del empleo,Empleo vulnerable femenino,SL.EMP.VULN.FE.ZS,% del empleo femenino,28.8,False
República Dominicana,DOM,Caribe,2004,2000s,Calidad del empleo,Empleo vulnerable femenino,SL.EMP.VULN.FE.ZS,% del empleo femenino,27.1,False
República Dominicana,DOM,Caribe,2005,2000s,Calidad del empleo,Empleo vulnerable femenino,SL.EMP.VULN.FE.ZS,% del empleo femenino,30.7,False
República Dominicana,DOM,Caribe,2006,2000s,Calidad del empleo,Empleo vulnerable femenino,SL.EMP.VULN.FE.ZS,% del empleo femenino,29.6,False
República Dominicana,DOM,Caribe,2007,2000s,Calidad del empleo,Empleo vulnerable femenino,SL.EMP.VULN.FE.ZS,% del empleo femenino,30.2,False
República Dominicana,DOM,Caribe,2008,2000s,Calidad del empleo,Empleo vulnerable femenino,SL.EMP.VULN.FE.ZS,% del empleo femenino,32.4,False
República Dominicana,DOM,Caribe,2009,2000s,Calidad del empleo,Empleo vulnerable femenino,SL.EMP.VULN.FE.ZS,% del empleo femenino,30.1,False
República Dominicana,DOM,Caribe,2010,2010s,Calidad del empleo,Empleo vulnerable femenino,SL.EMP.VULN.FE.ZS,% del empleo femenino,21.7,False
República Dominicana,DOM,Caribe,2011,2010s,Calidad del empleo,Empleo vulnerable femenino,SL.EMP.VULN.FE.ZS,% del empleo femenino,31.6,False
República Dominicana,DOM,Caribe,2012,2010s,Calidad del empleo,Empleo vulnerable femenino,SL.EMP.VULN.FE.ZS,% del empleo femenino,30.9,False
República Dominicana,DOM,Caribe,2013,2010s,Calidad del empleo,Empleo vulnerable femenino,SL.EMP.VULN.FE.ZS,% del empleo femenino,28.9,False
República Dominicana,DOM,Caribe,2010,2010s,Liderazgo empresarial,Firmas con gerenta mujer,IC.FRM.FEMM.ZS,% de firmas,11.0,False
República Dominicana,DOM,Caribe,2010,2010s,Liderazgo empresarial,Firmas con propiedad femenina,IC.FRM.FEMO.ZS,% de firmas,30.0,False
República Dominicana,DOM,Caribe,1996,1990s,Liderazgo,Mujeres en puestos directivos,SG.GEN.LSOM.ZS,% del total de directivos,25.0,False
República Dominicana,DOM,Caribe,1997,1990s,Liderazgo,Mujeres en puestos directivos,SG.GEN.LSOM.ZS,% del total de directivos,24.9,False
República Dominicana,DOM,Caribe,1998,1990s,Liderazgo,Mujeres en puestos directivos,SG.GEN.LSOM.ZS,% del total de directivos,27.13,False
República Dominicana,DOM,Caribe,1999,1990s,Liderazgo,Mujeres en puestos directivos,SG.GEN.LSOM.ZS,% del total de directivos,33.89,False
República Dominicana,DOM,Caribe,2000,2000s,Liderazgo,Mujeres en puestos directivos,SG.GEN.LSOM.ZS,% del total de directivos,30.59,False
República Dominicana,DOM,Caribe,2001,2000s,Liderazgo,Mujeres en puestos directivos,SG.GEN.LSOM.ZS,% del total de directivos,30.91,False
República Dominicana,DOM,Caribe,2002,2000s,Liderazgo,Mujeres en puestos directivos,SG.GEN.LSOM.ZS,% del total de directivos,30.56,False
República Dominicana,DOM,Caribe,2003,2000s,Liderazgo,Mujeres en puestos directivos,SG.GEN.LSOM.ZS,% del total de directivos,31.01,False
República Dominicana,DOM,Caribe,2004,2000s,Liderazgo,Mujeres en puestos directivos,SG.GEN.LSOM.ZS,% del total de directivos,32.81,False
República Dominicana,DOM,Caribe,2005,2000s,Liderazgo,Mujeres en puestos directivos,SG.GEN.LSOM.ZS,% del total de directivos,32.43,False
República Dominicana,DOM,Caribe,2006,2000s,Liderazgo,Mujeres en puestos directivos,SG.GEN.LSOM.ZS,% del total de directivos,41.72,False
República Dominicana,DOM,Caribe,2007,2000s,Liderazgo,Mujeres en puestos directivos,SG.GEN.LSOM.ZS,% del total de directivos,30.61,False
República Dominicana,DOM,Caribe,2009,2000s,Liderazgo,Mujeres en puestos directivos,SG.GEN.LSOM.ZS,% del total de directivos,31.04,False
República Dominicana,DOM,Caribe,2010,2010s,Liderazgo,Mujeres en puestos directivos,SG.GEN.LSOM.ZS,% del total de directivos,34.12,False
República Dominicana,DOM,Caribe,2011,2010s,Liderazgo,Mujeres en puestos directivos,SG.GEN.LSOM.ZS,% del total de directivos,42.43,False
República Dominicana,DOM,Caribe,2012,2010s,Liderazgo,Mujeres en puestos directivos,SG.GEN.LSOM.ZS,% del total de directivos,38.59,False
República Dominicana,DOM,Caribe,2013,2010s,Liderazgo,Mujeres en puestos directivos,SG.GEN.LSOM.ZS,% del total de directivos,37.02,False
República Dominicana,DOM,Caribe,1990,1990s,Contexto,PBI per cápita,NY.GDP.PCAP.CD,USD corrientes,984.69,False
República Dominicana,DOM,Caribe,1991,1990s,Contexto,PBI per cápita,NY.GDP.PCAP.CD,USD corrientes,1327.45,False
República Dominicana,DOM,Caribe,1992,1990s,Contexto,PBI per cápita,NY.GDP.PCAP.CD,USD corrientes,1510.02,False
República Dominicana,DOM,Caribe,1993,1990s,Contexto,PBI per cápita,NY.GDP.PCAP.CD,USD corrientes,1704.85,False
República Dominicana,DOM,Caribe,1994,1990s,Contexto,PBI per cápita,NY.GDP.PCAP.CD,USD corrientes,1871.67,False
República Dominicana,DOM,Caribe,1995,1990s,Contexto,PBI per cápita,NY.GDP.PCAP.CD,USD corrientes,2072.68,False
República Dominicana,DOM,Caribe,1996,1990s,Contexto,PBI per cápita,NY.GDP.PCAP.CD,USD corrientes,2258.26,False
República Dominicana,DOM,Caribe,1997,1990s,Contexto,PBI per cápita,NY.GDP.PCAP.CD,USD corrientes,2400.19,False
República Dominicana,DOM,Caribe,1998,1990s,Contexto,PBI per cápita,NY.GDP.PCAP.CD,USD corrientes,2551.91,False
República Dominicana,DOM,Caribe,1999,1990s,Contexto,PBI per cápita,NY.GDP.PCAP.CD,USD corrientes,2575.56,False
República Dominicana,DOM,Caribe,2000,2000s,Contexto,PBI per cápita,NY.GDP.PCAP.CD,USD corrientes,2802.42,False
República Dominicana,DOM,Caribe,2001,2000s,Contexto,PBI per cápita,NY.GDP.PCAP.CD,USD corrientes,2862.16,False
República Dominicana,DOM,Caribe,2002,2000s,Contexto,PBI per cápita,NY.GDP.PCAP.CD,USD corrientes,3008.47,False
República Dominicana,DOM,Caribe,2003,2000s,Contexto,PBI per cápita,NY.GDP.PCAP.CD,USD corrientes,2372.63,False
República Dominicana,DOM,Caribe,2004,2000s,Contexto,PBI per cápita,NY.GDP.PCAP.CD,USD corrientes,2421.09,False
República Dominicana,DOM,Caribe,2005,2000s,Contexto,PBI per cápita,NY.GDP.PCAP.CD,USD corrientes,3681.07,False
República Dominicana,DOM,Caribe,2006,2000s,Contexto,PBI per cápita,NY.GDP.PCAP.CD,USD corrientes,3836.48,False
República Dominicana,DOM,Caribe,2007,2000s,Contexto,PBI per cápita,NY.GDP.PCAP.CD,USD corrientes,4637.24,False
República Dominicana,DOM,Caribe,2008,2000s,Contexto,PBI per cápita,NY.GDP.PCAP.CD,USD corrientes,4996.94,False
República Dominicana,DOM,Caribe,2009,2000s,Contexto,PBI per cápita,NY.GDP.PCAP.CD,USD corrientes,4933.94,False
República Dominicana,DOM,Caribe,2010,2010s,Contexto,PBI per cápita,NY.GDP.PCAP.CD,USD corrientes,5441.97,False
República Dominicana,DOM,Caribe,2011,2010s,Contexto,PBI per cápita,NY.GDP.PCAP.CD,USD corrientes,5820.4,False
República Dominicana,DOM,Caribe,2012,2010s,Contexto,PBI per cápita,NY.GDP.PCAP.CD,USD corrientes,5967.0,False
República Dominicana,DOM,Caribe,2013,2010s,Contexto,PBI per cápita,NY.GDP.PCAP.CD,USD corrientes,5952.33,False
República Dominicana,DOM,Caribe,2014,2010s,Contexto,PBI per cápita,NY.GDP.PCAP.CD,USD corrientes,6147.34,False
República Dominicana,DOM,Caribe,1990,1990s,Participación,Participación laboral femenina,SL.TLF.CACT.FE.ZS,% de mujeres 15+,44.1,False
República Dominicana,DOM,Caribe,1991,1990s,Participación,Participación laboral femenina,SL.TLF.CACT.FE.ZS,% de mujeres 15+,44.2,False
República Dominicana,DOM,Caribe,1992,1990s,Participación,Participación laboral femenina,SL.TLF.CACT.FE.ZS,% de mujeres 15+,44.3,False
República Dominicana,DOM,Caribe,1993,1990s,Participación,Participación laboral femenina,SL.TLF.CACT.FE.ZS,% de mujeres 15+,44.5,False
República Dominicana,DOM,Caribe,1994,1990s,Participación,Participación laboral femenina,SL.TLF.CACT.FE.ZS,% de mujeres 15+,44.6,False
República Dominicana,DOM,Caribe,1995,1990s,Participación,Participación laboral femenina,SL.TLF.CACT.FE.ZS,% de mujeres 15+,44.8,False
República Dominicana,DOM,Caribe,1996,1990s,Participación,Participación laboral femenina,SL.TLF.CACT.FE.ZS,% de mujeres 15+,45.1,False
República Dominicana,DOM,Caribe,1997,1990s,Participación,Participación laboral femenina,SL.TLF.CACT.FE.ZS,% de mujeres 15+,45.4,False
República Dominicana,DOM,Caribe,1998,1990s,Participación,Participación laboral femenina,SL.TLF.CACT.FE.ZS,% de mujeres 15+,45.7,False
República Dominicana,DOM,Caribe,1999,1990s,Participación,Participación laboral femenina,SL.TLF.CACT.FE.ZS,% de mujeres 15+,46.1,False
República Dominicana,DOM,Caribe,2000,2000s,Participación,Participación laboral femenina,SL.TLF.CACT.FE.ZS,% de mujeres 15+,46.4,False
República Dominicana,DOM,Caribe,2001,2000s,Participación,Participación laboral femenina,SL.TLF.CACT.FE.ZS,% de mujeres 15+,46.9,False
República Dominicana,DOM,Caribe,2002,2000s,Participación,Participación laboral femenina,SL.TLF.CACT.FE.ZS,% de mujeres 15+,47.5,False
República Dominicana,DOM,Caribe,2003,2000s,Participación,Participación laboral femenina,SL.TLF.CACT.FE.ZS,% de mujeres 15+,47.9,False
República Dominicana,DOM,Caribe,2004,2000s,Participación,Participación laboral femenina,SL.TLF.CACT.FE.ZS,% de mujeres 15+,48.4,False
República Dominicana,DOM,Caribe,2005,2000s,Participación,Participación laboral femenina,SL.TLF.CACT.FE.ZS,% de mujeres 15+,49.0,False
República Dominicana,DOM,Caribe,2006,2000s,Participación,Participación laboral femenina,SL.TLF.CACT.FE.ZS,% de mujeres 15+,49.7,False
República Dominicana,DOM,Caribe,2007,2000s,Participación,Participación laboral femenina,SL.TLF.CACT.FE.ZS,% de mujeres 15+,50.3,False
República Dominicana,DOM,Caribe,2008,2000s,Participación,Participación laboral femenina,SL.TLF.CACT.FE.ZS,% de mujeres 15+,50.6,False
República Dominicana,DOM,Caribe,2009,2000s,Participación,Participación laboral femenina,SL.TLF.CACT.FE.ZS,% de mujeres 15+,50.8,False
República Dominicana,DOM,Caribe,2010,2010s,Participación,Participación laboral femenina,SL.TLF.CACT.FE.ZS,% de mujeres 15+,51.0,False
República Dominicana,DOM,Caribe,2011,2010s,Participación,Participación laboral femenina,SL.TLF.CACT.FE.ZS,% de mujeres 15+,51.1,False
República Dominicana,DOM,Caribe,2012,2010s,Participación,Participación laboral femenina,SL.TLF.CACT.FE.ZS,% de mujeres 15+,51.2,False
República Dominicana,DOM,Caribe,2013,2010s,Participación,Participación laboral femenina,SL.TLF.CACT.FE.ZS,% de mujeres 15+,51.3,False
República Dominicana,DOM,Caribe,2014,2010s,Participación,Participación laboral femenina,SL.TLF.CACT.FE.ZS,% de mujeres 15+,51.4,False
República Dominicana,DOM,Caribe,1990,1990s,Participación,Participación laboral masculina,SL.TLF.CACT.MA.ZS,% de varones 15+,84.3,False
República Dominicana,DOM,Caribe,1991,1990s,Participación,Participación laboral masculina,SL.TLF.CACT.MA.ZS,% de varones 15+,84.4,False
República Dominicana,DOM,Caribe,1992,1990s,Participación,Participación laboral masculina,SL.TLF.CACT.MA.ZS,% de varones 15+,83.7,False
República Dominicana,DOM,Caribe,1993,1990s,Participación,Participación laboral masculina,SL.TLF.CACT.MA.ZS,% de varones 15+,83.3,False
República Dominicana,DOM,Caribe,1994,1990s,Participación,Participación laboral masculina,SL.TLF.CACT.MA.ZS,% de varones 15+,83.3,False
República Dominicana,DOM,Caribe,1995,1990s,Participación,Participación laboral masculina,SL.TLF.CACT.MA.ZS,% de varones 15+,82.9,False
República Dominicana,DOM,Caribe,1996,1990s,Participación,Participación laboral masculina,SL.TLF.CACT.MA.ZS,% de varones 15+,82.4,False
República Dominicana,DOM,Caribe,1997,1990s,Participación,Participación laboral masculina,SL.TLF.CACT.MA.ZS,% de varones 15+,81.8,False
República Dominicana,DOM,Caribe,1998,1990s,Participación,Participación laboral masculina,SL.TLF.CACT.MA.ZS,% de varones 15+,81.2,False
República Dominicana,DOM,Caribe,1999,1990s,Participación,Participación laboral masculina,SL.TLF.CACT.MA.ZS,% de varones 15+,80.6,False
República Dominicana,DOM,Caribe,2000,2000s,Participación,Participación laboral masculina,SL.TLF.CACT.MA.ZS,% de varones 15+,80.1,False
República Dominicana,DOM,Caribe,2001,2000s,Participación,Participación laboral masculina,SL.TLF.CACT.MA.ZS,% de varones 15+,80.3,False
República Dominicana,DOM,Caribe,2002,2000s,Participación,Participación laboral masculina,SL.TLF.CACT.MA.ZS,% de varones 15+,80.3,False
República Dominicana,DOM,Caribe,2003,2000s,Participación,Participación laboral masculina,SL.TLF.CACT.MA.ZS,% de varones 15+,80.5,False
República Dominicana,DOM,Caribe,2004,2000s,Participación,Participación laboral masculina,SL.TLF.CACT.MA.ZS,% de varones 15+,80.6,False
República Dominicana,DOM,Caribe,2005,2000s,Participación,Participación laboral masculina,SL.TLF.CACT.MA.ZS,% de varones 15+,80.5,False
República Dominicana,DOM,Caribe,2006,2000s,Participación,Participación laboral masculina,SL.TLF.CACT.MA.ZS,% de varones 15+,80.3,False
República Dominicana,DOM,Caribe,2007,2000s,Participación,Participación laboral masculina,SL.TLF.CACT.MA.ZS,% de varones 15+,80.1,False
República Dominicana,DOM,Caribe,2008,2000s,Participación,Participación laboral masculina,SL.TLF.CACT.MA.ZS,% de varones 15+,79.7,False
República Dominicana,DOM,Caribe,2009,2000s,Participación,Participación laboral masculina,SL.TLF.CACT.MA.ZS,% de varones 15+,79.5,False
República Dominicana,DOM,Caribe,2010,2010s,Participación,Participación laboral masculina,SL.TLF.CACT.MA.ZS,% de varones 15+,78.9,False
República Dominicana,DOM,Caribe,2011,2010s,Participación,Participación laboral masculina,SL.TLF.CACT.MA.ZS,% de varones 15+,78.8,False
República Dominicana,DOM,Caribe,2012,2010s,Participación,Participación laboral masculina,SL.TLF.CACT.MA.ZS,% de varones 15+,78.7,False
República Dominicana,DOM,Caribe,2013,2010s,Participación,Participación laboral masculina,SL.TLF.CACT.MA.ZS,% de varones 15+,78.6,False
República Dominicana,DOM,Caribe,2014,2010s,Participación,Participación laboral masculina,SL.TLF.CACT.MA.ZS,% de varones 15+,78.5,False
República Dominicana,DOM,Caribe,1990,1990s,Participación,Ratio participación mujer/varón,SL.TLF.CACT.FM.ZS,% (mujer/varón),52.31,False
República Dominicana,DOM,Caribe,1991,1990s,Participación,Ratio participación mujer/varón,SL.TLF.CACT.FM.ZS,% (mujer/varón),52.37,False
República Dominicana,DOM,Caribe,1992,1990s,Participación,Ratio participación mujer/varón,SL.TLF.CACT.FM.ZS,% (mujer/varón),52.93,False
República Dominicana,DOM,Caribe,1993,1990s,Participación,Ratio participación mujer/varón,SL.TLF.CACT.FM.ZS,% (mujer/varón),53.42,False
República Dominicana,DOM,Caribe,1994,1990s,Participación,Ratio participación mujer/varón,SL.TLF.CACT.FM.ZS,% (mujer/varón),53.54,False
República Dominicana,DOM,Caribe,1995,1990s,Participación,Ratio participación mujer/varón,SL.TLF.CACT.FM.ZS,% (mujer/varón),54.04,False
República Dominicana,DOM,Caribe,1996,1990s,Participación,Ratio participación mujer/varón,SL.TLF.CACT.FM.ZS,% (mujer/varón),54.73,False
República Dominicana,DOM,Caribe,1997,1990s,Participación,Ratio participación mujer/varón,SL.TLF.CACT.FM.ZS,% (mujer/varón),55.5,False
República Dominicana,DOM,Caribe,1998,1990s,Participación,Ratio participación mujer/varón,SL.TLF.CACT.FM.ZS,% (mujer/varón),56.28,False
República Dominicana,DOM,Caribe,1999,1990s,Participación,Ratio participación mujer/varón,SL.TLF.CACT.FM.ZS,% (mujer/varón),57.2,False
República Dominicana,DOM,Caribe,2000,2000s,Participación,Ratio participación mujer/varón,SL.TLF.CACT.FM.ZS,% (mujer/varón),57.93,False
República Dominicana,DOM,Caribe,2001,2000s,Participación,Ratio participación mujer/varón,SL.TLF.CACT.FM.ZS,% (mujer/varón),58.41,False
República Dominicana,DOM,Caribe,2002,2000s,Participación,Ratio participación mujer/varón,SL.TLF.CACT.FM.ZS,% (mujer/varón),59.15,False
República Dominicana,DOM,Caribe,2003,2000s,Participación,Ratio participación mujer/varón,SL.TLF.CACT.FM.ZS,% (mujer/varón),59.5,False
República Dominicana,DOM,Caribe,2004,2000s,Participación,Ratio participación mujer/varón,SL.TLF.CACT.FM.ZS,% (mujer/varón),60.05,False
República Dominicana,DOM,Caribe,2005,2000s,Participación,Ratio participación mujer/varón,SL.TLF.CACT.FM.ZS,% (mujer/varón),60.87,False
República Dominicana,DOM,Caribe,2006,2000s,Participación,Ratio participación mujer/varón,SL.TLF.CACT.FM.ZS,% (mujer/varón),61.89,False
República Dominicana,DOM,Caribe,2007,2000s,Participación,Ratio participación mujer/varón,SL.TLF.CACT.FM.ZS,% (mujer/varón),62.8,False
República Dominicana,DOM,Caribe,2008,2000s,Participación,Ratio participación mujer/varón,SL.TLF.CACT.FM.ZS,% (mujer/varón),63.49,False
República Dominicana,DOM,Caribe,2009,2000s,Participación,Ratio participación mujer/varón,SL.TLF.CACT.FM.ZS,% (mujer/varón),63.9,False
República Dominicana,DOM,Caribe,2010,2010s,Participación,Ratio participación mujer/varón,SL.TLF.CACT.FM.ZS,% (mujer/varón),64.64,False
República Dominicana,DOM,Caribe,2011,2010s,Participación,Ratio participación mujer/varón,SL.TLF.CACT.FM.ZS,% (mujer/varón),64.85,False
República Dominicana,DOM,Caribe,2012,2010s,Participación,Ratio participación mujer/varón,SL.TLF.CACT.FM.ZS,% (mujer/varón),65.06,False
República Dominicana,DOM,Caribe,2013,2010s,Participación,Ratio participación mujer/varón,SL.TLF.CACT.FM.ZS,% (mujer/varón),65.27,False
República Dominicana,DOM,Caribe,2014,2010s,Participación,Ratio participación mujer/varón,SL.TLF.CACT.FM.ZS,% (mujer/varón),65.48,False
Trinidad y Tobago,TTO,Caribe,1990,1990s,Calidad del empleo,Asalariadas,SL.EMP.WORK.FE.ZS,% del empleo femenino,77.3,False
Trinidad y Tobago,TTO,Caribe,1991,1990s,Calidad del empleo,Asalariadas,SL.EMP.WORK.FE.ZS,% del empleo femenino,77.1,False
Trinidad y Tobago,TTO,Caribe,1992,1990s,Calidad del empleo,Asalariadas,SL.EMP.WORK.FE.ZS,% del empleo femenino,77.0,False
Trinidad y Tobago,TTO,Caribe,1993,1990s,Calidad del empleo,Asalariadas,SL.EMP.WORK.FE.ZS,% del empleo femenino,76.2,False
Trinidad y Tobago,TTO,Caribe,1994,1990s,Calidad del empleo,Asalariadas,SL.EMP.WORK.FE.ZS,% del empleo femenino,75.9,False
Trinidad y Tobago,TTO,Caribe,1995,1990s,Calidad del empleo,Asalariadas,SL.EMP.WORK.FE.ZS,% del empleo femenino,77.1,False
Trinidad y Tobago,TTO,Caribe,1996,1990s,Calidad del empleo,Asalariadas,SL.EMP.WORK.FE.ZS,% del empleo femenino,78.5,False
Trinidad y Tobago,TTO,Caribe,1997,1990s,Calidad del empleo,Asalariadas,SL.EMP.WORK.FE.ZS,% del empleo femenino,77.6,False
Trinidad y Tobago,TTO,Caribe,1998,1990s,Calidad del empleo,Asalariadas,SL.EMP.WORK.FE.ZS,% del empleo femenino,80.1,False
Trinidad y Tobago,TTO,Caribe,1999,1990s,Calidad del empleo,Asalariadas,SL.EMP.WORK.FE.ZS,% del empleo femenino,79.4,False
Trinidad y Tobago,TTO,Caribe,2000,2000s,Calidad del empleo,Asalariadas,SL.EMP.WORK.FE.ZS,% del empleo femenino,80.1,False
Trinidad y Tobago,TTO,Caribe,2001,2000s,Calidad del empleo,Asalariadas,SL.EMP.WORK.FE.ZS,% del empleo femenino,80.0,False
Trinidad y Tobago,TTO,Caribe,2002,2000s,Calidad del empleo,Asalariadas,SL.EMP.WORK.FE.ZS,% del empleo femenino,82.4,False
Trinidad y Tobago,TTO,Caribe,2003,2000s,Calidad del empleo,Asalariadas,SL.EMP.WORK.FE.ZS,% del empleo femenino,82.6,False
Trinidad y Tobago,TTO,Caribe,2004,2000s,Calidad del empleo,Asalariadas,SL.EMP.WORK.FE.ZS,% del empleo femenino,84.0,False
Trinidad y Tobago,TTO,Caribe,2005,2000s,Calidad del empleo,Asalariadas,SL.EMP.WORK.FE.ZS,% del empleo femenino,83.0,False
Trinidad y Tobago,TTO,Caribe,2009,2000s,Calidad del empleo,Asalariadas,SL.EMP.WORK.FE.ZS,% del empleo femenino,84.4,False
Trinidad y Tobago,TTO,Caribe,2010,2010s,Calidad del empleo,Asalariadas,SL.EMP.WORK.FE.ZS,% del empleo femenino,84.3,False
Trinidad y Tobago,TTO,Caribe,2013,2010s,Calidad del empleo,Asalariadas,SL.EMP.WORK.FE.ZS,% del empleo femenino,83.8,False
Trinidad y Tobago,TTO,Caribe,1990,1990s,Liderazgo,Bancas parlamentarias femeninas,SG.GEN.PARL.ZS,% de bancas,16.7,False
Trinidad y Tobago,TTO,Caribe,1997,1990s,Liderazgo,Bancas parlamentarias femeninas,SG.GEN.PARL.ZS,% de bancas,11.1,False
Trinidad y Tobago,TTO,Caribe,1998,1990s,Liderazgo,Bancas parlamentarias femeninas,SG.GEN.PARL.ZS,% de bancas,11.1,False
Trinidad y Tobago,TTO,Caribe,1999,1990s,Liderazgo,Bancas parlamentarias femeninas,SG.GEN.PARL.ZS,% de bancas,11.1,False
Trinidad y Tobago,TTO,Caribe,2001,2000s,Liderazgo,Bancas parlamentarias femeninas,SG.GEN.PARL.ZS,% de bancas,11.1,False
Trinidad y Tobago,TTO,Caribe,2002,2000s,Liderazgo,Bancas parlamentarias femeninas,SG.GEN.PARL.ZS,% de bancas,19.4,False
Trinidad y Tobago,TTO,Caribe,2003,2000s,Liderazgo,Bancas parlamentarias femeninas,SG.GEN.PARL.ZS,% de bancas,19.4,False
Trinidad y Tobago,TTO,Caribe,2004,2000s,Liderazgo,Bancas parlamentarias femeninas,SG.GEN.PARL.ZS,% de bancas,19.4,False
Trinidad y Tobago,TTO,Caribe,2005,2000s,Liderazgo,Bancas parlamentarias femeninas,SG.GEN.PARL.ZS,% de bancas,19.4,False
Trinidad y Tobago,TTO,Caribe,2006,2000s,Liderazgo,Bancas parlamentarias femeninas,SG.GEN.PARL.ZS,% de bancas,19.4,False
Trinidad y Tobago,TTO,Caribe,2007,2000s,Liderazgo,Bancas parlamentarias femeninas,SG.GEN.PARL.ZS,% de bancas,26.8,False
Trinidad y Tobago,TTO,Caribe,2008,2000s,Liderazgo,Bancas parlamentarias femeninas,SG.GEN.PARL.ZS,% de bancas,26.8,False
Trinidad y Tobago,TTO,Caribe,2009,2000s,Liderazgo,Bancas parlamentarias femeninas,SG.GEN.PARL.ZS,% de bancas,26.8,False
Trinidad y Tobago,TTO,Caribe,2010,2010s,Liderazgo,Bancas parlamentarias femeninas,SG.GEN.PARL.ZS,% de bancas,28.6,False
Trinidad y Tobago,TTO,Caribe,2011,2010s,Liderazgo,Bancas parlamentarias femeninas,SG.GEN.PARL.ZS,% de bancas,28.6,False
Trinidad y Tobago,TTO,Caribe,2012,2010s,Liderazgo,Bancas parlamentarias femeninas,SG.GEN.PARL.ZS,% de bancas,28.6,False
Trinidad y Tobago,TTO,Caribe,2013,2010s,Liderazgo,Bancas parlamentarias femeninas,SG.GEN.PARL.ZS,% de bancas,28.6,False
Trinidad y Tobago,TTO,Caribe,2014,2010s,Liderazgo,Bancas parlamentarias femeninas,SG.GEN.PARL.ZS,% de bancas,28.6,False
Trinidad y Tobago,TTO,Caribe,1991,1990s,Calidad del empleo,Desempleo femenino,SL.UEM.TOTL.FE.ZS,% de la PEA femenina,22.7,False
Trinidad y Tobago,TTO,Caribe,1992,1990s,Calidad del empleo,Desempleo femenino,SL.UEM.TOTL.FE.ZS,% de la PEA femenina,23.6,False
Trinidad y Tobago,TTO,Caribe,1993,1990s,Calidad del empleo,Desempleo femenino,SL.UEM.TOTL.FE.ZS,% de la PEA femenina,23.4,False
Trinidad y Tobago,TTO,Caribe,1994,1990s,Calidad del empleo,Desempleo femenino,SL.UEM.TOTL.FE.ZS,% de la PEA femenina,21.8,False
Trinidad y Tobago,TTO,Caribe,1995,1990s,Calidad del empleo,Desempleo femenino,SL.UEM.TOTL.FE.ZS,% de la PEA femenina,20.5,False
Trinidad y Tobago,TTO,Caribe,1996,1990s,Calidad del empleo,Desempleo femenino,SL.UEM.TOTL.FE.ZS,% de la PEA femenina,21.1,False
Trinidad y Tobago,TTO,Caribe,1997,1990s,Calidad del empleo,Desempleo femenino,SL.UEM.TOTL.FE.ZS,% de la PEA femenina,19.6,False
Trinidad y Tobago,TTO,Caribe,1998,1990s,Calidad del empleo,Desempleo femenino,SL.UEM.TOTL.FE.ZS,% de la PEA femenina,18.8,False
Trinidad y Tobago,TTO,Caribe,1999,1990s,Calidad del empleo,Desempleo femenino,SL.UEM.TOTL.FE.ZS,% de la PEA femenina,16.7,False
Trinidad y Tobago,TTO,Caribe,2000,2000s,Calidad del empleo,Desempleo femenino,SL.UEM.TOTL.FE.ZS,% de la PEA femenina,15.1,False
Trinidad y Tobago,TTO,Caribe,2001,2000s,Calidad del empleo,Desempleo femenino,SL.UEM.TOTL.FE.ZS,% de la PEA femenina,14.2,False
Trinidad y Tobago,TTO,Caribe,2002,2000s,Calidad del empleo,Desempleo femenino,SL.UEM.TOTL.FE.ZS,% de la PEA femenina,14.4,False
Trinidad y Tobago,TTO,Caribe,2003,2000s,Calidad del empleo,Desempleo femenino,SL.UEM.TOTL.FE.ZS,% de la PEA femenina,14.5,False
Trinidad y Tobago,TTO,Caribe,2004,2000s,Calidad del empleo,Desempleo femenino,SL.UEM.TOTL.FE.ZS,% de la PEA femenina,11.4,False
Trinidad y Tobago,TTO,Caribe,2005,2000s,Calidad del empleo,Desempleo femenino,SL.UEM.TOTL.FE.ZS,% de la PEA femenina,11.0,False
Trinidad y Tobago,TTO,Caribe,2006,2000s,Calidad del empleo,Desempleo femenino,SL.UEM.TOTL.FE.ZS,% de la PEA femenina,8.8,False
Trinidad y Tobago,TTO,Caribe,2007,2000s,Calidad del empleo,Desempleo femenino,SL.UEM.TOTL.FE.ZS,% de la PEA femenina,7.9,False
Trinidad y Tobago,TTO,Caribe,2008,2000s,Calidad del empleo,Desempleo femenino,SL.UEM.TOTL.FE.ZS,% de la PEA femenina,6.2,False
Trinidad y Tobago,TTO,Caribe,2009,2000s,Calidad del empleo,Desempleo femenino,SL.UEM.TOTL.FE.ZS,% de la PEA femenina,6.3,False
Trinidad y Tobago,TTO,Caribe,2010,2010s,Calidad del empleo,Desempleo femenino,SL.UEM.TOTL.FE.ZS,% de la PEA femenina,7.0,False
Trinidad y Tobago,TTO,Caribe,2011,2010s,Calidad del empleo,Desempleo femenino,SL.UEM.TOTL.FE.ZS,% de la PEA femenina,5.6,False
Trinidad y Tobago,TTO,Caribe,2012,2010s,Calidad del empleo,Desempleo femenino,SL.UEM.TOTL.FE.ZS,% de la PEA femenina,6.2,False
Trinidad y Tobago,TTO,Caribe,2013,2010s,Calidad del empleo,Desempleo femenino,SL.UEM.TOTL.FE.ZS,% de la PEA femenina,4.7,False
Trinidad y Tobago,TTO,Caribe,2014,2010s,Calidad del empleo,Desempleo femenino,SL.UEM.TOTL.FE.ZS,% de la PEA femenina,5.3,False
Trinidad y Tobago,TTO,Caribe,1990,1990s,Calidad del empleo,Empleadoras,SL.EMP.MPYR.FE.ZS,% del empleo femenino,1.7,False
Trinidad y Tobago,TTO,Caribe,1991,1990s,Calidad del empleo,Empleadoras,SL.EMP.MPYR.FE.ZS,% del empleo femenino,1.8,False
Trinidad y Tobago,TTO,Caribe,1992,1990s,Calidad del empleo,Empleadoras,SL.EMP.MPYR.FE.ZS,% del empleo femenino,2.2,False
Trinidad y Tobago,TTO,Caribe,1993,1990s,Calidad del empleo,Empleadoras,SL.EMP.MPYR.FE.ZS,% del empleo femenino,2.1,False
Trinidad y Tobago,TTO,Caribe,1994,1990s,Calidad del empleo,Empleadoras,SL.EMP.MPYR.FE.ZS,% del empleo femenino,1.8,False
Trinidad y Tobago,TTO,Caribe,1995,1990s,Calidad del empleo,Empleadoras,SL.EMP.MPYR.FE.ZS,% del empleo femenino,2.2,False
Trinidad y Tobago,TTO,Caribe,1996,1990s,Calidad del empleo,Empleadoras,SL.EMP.MPYR.FE.ZS,% del empleo femenino,2.4,False
Trinidad y Tobago,TTO,Caribe,1997,1990s,Calidad del empleo,Empleadoras,SL.EMP.MPYR.FE.ZS,% del empleo femenino,2.8,False
Trinidad y Tobago,TTO,Caribe,1998,1990s,Calidad del empleo,Empleadoras,SL.EMP.MPYR.FE.ZS,% del empleo femenino,2.2,False
Trinidad y Tobago,TTO,Caribe,1999,1990s,Calidad del empleo,Empleadoras,SL.EMP.MPYR.FE.ZS,% del empleo femenino,2.3,False
Trinidad y Tobago,TTO,Caribe,2000,2000s,Calidad del empleo,Empleadoras,SL.EMP.MPYR.FE.ZS,% del empleo femenino,2.6,False
Trinidad y Tobago,TTO,Caribe,2001,2000s,Calidad del empleo,Empleadoras,SL.EMP.MPYR.FE.ZS,% del empleo femenino,3.2,False
Trinidad y Tobago,TTO,Caribe,2002,2000s,Calidad del empleo,Empleadoras,SL.EMP.MPYR.FE.ZS,% del empleo femenino,2.5,False
Trinidad y Tobago,TTO,Caribe,2003,2000s,Calidad del empleo,Empleadoras,SL.EMP.MPYR.FE.ZS,% del empleo femenino,2.4,False
Trinidad y Tobago,TTO,Caribe,2004,2000s,Calidad del empleo,Empleadoras,SL.EMP.MPYR.FE.ZS,% del empleo femenino,2.4,False
Trinidad y Tobago,TTO,Caribe,2005,2000s,Calidad del empleo,Empleadoras,SL.EMP.MPYR.FE.ZS,% del empleo femenino,2.8,False
Trinidad y Tobago,TTO,Caribe,2009,2000s,Calidad del empleo,Empleadoras,SL.EMP.MPYR.FE.ZS,% del empleo femenino,2.5,False
Trinidad y Tobago,TTO,Caribe,2010,2010s,Calidad del empleo,Empleadoras,SL.EMP.MPYR.FE.ZS,% del empleo femenino,2.6,False
Trinidad y Tobago,TTO,Caribe,2013,2010s,Calidad del empleo,Empleadoras,SL.EMP.MPYR.FE.ZS,% del empleo femenino,3.5,False
Trinidad y Tobago,TTO,Caribe,1990,1990s,Estructura sectorial,Empleo femenino en agricultura,SL.AGR.EMPL.FE.ZS,% del empleo femenino,6.3,False
Trinidad y Tobago,TTO,Caribe,1991,1990s,Estructura sectorial,Empleo femenino en agricultura,SL.AGR.EMPL.FE.ZS,% del empleo femenino,6.4,False
Trinidad y Tobago,TTO,Caribe,1992,1990s,Estructura sectorial,Empleo femenino en agricultura,SL.AGR.EMPL.FE.ZS,% del empleo femenino,5.5,False
Trinidad y Tobago,TTO,Caribe,1993,1990s,Estructura sectorial,Empleo femenino en agricultura,SL.AGR.EMPL.FE.ZS,% del empleo femenino,5.6,False
Trinidad y Tobago,TTO,Caribe,1994,1990s,Estructura sectorial,Empleo femenino en agricultura,SL.AGR.EMPL.FE.ZS,% del empleo femenino,6.2,False
Trinidad y Tobago,TTO,Caribe,1995,1990s,Estructura sectorial,Empleo femenino en agricultura,SL.AGR.EMPL.FE.ZS,% del empleo femenino,5.0,False
Trinidad y Tobago,TTO,Caribe,1996,1990s,Estructura sectorial,Empleo femenino en agricultura,SL.AGR.EMPL.FE.ZS,% del empleo femenino,4.5,False
Trinidad y Tobago,TTO,Caribe,1997,1990s,Estructura sectorial,Empleo femenino en agricultura,SL.AGR.EMPL.FE.ZS,% del empleo femenino,3.9,False
Trinidad y Tobago,TTO,Caribe,1998,1990s,Estructura sectorial,Empleo femenino en agricultura,SL.AGR.EMPL.FE.ZS,% del empleo femenino,3.4,False
Trinidad y Tobago,TTO,Caribe,1999,1990s,Estructura sectorial,Empleo femenino en agricultura,SL.AGR.EMPL.FE.ZS,% del empleo femenino,2.8,False
Trinidad y Tobago,TTO,Caribe,2000,2000s,Estructura sectorial,Empleo femenino en agricultura,SL.AGR.EMPL.FE.ZS,% del empleo femenino,2.9,False
Trinidad y Tobago,TTO,Caribe,2001,2000s,Estructura sectorial,Empleo femenino en agricultura,SL.AGR.EMPL.FE.ZS,% del empleo femenino,3.1,False
Trinidad y Tobago,TTO,Caribe,2002,2000s,Estructura sectorial,Empleo femenino en agricultura,SL.AGR.EMPL.FE.ZS,% del empleo femenino,2.0,False
Trinidad y Tobago,TTO,Caribe,2003,2000s,Estructura sectorial,Empleo femenino en agricultura,SL.AGR.EMPL.FE.ZS,% del empleo femenino,2.0,False
Trinidad y Tobago,TTO,Caribe,2004,2000s,Estructura sectorial,Empleo femenino en agricultura,SL.AGR.EMPL.FE.ZS,% del empleo femenino,2.0,False
Trinidad y Tobago,TTO,Caribe,2005,2000s,Estructura sectorial,Empleo femenino en agricultura,SL.AGR.EMPL.FE.ZS,% del empleo femenino,1.7,False
Trinidad y Tobago,TTO,Caribe,2006,2000s,Estructura sectorial,Empleo femenino en agricultura,SL.AGR.EMPL.FE.ZS,% del empleo femenino,2.0,False
Trinidad y Tobago,TTO,Caribe,2007,2000s,Estructura sectorial,Empleo femenino en agricultura,SL.AGR.EMPL.FE.ZS,% del empleo femenino,1.8,False
Trinidad y Tobago,TTO,Caribe,2008,2000s,Estructura sectorial,Empleo femenino en agricultura,SL.AGR.EMPL.FE.ZS,% del empleo femenino,1.8,False
Trinidad y Tobago,TTO,Caribe,1990,1990s,Estructura sectorial,Empleo femenino en servicios,SL.SRV.EMPL.FE.ZS,% del empleo femenino,80.0,False
Trinidad y Tobago,TTO,Caribe,1991,1990s,Estructura sectorial,Empleo femenino en servicios,SL.SRV.EMPL.FE.ZS,% del empleo femenino,77.7,False
Trinidad y Tobago,TTO,Caribe,1992,1990s,Estructura sectorial,Empleo femenino en servicios,SL.SRV.EMPL.FE.ZS,% del empleo femenino,80.2,False
Trinidad y Tobago,TTO,Caribe,1993,1990s,Estructura sectorial,Empleo femenino en servicios,SL.SRV.EMPL.FE.ZS,% del empleo femenino,80.6,False
Trinidad y Tobago,TTO,Caribe,1994,1990s,Estructura sectorial,Empleo femenino en servicios,SL.SRV.EMPL.FE.ZS,% del empleo femenino,80.5,False
Trinidad y Tobago,TTO,Caribe,1995,1990s,Estructura sectorial,Empleo femenino en servicios,SL.SRV.EMPL.FE.ZS,% del empleo femenino,82.3,False
Trinidad y Tobago,TTO,Caribe,1996,1990s,Estructura sectorial,Empleo femenino en servicios,SL.SRV.EMPL.FE.ZS,% del empleo femenino,82.7,False
Trinidad y Tobago,TTO,Caribe,1997,1990s,Estructura sectorial,Empleo femenino en servicios,SL.SRV.EMPL.FE.ZS,% del empleo femenino,83.5,False
Trinidad y Tobago,TTO,Caribe,1998,1990s,Estructura sectorial,Empleo femenino en servicios,SL.SRV.EMPL.FE.ZS,% del empleo femenino,83.4,False
Trinidad y Tobago,TTO,Caribe,1999,1990s,Estructura sectorial,Empleo femenino en servicios,SL.SRV.EMPL.FE.ZS,% del empleo femenino,84.1,False
Trinidad y Tobago,TTO,Caribe,2000,2000s,Estructura sectorial,Empleo femenino en servicios,SL.SRV.EMPL.FE.ZS,% del empleo femenino,83.7,False
Trinidad y Tobago,TTO,Caribe,2001,2000s,Estructura sectorial,Empleo femenino en servicios,SL.SRV.EMPL.FE.ZS,% del empleo femenino,83.8,False
Trinidad y Tobago,TTO,Caribe,2002,2000s,Estructura sectorial,Empleo femenino en servicios,SL.SRV.EMPL.FE.ZS,% del empleo femenino,83.7,False
Trinidad y Tobago,TTO,Caribe,2003,2000s,Estructura sectorial,Empleo femenino en servicios,SL.SRV.EMPL.FE.ZS,% del empleo femenino,84.5,False
Trinidad y Tobago,TTO,Caribe,2004,2000s,Estructura sectorial,Empleo femenino en servicios,SL.SRV.EMPL.FE.ZS,% del empleo femenino,82.6,False
Trinidad y Tobago,TTO,Caribe,2005,2000s,Estructura sectorial,Empleo femenino en servicios,SL.SRV.EMPL.FE.ZS,% del empleo femenino,82.0,False
Trinidad y Tobago,TTO,Caribe,2006,2000s,Estructura sectorial,Empleo femenino en servicios,SL.SRV.EMPL.FE.ZS,% del empleo femenino,82.1,False
Trinidad y Tobago,TTO,Caribe,2007,2000s,Estructura sectorial,Empleo femenino en servicios,SL.SRV.EMPL.FE.ZS,% del empleo femenino,83.1,False
Trinidad y Tobago,TTO,Caribe,2008,2000s,Estructura sectorial,Empleo femenino en servicios,SL.SRV.EMPL.FE.ZS,% del empleo femenino,82.0,False
Trinidad y Tobago,TTO,Caribe,1990,1990s,Calidad del empleo,Empleo vulnerable femenino,SL.EMP.VULN.FE.ZS,% del empleo femenino,20.8,False
Trinidad y Tobago,TTO,Caribe,1991,1990s,Calidad del empleo,Empleo vulnerable femenino,SL.EMP.VULN.FE.ZS,% del empleo femenino,20.6,False
Trinidad y Tobago,TTO,Caribe,1992,1990s,Calidad del empleo,Empleo vulnerable femenino,SL.EMP.VULN.FE.ZS,% del empleo femenino,20.0,False
Trinidad y Tobago,TTO,Caribe,1993,1990s,Calidad del empleo,Empleo vulnerable femenino,SL.EMP.VULN.FE.ZS,% del empleo femenino,20.9,False
Trinidad y Tobago,TTO,Caribe,1994,1990s,Calidad del empleo,Empleo vulnerable femenino,SL.EMP.VULN.FE.ZS,% del empleo femenino,21.4,False
Trinidad y Tobago,TTO,Caribe,1995,1990s,Calidad del empleo,Empleo vulnerable femenino,SL.EMP.VULN.FE.ZS,% del empleo femenino,19.9,False
Trinidad y Tobago,TTO,Caribe,1996,1990s,Calidad del empleo,Empleo vulnerable femenino,SL.EMP.VULN.FE.ZS,% del empleo femenino,18.3,False
Trinidad y Tobago,TTO,Caribe,1997,1990s,Calidad del empleo,Empleo vulnerable femenino,SL.EMP.VULN.FE.ZS,% del empleo femenino,18.5,False
Trinidad y Tobago,TTO,Caribe,1998,1990s,Calidad del empleo,Empleo vulnerable femenino,SL.EMP.VULN.FE.ZS,% del empleo femenino,17.0,False
Trinidad y Tobago,TTO,Caribe,1999,1990s,Calidad del empleo,Empleo vulnerable femenino,SL.EMP.VULN.FE.ZS,% del empleo femenino,17.5,False
Trinidad y Tobago,TTO,Caribe,2000,2000s,Calidad del empleo,Empleo vulnerable femenino,SL.EMP.VULN.FE.ZS,% del empleo femenino,16.8,False
Trinidad y Tobago,TTO,Caribe,2001,2000s,Calidad del empleo,Empleo vulnerable femenino,SL.EMP.VULN.FE.ZS,% del empleo femenino,16.2,False
Trinidad y Tobago,TTO,Caribe,2002,2000s,Calidad del empleo,Empleo vulnerable femenino,SL.EMP.VULN.FE.ZS,% del empleo femenino,14.3,False
Trinidad y Tobago,TTO,Caribe,2003,2000s,Calidad del empleo,Empleo vulnerable femenino,SL.EMP.VULN.FE.ZS,% del empleo femenino,14.4,False
Trinidad y Tobago,TTO,Caribe,2004,2000s,Calidad del empleo,Empleo vulnerable femenino,SL.EMP.VULN.FE.ZS,% del empleo femenino,12.7,False
Trinidad y Tobago,TTO,Caribe,2005,2000s,Calidad del empleo,Empleo vulnerable femenino,SL.EMP.VULN.FE.ZS,% del empleo femenino,13.2,False
Trinidad y Tobago,TTO,Caribe,2009,2000s,Calidad del empleo,Empleo vulnerable femenino,SL.EMP.VULN.FE.ZS,% del empleo femenino,11.7,False
Trinidad y Tobago,TTO,Caribe,2010,2010s,Calidad del empleo,Empleo vulnerable femenino,SL.EMP.VULN.FE.ZS,% del empleo femenino,11.9,False
Trinidad y Tobago,TTO,Caribe,2013,2010s,Calidad del empleo,Empleo vulnerable femenino,SL.EMP.VULN.FE.ZS,% del empleo femenino,11.6,False
Trinidad y Tobago,TTO,Caribe,2010,2010s,Liderazgo empresarial,Firmas con gerenta mujer,IC.FRM.FEMM.ZS,% de firmas,20.8,False
Trinidad y Tobago,TTO,Caribe,2010,2010s,Liderazgo empresarial,Firmas con propiedad femenina,IC.FRM.FEMO.ZS,% de firmas,45.1,False
Trinidad y Tobago,TTO,Caribe,1990,1990s,Liderazgo,Mujeres en puestos directivos,SG.GEN.LSOM.ZS,% del total de directivos,35.69,False
Trinidad y Tobago,TTO,Caribe,1991,1990s,Liderazgo,Mujeres en puestos directivos,SG.GEN.LSOM.ZS,% del total de directivos,35.42,False
Trinidad y Tobago,TTO,Caribe,1992,1990s,Liderazgo,Mujeres en puestos directivos,SG.GEN.LSOM.ZS,% del total de directivos,33.83,False
Trinidad y Tobago,TTO,Caribe,1993,1990s,Liderazgo,Mujeres en puestos directivos,SG.GEN.LSOM.ZS,% del total de directivos,35.59,False
Trinidad y Tobago,TTO,Caribe,1994,1990s,Liderazgo,Mujeres en puestos directivos,SG.GEN.LSOM.ZS,% del total de directivos,36.5,False
Trinidad y Tobago,TTO,Caribe,1995,1990s,Liderazgo,Mujeres en puestos directivos,SG.GEN.LSOM.ZS,% del total de directivos,39.74,False
Trinidad y Tobago,TTO,Caribe,1996,1990s,Liderazgo,Mujeres en puestos directivos,SG.GEN.LSOM.ZS,% del total de directivos,41.69,False
Trinidad y Tobago,TTO,Caribe,1997,1990s,Liderazgo,Mujeres en puestos directivos,SG.GEN.LSOM.ZS,% del total de directivos,41.99,False
Trinidad y Tobago,TTO,Caribe,1998,1990s,Liderazgo,Mujeres en puestos directivos,SG.GEN.LSOM.ZS,% del total de directivos,39.74,False
Trinidad y Tobago,TTO,Caribe,1999,1990s,Liderazgo,Mujeres en puestos directivos,SG.GEN.LSOM.ZS,% del total de directivos,41.87,False
Trinidad y Tobago,TTO,Caribe,2000,2000s,Liderazgo,Mujeres en puestos directivos,SG.GEN.LSOM.ZS,% del total de directivos,39.23,False
Trinidad y Tobago,TTO,Caribe,2001,2000s,Liderazgo,Mujeres en puestos directivos,SG.GEN.LSOM.ZS,% del total de directivos,39.85,False
Trinidad y Tobago,TTO,Caribe,2002,2000s,Liderazgo,Mujeres en puestos directivos,SG.GEN.LSOM.ZS,% del total de directivos,37.81,False
Trinidad y Tobago,TTO,Caribe,2003,2000s,Liderazgo,Mujeres en puestos directivos,SG.GEN.LSOM.ZS,% del total de directivos,39.34,False
Trinidad y Tobago,TTO,Caribe,2004,2000s,Liderazgo,Mujeres en puestos directivos,SG.GEN.LSOM.ZS,% del total de directivos,40.93,False
Trinidad y Tobago,TTO,Caribe,2005,2000s,Liderazgo,Mujeres en puestos directivos,SG.GEN.LSOM.ZS,% del total de directivos,43.48,False
Trinidad y Tobago,TTO,Caribe,1990,1990s,Contexto,PBI per cápita,NY.GDP.PCAP.CD,USD corrientes,4147.63,False
Trinidad y Tobago,TTO,Caribe,1991,1990s,Contexto,PBI per cápita,NY.GDP.PCAP.CD,USD corrientes,4230.59,False
Trinidad y Tobago,TTO,Caribe,1992,1990s,Contexto,PBI per cápita,NY.GDP.PCAP.CD,USD corrientes,4297.63,False
Trinidad y Tobago,TTO,Caribe,1993,1990s,Contexto,PBI per cápita,NY.GDP.PCAP.CD,USD corrientes,3681.55,False
Trinidad y Tobago,TTO,Caribe,1994,1990s,Contexto,PBI per cápita,NY.GDP.PCAP.CD,USD corrientes,3956.76,False
Trinidad y Tobago,TTO,Caribe,1995,1990s,Contexto,PBI per cápita,NY.GDP.PCAP.CD,USD corrientes,4246.38,False
Trinidad y Tobago,TTO,Caribe,1996,1990s,Contexto,PBI per cápita,NY.GDP.PCAP.CD,USD corrientes,4577.0,False
Trinidad y Tobago,TTO,Caribe,1997,1990s,Contexto,PBI per cápita,NY.GDP.PCAP.CD,USD corrientes,4551.33,False
Trinidad y Tobago,TTO,Caribe,1998,1990s,Contexto,PBI per cápita,NY.GDP.PCAP.CD,USD corrientes,4786.92,False
Trinidad y Tobago,TTO,Caribe,1999,1990s,Contexto,PBI per cápita,NY.GDP.PCAP.CD,USD corrientes,5383.53,False
Trinidad y Tobago,TTO,Caribe,2000,2000s,Contexto,PBI per cápita,NY.GDP.PCAP.CD,USD corrientes,6430.97,False
Trinidad y Tobago,TTO,Caribe,2001,2000s,Contexto,PBI per cápita,NY.GDP.PCAP.CD,USD corrientes,6935.71,False
Trinidad y Tobago,TTO,Caribe,2002,2000s,Contexto,PBI per cápita,NY.GDP.PCAP.CD,USD corrientes,7049.61,False
Trinidad y Tobago,TTO,Caribe,2003,2000s,Contexto,PBI per cápita,NY.GDP.PCAP.CD,USD corrientes,8804.52,False
Trinidad y Tobago,TTO,Caribe,2004,2000s,Contexto,PBI per cápita,NY.GDP.PCAP.CD,USD corrientes,10290.52,False
Trinidad y Tobago,TTO,Caribe,2005,2000s,Contexto,PBI per cápita,NY.GDP.PCAP.CD,USD corrientes,12323.14,True
Trinidad y Tobago,TTO,Caribe,2006,2000s,Contexto,PBI per cápita,NY.GDP.PCAP.CD,USD corrientes,14096.0,True
Trinidad y Tobago,TTO,Caribe,2007,2000s,Contexto,PBI per cápita,NY.GDP.PCAP.CD,USD corrientes,16530.18,True
Trinidad y Tobago,TTO,Caribe,2008,2000s,Contexto,PBI per cápita,NY.GDP.PCAP.CD,USD corrientes,21188.12,True
Trinidad y Tobago,TTO,Caribe,2009,2000s,Contexto,PBI per cápita,NY.GDP.PCAP.CD,USD corrientes,14508.81,True
Trinidad y Tobago,TTO,Caribe,2010,2010s,Contexto,PBI per cápita,NY.GDP.PCAP.CD,USD corrientes,15840.44,True
Trinidad y Tobago,TTO,Caribe,2011,2010s,Contexto,PBI per cápita,NY.GDP.PCAP.CD,USD corrientes,18287.39,True
Trinidad y Tobago,TTO,Caribe,2012,2010s,Contexto,PBI per cápita,NY.GDP.PCAP.CD,USD corrientes,18322.32,True
Trinidad y Tobago,TTO,Caribe,2013,2010s,Contexto,PBI per cápita,NY.GDP.PCAP.CD,USD corrientes,20217.03,True
Trinidad y Tobago,TTO,Caribe,2014,2010s,Contexto,PBI per cápita,NY.GDP.PCAP.CD,USD corrientes,21317.45,True
Trinidad y Tobago,TTO,Caribe,1990,1990s,Participación,Participación laboral femenina,SL.TLF.CACT.FE.ZS,% de mujeres 15+,38.6,False
Trinidad y Tobago,TTO,Caribe,1991,1990s,Participación,Participación laboral femenina,SL.TLF.CACT.FE.ZS,% de mujeres 15+,44.0,False
Trinidad y Tobago,TTO,Caribe,1992,1990s,Participación,Participación laboral femenina,SL.TLF.CACT.FE.ZS,% de mujeres 15+,43.5,False
Trinidad y Tobago,TTO,Caribe,1993,1990s,Participación,Participación laboral femenina,SL.TLF.CACT.FE.ZS,% de mujeres 15+,43.2,False
Trinidad y Tobago,TTO,Caribe,1994,1990s,Participación,Participación laboral femenina,SL.TLF.CACT.FE.ZS,% de mujeres 15+,44.0,False
Trinidad y Tobago,TTO,Caribe,1995,1990s,Participación,Participación laboral femenina,SL.TLF.CACT.FE.ZS,% de mujeres 15+,44.8,False
Trinidad y Tobago,TTO,Caribe,1996,1990s,Participación,Participación laboral femenina,SL.TLF.CACT.FE.ZS,% de mujeres 15+,46.9,False
Trinidad y Tobago,TTO,Caribe,1997,1990s,Participación,Participación laboral femenina,SL.TLF.CACT.FE.ZS,% de mujeres 15+,46.9,False
Trinidad y Tobago,TTO,Caribe,1998,1990s,Participación,Participación laboral femenina,SL.TLF.CACT.FE.ZS,% de mujeres 15+,46.8,False
Trinidad y Tobago,TTO,Caribe,1999,1990s,Participación,Participación laboral femenina,SL.TLF.CACT.FE.ZS,% de mujeres 15+,46.7,False
Trinidad y Tobago,TTO,Caribe,2000,2000s,Participación,Participación laboral femenina,SL.TLF.CACT.FE.ZS,% de mujeres 15+,46.5,False
Trinidad y Tobago,TTO,Caribe,2001,2000s,Participación,Participación laboral femenina,SL.TLF.CACT.FE.ZS,% de mujeres 15+,47.0,False
Trinidad y Tobago,TTO,Caribe,2002,2000s,Participación,Participación laboral femenina,SL.TLF.CACT.FE.ZS,% de mujeres 15+,47.6,False
Trinidad y Tobago,TTO,Caribe,2003,2000s,Participación,Participación laboral femenina,SL.TLF.CACT.FE.ZS,% de mujeres 15+,49.6,False
Trinidad y Tobago,TTO,Caribe,2004,2000s,Participación,Participación laboral femenina,SL.TLF.CACT.FE.ZS,% de mujeres 15+,51.5,False
Trinidad y Tobago,TTO,Caribe,2005,2000s,Participación,Participación laboral femenina,SL.TLF.CACT.FE.ZS,% de mujeres 15+,53.5,False
Trinidad y Tobago,TTO,Caribe,2006,2000s,Participación,Participación laboral femenina,SL.TLF.CACT.FE.ZS,% de mujeres 15+,53.6,False
Trinidad y Tobago,TTO,Caribe,2007,2000s,Participación,Participación laboral femenina,SL.TLF.CACT.FE.ZS,% de mujeres 15+,52.4,False
Trinidad y Tobago,TTO,Caribe,2008,2000s,Participación,Participación laboral femenina,SL.TLF.CACT.FE.ZS,% de mujeres 15+,53.0,False
Trinidad y Tobago,TTO,Caribe,2009,2000s,Participación,Participación laboral femenina,SL.TLF.CACT.FE.ZS,% de mujeres 15+,51.7,False
Trinidad y Tobago,TTO,Caribe,2010,2010s,Participación,Participación laboral femenina,SL.TLF.CACT.FE.ZS,% de mujeres 15+,52.5,False
Trinidad y Tobago,TTO,Caribe,2011,2010s,Participación,Participación laboral femenina,SL.TLF.CACT.FE.ZS,% de mujeres 15+,52.7,False
Trinidad y Tobago,TTO,Caribe,2012,2010s,Participación,Participación laboral femenina,SL.TLF.CACT.FE.ZS,% de mujeres 15+,52.9,False
Trinidad y Tobago,TTO,Caribe,2013,2010s,Participación,Participación laboral femenina,SL.TLF.CACT.FE.ZS,% de mujeres 15+,53.0,False
Trinidad y Tobago,TTO,Caribe,2014,2010s,Participación,Participación laboral femenina,SL.TLF.CACT.FE.ZS,% de mujeres 15+,53.1,False
Trinidad y Tobago,TTO,Caribe,1990,1990s,Participación,Participación laboral masculina,SL.TLF.CACT.MA.ZS,% de varones 15+,76.3,False
Trinidad y Tobago,TTO,Caribe,1991,1990s,Participación,Participación laboral masculina,SL.TLF.CACT.MA.ZS,% de varones 15+,66.6,True
Trinidad y Tobago,TTO,Caribe,1992,1990s,Participación,Participación laboral masculina,SL.TLF.CACT.MA.ZS,% de varones 15+,70.8,False
Trinidad y Tobago,TTO,Caribe,1993,1990s,Participación,Participación laboral masculina,SL.TLF.CACT.MA.ZS,% de varones 15+,73.7,False
Trinidad y Tobago,TTO,Caribe,1994,1990s,Participación,Participación laboral masculina,SL.TLF.CACT.MA.ZS,% de varones 15+,75.1,False
Trinidad y Tobago,TTO,Caribe,1995,1990s,Participación,Participación laboral masculina,SL.TLF.CACT.MA.ZS,% de varones 15+,75.9,False
Trinidad y Tobago,TTO,Caribe,1996,1990s,Participación,Participación laboral masculina,SL.TLF.CACT.MA.ZS,% de varones 15+,75.5,False
Trinidad y Tobago,TTO,Caribe,1997,1990s,Participación,Participación laboral masculina,SL.TLF.CACT.MA.ZS,% de varones 15+,75.9,False
Trinidad y Tobago,TTO,Caribe,1998,1990s,Participación,Participación laboral masculina,SL.TLF.CACT.MA.ZS,% de varones 15+,76.2,False
Trinidad y Tobago,TTO,Caribe,1999,1990s,Participación,Participación laboral masculina,SL.TLF.CACT.MA.ZS,% de varones 15+,76.1,False
Trinidad y Tobago,TTO,Caribe,2000,2000s,Participación,Participación laboral masculina,SL.TLF.CACT.MA.ZS,% de varones 15+,76.3,False
Trinidad y Tobago,TTO,Caribe,2001,2000s,Participación,Participación laboral masculina,SL.TLF.CACT.MA.ZS,% de varones 15+,75.8,False
Trinidad y Tobago,TTO,Caribe,2002,2000s,Participación,Participación laboral masculina,SL.TLF.CACT.MA.ZS,% de varones 15+,75.3,False
Trinidad y Tobago,TTO,Caribe,2003,2000s,Participación,Participación laboral masculina,SL.TLF.CACT.MA.ZS,% de varones 15+,75.6,False
Trinidad y Tobago,TTO,Caribe,2004,2000s,Participación,Participación laboral masculina,SL.TLF.CACT.MA.ZS,% de varones 15+,75.9,False
Trinidad y Tobago,TTO,Caribe,2005,2000s,Participación,Participación laboral masculina,SL.TLF.CACT.MA.ZS,% de varones 15+,76.2,False
Trinidad y Tobago,TTO,Caribe,2006,2000s,Participación,Participación laboral masculina,SL.TLF.CACT.MA.ZS,% de varones 15+,75.9,False
Trinidad y Tobago,TTO,Caribe,2007,2000s,Participación,Participación laboral masculina,SL.TLF.CACT.MA.ZS,% de varones 15+,76.7,False
Trinidad y Tobago,TTO,Caribe,2008,2000s,Participación,Participación laboral masculina,SL.TLF.CACT.MA.ZS,% de varones 15+,75.8,False
Trinidad y Tobago,TTO,Caribe,2009,2000s,Participación,Participación laboral masculina,SL.TLF.CACT.MA.ZS,% de varones 15+,75.7,False
Trinidad y Tobago,TTO,Caribe,2010,2010s,Participación,Participación laboral masculina,SL.TLF.CACT.MA.ZS,% de varones 15+,75.4,False
Trinidad y Tobago,TTO,Caribe,2011,2010s,Participación,Participación laboral masculina,SL.TLF.CACT.MA.ZS,% de varones 15+,75.5,False
Trinidad y Tobago,TTO,Caribe,2012,2010s,Participación,Participación laboral masculina,SL.TLF.CACT.MA.ZS,% de varones 15+,75.5,False
Trinidad y Tobago,TTO,Caribe,2013,2010s,Participación,Participación laboral masculina,SL.TLF.CACT.MA.ZS,% de varones 15+,75.5,False
Trinidad y Tobago,TTO,Caribe,2014,2010s,Participación,Participación laboral masculina,SL.TLF.CACT.MA.ZS,% de varones 15+,75.4,False
Trinidad y Tobago,TTO,Caribe,1990,1990s,Participación,Ratio participación mujer/varón,SL.TLF.CACT.FM.ZS,% (mujer/varón),50.59,False
Trinidad y Tobago,TTO,Caribe,1991,1990s,Participación,Ratio participación mujer/varón,SL.TLF.CACT.FM.ZS,% (mujer/varón),66.07,False
Trinidad y Tobago,TTO,Caribe,1992,1990s,Participación,Ratio participación mujer/varón,SL.TLF.CACT.FM.ZS,% (mujer/varón),61.44,False
Trinidad y Tobago,TTO,Caribe,1993,1990s,Participación,Ratio participación mujer/varón,SL.TLF.CACT.FM.ZS,% (mujer/varón),58.62,False
Trinidad y Tobago,TTO,Caribe,1994,1990s,Participación,Ratio participación mujer/varón,SL.TLF.CACT.FM.ZS,% (mujer/varón),58.59,False
Trinidad y Tobago,TTO,Caribe,1995,1990s,Participación,Ratio participación mujer/varón,SL.TLF.CACT.FM.ZS,% (mujer/varón),59.03,False
Trinidad y Tobago,TTO,Caribe,1996,1990s,Participación,Ratio participación mujer/varón,SL.TLF.CACT.FM.ZS,% (mujer/varón),62.12,False
Trinidad y Tobago,TTO,Caribe,1997,1990s,Participación,Ratio participación mujer/varón,SL.TLF.CACT.FM.ZS,% (mujer/varón),61.79,False
Trinidad y Tobago,TTO,Caribe,1998,1990s,Participación,Ratio participación mujer/varón,SL.TLF.CACT.FM.ZS,% (mujer/varón),61.42,False
Trinidad y Tobago,TTO,Caribe,1999,1990s,Participación,Ratio participación mujer/varón,SL.TLF.CACT.FM.ZS,% (mujer/varón),61.37,False
Trinidad y Tobago,TTO,Caribe,2000,2000s,Participación,Ratio participación mujer/varón,SL.TLF.CACT.FM.ZS,% (mujer/varón),60.94,False
Trinidad y Tobago,TTO,Caribe,2001,2000s,Participación,Ratio participación mujer/varón,SL.TLF.CACT.FM.ZS,% (mujer/varón),62.01,False
Trinidad y Tobago,TTO,Caribe,2002,2000s,Participación,Ratio participación mujer/varón,SL.TLF.CACT.FM.ZS,% (mujer/varón),63.21,False
Trinidad y Tobago,TTO,Caribe,2003,2000s,Participación,Ratio participación mujer/varón,SL.TLF.CACT.FM.ZS,% (mujer/varón),65.61,False
Trinidad y Tobago,TTO,Caribe,2004,2000s,Participación,Ratio participación mujer/varón,SL.TLF.CACT.FM.ZS,% (mujer/varón),67.85,False
Trinidad y Tobago,TTO,Caribe,2005,2000s,Participación,Ratio participación mujer/varón,SL.TLF.CACT.FM.ZS,% (mujer/varón),70.21,False
Trinidad y Tobago,TTO,Caribe,2006,2000s,Participación,Ratio participación mujer/varón,SL.TLF.CACT.FM.ZS,% (mujer/varón),70.62,False
Trinidad y Tobago,TTO,Caribe,2007,2000s,Participación,Ratio participación mujer/varón,SL.TLF.CACT.FM.ZS,% (mujer/varón),68.32,False
Trinidad y Tobago,TTO,Caribe,2008,2000s,Participación,Ratio participación mujer/varón,SL.TLF.CACT.FM.ZS,% (mujer/varón),69.92,False
Trinidad y Tobago,TTO,Caribe,2009,2000s,Participación,Ratio participación mujer/varón,SL.TLF.CACT.FM.ZS,% (mujer/varón),68.3,False
Trinidad y Tobago,TTO,Caribe,2010,2010s,Participación,Ratio participación mujer/varón,SL.TLF.CACT.FM.ZS,% (mujer/varón),69.63,False
Trinidad y Tobago,TTO,Caribe,2011,2010s,Participación,Ratio participación mujer/varón,SL.TLF.CACT.FM.ZS,% (mujer/varón),69.8,False
Trinidad y Tobago,TTO,Caribe,2012,2010s,Participación,Ratio participación mujer/varón,SL.TLF.CACT.FM.ZS,% (mujer/varón),70.07,False
Trinidad y Tobago,TTO,Caribe,2013,2010s,Participación,Ratio participación mujer/varón,SL.TLF.CACT.FM.ZS,% (mujer/varón),70.2,False
Trinidad y Tobago,TTO,Caribe,2014,2010s,Participación,Ratio participación mujer/varón,SL.TLF.CACT.FM.ZS,% (mujer/varón),70.42,False
Uruguay,URY,Cono Sur,1998,1990s,Calidad del empleo,Asalariadas,SL.EMP.WORK.FE.ZS,% del empleo femenino,77.0,False
Uruguay,URY,Cono Sur,1999,1990s,Calidad del empleo,Asalariadas,SL.EMP.WORK.FE.ZS,% del empleo femenino,76.6,False
Uruguay,URY,Cono Sur,2000,2000s,Calidad del empleo,Asalariadas,SL.EMP.WORK.FE.ZS,% del empleo femenino,77.4,False
Uruguay,URY,Cono Sur,2001,2000s,Calidad del empleo,Asalariadas,SL.EMP.WORK.FE.ZS,% del empleo femenino,75.8,False
Uruguay,URY,Cono Sur,2002,2000s,Calidad del empleo,Asalariadas,SL.EMP.WORK.FE.ZS,% del empleo femenino,71.2,False
Uruguay,URY,Cono Sur,2003,2000s,Calidad del empleo,Asalariadas,SL.EMP.WORK.FE.ZS,% del empleo femenino,76.4,False
Uruguay,URY,Cono Sur,2005,2000s,Calidad del empleo,Asalariadas,SL.EMP.WORK.FE.ZS,% del empleo femenino,76.0,False
Uruguay,URY,Cono Sur,2006,2000s,Calidad del empleo,Asalariadas,SL.EMP.WORK.FE.ZS,% del empleo femenino,73.2,False
Uruguay,URY,Cono Sur,2007,2000s,Calidad del empleo,Asalariadas,SL.EMP.WORK.FE.ZS,% del empleo femenino,72.7,False
Uruguay,URY,Cono Sur,2008,2000s,Calidad del empleo,Asalariadas,SL.EMP.WORK.FE.ZS,% del empleo femenino,69.4,False
Uruguay,URY,Cono Sur,2009,2000s,Calidad del empleo,Asalariadas,SL.EMP.WORK.FE.ZS,% del empleo femenino,69.9,False
Uruguay,URY,Cono Sur,2010,2010s,Calidad del empleo,Asalariadas,SL.EMP.WORK.FE.ZS,% del empleo femenino,75.7,False
Uruguay,URY,Cono Sur,2011,2010s,Calidad del empleo,Asalariadas,SL.EMP.WORK.FE.ZS,% del empleo femenino,74.0,False
Uruguay,URY,Cono Sur,2012,2010s,Calidad del empleo,Asalariadas,SL.EMP.WORK.FE.ZS,% del empleo femenino,75.2,False
Uruguay,URY,Cono Sur,2013,2010s,Calidad del empleo,Asalariadas,SL.EMP.WORK.FE.ZS,% del empleo femenino,75.5,False
Uruguay,URY,Cono Sur,1990,1990s,Liderazgo,Bancas parlamentarias femeninas,SG.GEN.PARL.ZS,% de bancas,6.1,False
Uruguay,URY,Cono Sur,1997,1990s,Liderazgo,Bancas parlamentarias femeninas,SG.GEN.PARL.ZS,% de bancas,7.1,False
Uruguay,URY,Cono Sur,1998,1990s,Liderazgo,Bancas parlamentarias femeninas,SG.GEN.PARL.ZS,% de bancas,7.1,False
Uruguay,URY,Cono Sur,1999,1990s,Liderazgo,Bancas parlamentarias femeninas,SG.GEN.PARL.ZS,% de bancas,12.1,False
Uruguay,URY,Cono Sur,2000,2000s,Liderazgo,Bancas parlamentarias femeninas,SG.GEN.PARL.ZS,% de bancas,12.1,False
Uruguay,URY,Cono Sur,2001,2000s,Liderazgo,Bancas parlamentarias femeninas,SG.GEN.PARL.ZS,% de bancas,12.1,False
Uruguay,URY,Cono Sur,2002,2000s,Liderazgo,Bancas parlamentarias femeninas,SG.GEN.PARL.ZS,% de bancas,12.1,False
Uruguay,URY,Cono Sur,2003,2000s,Liderazgo,Bancas parlamentarias femeninas,SG.GEN.PARL.ZS,% de bancas,12.1,False
Uruguay,URY,Cono Sur,2004,2000s,Liderazgo,Bancas parlamentarias femeninas,SG.GEN.PARL.ZS,% de bancas,12.1,False
Uruguay,URY,Cono Sur,2005,2000s,Liderazgo,Bancas parlamentarias femeninas,SG.GEN.PARL.ZS,% de bancas,11.1,False
Uruguay,URY,Cono Sur,2006,2000s,Liderazgo,Bancas parlamentarias femeninas,SG.GEN.PARL.ZS,% de bancas,11.1,False
Uruguay,URY,Cono Sur,2007,2000s,Liderazgo,Bancas parlamentarias femeninas,SG.GEN.PARL.ZS,% de bancas,12.1,False
Uruguay,URY,Cono Sur,2008,2000s,Liderazgo,Bancas parlamentarias femeninas,SG.GEN.PARL.ZS,% de bancas,12.1,False
Uruguay,URY,Cono Sur,2009,2000s,Liderazgo,Bancas parlamentarias femeninas,SG.GEN.PARL.ZS,% de bancas,14.1,False
Uruguay,URY,Cono Sur,2010,2010s,Liderazgo,Bancas parlamentarias femeninas,SG.GEN.PARL.ZS,% de bancas,15.2,False
Uruguay,URY,Cono Sur,2011,2010s,Liderazgo,Bancas parlamentarias femeninas,SG.GEN.PARL.ZS,% de bancas,12.1,False
Uruguay,URY,Cono Sur,2012,2010s,Liderazgo,Bancas parlamentarias femeninas,SG.GEN.PARL.ZS,% de bancas,12.1,False
Uruguay,URY,Cono Sur,2013,2010s,Liderazgo,Bancas parlamentarias femeninas,SG.GEN.PARL.ZS,% de bancas,12.1,False
Uruguay,URY,Cono Sur,2014,2010s,Liderazgo,Bancas parlamentarias femeninas,SG.GEN.PARL.ZS,% de bancas,16.2,False
Uruguay,URY,Cono Sur,1991,1990s,Calidad del empleo,Desempleo femenino,SL.UEM.TOTL.FE.ZS,% de la PEA femenina,9.5,False
Uruguay,URY,Cono Sur,1992,1990s,Calidad del empleo,Desempleo femenino,SL.UEM.TOTL.FE.ZS,% de la PEA femenina,9.9,False
Uruguay,URY,Cono Sur,1993,1990s,Calidad del empleo,Desempleo femenino,SL.UEM.TOTL.FE.ZS,% de la PEA femenina,10.2,False
Uruguay,URY,Cono Sur,1994,1990s,Calidad del empleo,Desempleo femenino,SL.UEM.TOTL.FE.ZS,% de la PEA femenina,10.0,False
Uruguay,URY,Cono Sur,1995,1990s,Calidad del empleo,Desempleo femenino,SL.UEM.TOTL.FE.ZS,% de la PEA femenina,14.7,False
Uruguay,URY,Cono Sur,1996,1990s,Calidad del empleo,Desempleo femenino,SL.UEM.TOTL.FE.ZS,% de la PEA femenina,13.3,False
Uruguay,URY,Cono Sur,1997,1990s,Calidad del empleo,Desempleo femenino,SL.UEM.TOTL.FE.ZS,% de la PEA femenina,12.9,False
Uruguay,URY,Cono Sur,1998,1990s,Calidad del empleo,Desempleo femenino,SL.UEM.TOTL.FE.ZS,% de la PEA femenina,12.2,False
Uruguay,URY,Cono Sur,1999,1990s,Calidad del empleo,Desempleo femenino,SL.UEM.TOTL.FE.ZS,% de la PEA femenina,13.3,False
Uruguay,URY,Cono Sur,2000,2000s,Calidad del empleo,Desempleo femenino,SL.UEM.TOTL.FE.ZS,% de la PEA femenina,14.5,False
Uruguay,URY,Cono Sur,2001,2000s,Calidad del empleo,Desempleo femenino,SL.UEM.TOTL.FE.ZS,% de la PEA femenina,13.1,False
Uruguay,URY,Cono Sur,2002,2000s,Calidad del empleo,Desempleo femenino,SL.UEM.TOTL.FE.ZS,% de la PEA femenina,11.7,False
Uruguay,URY,Cono Sur,2003,2000s,Calidad del empleo,Desempleo femenino,SL.UEM.TOTL.FE.ZS,% de la PEA femenina,10.4,False
Uruguay,URY,Cono Sur,2004,2000s,Calidad del empleo,Desempleo femenino,SL.UEM.TOTL.FE.ZS,% de la PEA femenina,10.4,False
Uruguay,URY,Cono Sur,2005,2000s,Calidad del empleo,Desempleo femenino,SL.UEM.TOTL.FE.ZS,% de la PEA femenina,11.7,False
Uruguay,URY,Cono Sur,2006,2000s,Calidad del empleo,Desempleo femenino,SL.UEM.TOTL.FE.ZS,% de la PEA femenina,14.4,False
Uruguay,URY,Cono Sur,2007,2000s,Calidad del empleo,Desempleo femenino,SL.UEM.TOTL.FE.ZS,% de la PEA femenina,12.5,False
Uruguay,URY,Cono Sur,2008,2000s,Calidad del empleo,Desempleo femenino,SL.UEM.TOTL.FE.ZS,% de la PEA femenina,10.4,False
Uruguay,URY,Cono Sur,2009,2000s,Calidad del empleo,Desempleo femenino,SL.UEM.TOTL.FE.ZS,% de la PEA femenina,9.9,False
Uruguay,URY,Cono Sur,2010,2010s,Calidad del empleo,Desempleo femenino,SL.UEM.TOTL.FE.ZS,% de la PEA femenina,9.6,False
Uruguay,URY,Cono Sur,2011,2010s,Calidad del empleo,Desempleo femenino,SL.UEM.TOTL.FE.ZS,% de la PEA femenina,8.1,False
Uruguay,URY,Cono Sur,2012,2010s,Calidad del empleo,Desempleo femenino,SL.UEM.TOTL.FE.ZS,% de la PEA femenina,8.4,False
Uruguay,URY,Cono Sur,2013,2010s,Calidad del empleo,Desempleo femenino,SL.UEM.TOTL.FE.ZS,% de la PEA femenina,8.5,False
Uruguay,URY,Cono Sur,2014,2010s,Calidad del empleo,Desempleo femenino,SL.UEM.TOTL.FE.ZS,% de la PEA femenina,9.1,False
Uruguay,URY,Cono Sur,1998,1990s,Calidad del empleo,Empleadoras,SL.EMP.MPYR.FE.ZS,% del empleo femenino,2.3,False
Uruguay,URY,Cono Sur,1999,1990s,Calidad del empleo,Empleadoras,SL.EMP.MPYR.FE.ZS,% del empleo femenino,2.2,False
Uruguay,URY,Cono Sur,2000,2000s,Calidad del empleo,Empleadoras,SL.EMP.MPYR.FE.ZS,% del empleo femenino,2.2,False
Uruguay,URY,Cono Sur,2001,2000s,Calidad del empleo,Empleadoras,SL.EMP.MPYR.FE.ZS,% del empleo femenino,2.2,False
Uruguay,URY,Cono Sur,2002,2000s,Calidad del empleo,Empleadoras,SL.EMP.MPYR.FE.ZS,% del empleo femenino,3.9,False
Uruguay,URY,Cono Sur,2003,2000s,Calidad del empleo,Empleadoras,SL.EMP.MPYR.FE.ZS,% del empleo femenino,1.9,False
Uruguay,URY,Cono Sur,2005,2000s,Calidad del empleo,Empleadoras,SL.EMP.MPYR.FE.ZS,% del empleo femenino,2.3,False
Uruguay,URY,Cono Sur,2006,2000s,Calidad del empleo,Empleadoras,SL.EMP.MPYR.FE.ZS,% del empleo femenino,2.8,False
Uruguay,URY,Cono Sur,2007,2000s,Calidad del empleo,Empleadoras,SL.EMP.MPYR.FE.ZS,% del empleo femenino,2.9,False
Uruguay,URY,Cono Sur,2008,2000s,Calidad del empleo,Empleadoras,SL.EMP.MPYR.FE.ZS,% del empleo femenino,6.2,True
Uruguay,URY,Cono Sur,2009,2000s,Calidad del empleo,Empleadoras,SL.EMP.MPYR.FE.ZS,% del empleo femenino,6.1,True
Uruguay,URY,Cono Sur,2010,2010s,Calidad del empleo,Empleadoras,SL.EMP.MPYR.FE.ZS,% del empleo femenino,2.8,False
Uruguay,URY,Cono Sur,2011,2010s,Calidad del empleo,Empleadoras,SL.EMP.MPYR.FE.ZS,% del empleo femenino,3.3,False
Uruguay,URY,Cono Sur,2012,2010s,Calidad del empleo,Empleadoras,SL.EMP.MPYR.FE.ZS,% del empleo femenino,2.9,False
Uruguay,URY,Cono Sur,2013,2010s,Calidad del empleo,Empleadoras,SL.EMP.MPYR.FE.ZS,% del empleo femenino,2.9,False
Uruguay,URY,Cono Sur,1992,1990s,Estructura sectorial,Empleo femenino en agricultura,SL.AGR.EMPL.FE.ZS,% del empleo femenino,1.0,False
Uruguay,URY,Cono Sur,1993,1990s,Estructura sectorial,Empleo femenino en agricultura,SL.AGR.EMPL.FE.ZS,% del empleo femenino,0.9,False
Uruguay,URY,Cono Sur,1994,1990s,Estructura sectorial,Empleo femenino en agricultura,SL.AGR.EMPL.FE.ZS,% del empleo femenino,1.5,False
Uruguay,URY,Cono Sur,1995,1990s,Estructura sectorial,Empleo femenino en agricultura,SL.AGR.EMPL.FE.ZS,% del empleo femenino,1.6,False
Uruguay,URY,Cono Sur,1998,1990s,Estructura sectorial,Empleo femenino en agricultura,SL.AGR.EMPL.FE.ZS,% del empleo femenino,1.5,False
Uruguay,URY,Cono Sur,1999,1990s,Estructura sectorial,Empleo femenino en agricultura,SL.AGR.EMPL.FE.ZS,% del empleo femenino,1.2,False
Uruguay,URY,Cono Sur,2000,2000s,Estructura sectorial,Empleo femenino en agricultura,SL.AGR.EMPL.FE.ZS,% del empleo femenino,1.1,False
Uruguay,URY,Cono Sur,2001,2000s,Estructura sectorial,Empleo femenino en agricultura,SL.AGR.EMPL.FE.ZS,% del empleo femenino,1.7,False
Uruguay,URY,Cono Sur,2002,2000s,Estructura sectorial,Empleo femenino en agricultura,SL.AGR.EMPL.FE.ZS,% del empleo femenino,1.3,False
Uruguay,URY,Cono Sur,2003,2000s,Estructura sectorial,Empleo femenino en agricultura,SL.AGR.EMPL.FE.ZS,% del empleo femenino,1.7,False
Uruguay,URY,Cono Sur,2004,2000s,Estructura sectorial,Empleo femenino en agricultura,SL.AGR.EMPL.FE.ZS,% del empleo femenino,1.8,False
Uruguay,URY,Cono Sur,2005,2000s,Estructura sectorial,Empleo femenino en agricultura,SL.AGR.EMPL.FE.ZS,% del empleo femenino,1.5,False
Uruguay,URY,Cono Sur,2006,2000s,Estructura sectorial,Empleo femenino en agricultura,SL.AGR.EMPL.FE.ZS,% del empleo femenino,5.2,False
Uruguay,URY,Cono Sur,2007,2000s,Estructura sectorial,Empleo femenino en agricultura,SL.AGR.EMPL.FE.ZS,% del empleo femenino,4.8,False
Uruguay,URY,Cono Sur,2009,2000s,Estructura sectorial,Empleo femenino en agricultura,SL.AGR.EMPL.FE.ZS,% del empleo femenino,4.6,False
Uruguay,URY,Cono Sur,2010,2010s,Estructura sectorial,Empleo femenino en agricultura,SL.AGR.EMPL.FE.ZS,% del empleo femenino,5.2,False
Uruguay,URY,Cono Sur,2011,2010s,Estructura sectorial,Empleo femenino en agricultura,SL.AGR.EMPL.FE.ZS,% del empleo femenino,5.3,False
Uruguay,URY,Cono Sur,2013,2010s,Estructura sectorial,Empleo femenino en agricultura,SL.AGR.EMPL.FE.ZS,% del empleo femenino,4.4,False
Uruguay,URY,Cono Sur,1990,1990s,Estructura sectorial,Empleo femenino en servicios,SL.SRV.EMPL.FE.ZS,% del empleo femenino,78.2,False
Uruguay,URY,Cono Sur,1991,1990s,Estructura sectorial,Empleo femenino en servicios,SL.SRV.EMPL.FE.ZS,% del empleo femenino,76.8,False
Uruguay,URY,Cono Sur,1992,1990s,Estructura sectorial,Empleo femenino en servicios,SL.SRV.EMPL.FE.ZS,% del empleo femenino,78.4,False
Uruguay,URY,Cono Sur,1993,1990s,Estructura sectorial,Empleo femenino en servicios,SL.SRV.EMPL.FE.ZS,% del empleo femenino,79.2,False
Uruguay,URY,Cono Sur,1994,1990s,Estructura sectorial,Empleo femenino en servicios,SL.SRV.EMPL.FE.ZS,% del empleo femenino,80.5,False
Uruguay,URY,Cono Sur,1995,1990s,Estructura sectorial,Empleo femenino en servicios,SL.SRV.EMPL.FE.ZS,% del empleo femenino,81.7,False
Uruguay,URY,Cono Sur,1998,1990s,Estructura sectorial,Empleo femenino en servicios,SL.SRV.EMPL.FE.ZS,% del empleo femenino,84.4,False
Uruguay,URY,Cono Sur,1999,1990s,Estructura sectorial,Empleo femenino en servicios,SL.SRV.EMPL.FE.ZS,% del empleo femenino,84.9,False
Uruguay,URY,Cono Sur,2000,2000s,Estructura sectorial,Empleo femenino en servicios,SL.SRV.EMPL.FE.ZS,% del empleo femenino,85.4,False
Uruguay,URY,Cono Sur,2001,2000s,Estructura sectorial,Empleo femenino en servicios,SL.SRV.EMPL.FE.ZS,% del empleo femenino,84.9,False
Uruguay,URY,Cono Sur,2002,2000s,Estructura sectorial,Empleo femenino en servicios,SL.SRV.EMPL.FE.ZS,% del empleo femenino,86.5,False
Uruguay,URY,Cono Sur,2003,2000s,Estructura sectorial,Empleo femenino en servicios,SL.SRV.EMPL.FE.ZS,% del empleo femenino,86.2,False
Uruguay,URY,Cono Sur,2004,2000s,Estructura sectorial,Empleo femenino en servicios,SL.SRV.EMPL.FE.ZS,% del empleo femenino,85.6,False
Uruguay,URY,Cono Sur,2005,2000s,Estructura sectorial,Empleo femenino en servicios,SL.SRV.EMPL.FE.ZS,% del empleo femenino,85.7,False
Uruguay,URY,Cono Sur,2006,2000s,Estructura sectorial,Empleo femenino en servicios,SL.SRV.EMPL.FE.ZS,% del empleo femenino,82.3,False
Uruguay,URY,Cono Sur,2007,2000s,Estructura sectorial,Empleo femenino en servicios,SL.SRV.EMPL.FE.ZS,% del empleo femenino,82.5,False
Uruguay,URY,Cono Sur,2009,2000s,Estructura sectorial,Empleo femenino en servicios,SL.SRV.EMPL.FE.ZS,% del empleo femenino,84.1,False
Uruguay,URY,Cono Sur,2010,2010s,Estructura sectorial,Empleo femenino en servicios,SL.SRV.EMPL.FE.ZS,% del empleo femenino,82.8,False
Uruguay,URY,Cono Sur,2011,2010s,Estructura sectorial,Empleo femenino en servicios,SL.SRV.EMPL.FE.ZS,% del empleo femenino,83.2,False
Uruguay,URY,Cono Sur,2013,2010s,Estructura sectorial,Empleo femenino en servicios,SL.SRV.EMPL.FE.ZS,% del empleo femenino,85.3,False
Uruguay,URY,Cono Sur,1998,1990s,Calidad del empleo,Empleo vulnerable femenino,SL.EMP.VULN.FE.ZS,% del empleo femenino,20.3,False
Uruguay,URY,Cono Sur,1999,1990s,Calidad del empleo,Empleo vulnerable femenino,SL.EMP.VULN.FE.ZS,% del empleo femenino,20.9,False
Uruguay,URY,Cono Sur,2000,2000s,Calidad del empleo,Empleo vulnerable femenino,SL.EMP.VULN.FE.ZS,% del empleo femenino,20.1,False
Uruguay,URY,Cono Sur,2001,2000s,Calidad del empleo,Empleo vulnerable femenino,SL.EMP.VULN.FE.ZS,% del empleo femenino,22.0,False
Uruguay,URY,Cono Sur,2002,2000s,Calidad del empleo,Empleo vulnerable femenino,SL.EMP.VULN.FE.ZS,% del empleo femenino,24.8,False
Uruguay,URY,Cono Sur,2003,2000s,Calidad del empleo,Empleo vulnerable femenino,SL.EMP.VULN.FE.ZS,% del empleo femenino,21.8,False
Uruguay,URY,Cono Sur,2005,2000s,Calidad del empleo,Empleo vulnerable femenino,SL.EMP.VULN.FE.ZS,% del empleo femenino,21.7,False
Uruguay,URY,Cono Sur,2006,2000s,Calidad del empleo,Empleo vulnerable femenino,SL.EMP.VULN.FE.ZS,% del empleo femenino,23.8,False
Uruguay,URY,Cono Sur,2007,2000s,Calidad del empleo,Empleo vulnerable femenino,SL.EMP.VULN.FE.ZS,% del empleo femenino,24.0,False
Uruguay,URY,Cono Sur,2008,2000s,Calidad del empleo,Empleo vulnerable femenino,SL.EMP.VULN.FE.ZS,% del empleo femenino,24.3,False
Uruguay,URY,Cono Sur,2009,2000s,Calidad del empleo,Empleo vulnerable femenino,SL.EMP.VULN.FE.ZS,% del empleo femenino,23.9,False
Uruguay,URY,Cono Sur,2010,2010s,Calidad del empleo,Empleo vulnerable femenino,SL.EMP.VULN.FE.ZS,% del empleo femenino,21.2,False
Uruguay,URY,Cono Sur,2011,2010s,Calidad del empleo,Empleo vulnerable femenino,SL.EMP.VULN.FE.ZS,% del empleo femenino,22.4,False
Uruguay,URY,Cono Sur,2012,2010s,Calidad del empleo,Empleo vulnerable femenino,SL.EMP.VULN.FE.ZS,% del empleo femenino,21.6,False
Uruguay,URY,Cono Sur,2013,2010s,Calidad del empleo,Empleo vulnerable femenino,SL.EMP.VULN.FE.ZS,% del empleo femenino,21.3,False
Uruguay,URY,Cono Sur,2010,2010s,Liderazgo empresarial,Firmas con gerenta mujer,IC.FRM.FEMM.ZS,% de firmas,19.4,False
Uruguay,URY,Cono Sur,2006,2000s,Liderazgo empresarial,Firmas con propiedad femenina,IC.FRM.FEMO.ZS,% de firmas,41.6,False
Uruguay,URY,Cono Sur,2010,2010s,Liderazgo empresarial,Firmas con propiedad femenina,IC.FRM.FEMO.ZS,% de firmas,23.1,False
Uruguay,URY,Cono Sur,2000,2000s,Liderazgo,Mujeres en puestos directivos,SG.GEN.LSOM.ZS,% del total de directivos,36.27,False
Uruguay,URY,Cono Sur,2001,2000s,Liderazgo,Mujeres en puestos directivos,SG.GEN.LSOM.ZS,% del total de directivos,37.06,False
Uruguay,URY,Cono Sur,2002,2000s,Liderazgo,Mujeres en puestos directivos,SG.GEN.LSOM.ZS,% del total de directivos,37.04,False
Uruguay,URY,Cono Sur,2003,2000s,Liderazgo,Mujeres en puestos directivos,SG.GEN.LSOM.ZS,% del total de directivos,35.16,False
Uruguay,URY,Cono Sur,2005,2000s,Liderazgo,Mujeres en puestos directivos,SG.GEN.LSOM.ZS,% del total de directivos,39.6,False
Uruguay,URY,Cono Sur,2006,2000s,Liderazgo,Mujeres en puestos directivos,SG.GEN.LSOM.ZS,% del total de directivos,39.53,False
Uruguay,URY,Cono Sur,2007,2000s,Liderazgo,Mujeres en puestos directivos,SG.GEN.LSOM.ZS,% del total de directivos,40.27,False
Uruguay,URY,Cono Sur,2009,2000s,Liderazgo,Mujeres en puestos directivos,SG.GEN.LSOM.ZS,% del total de directivos,40.66,False
Uruguay,URY,Cono Sur,2010,2010s,Liderazgo,Mujeres en puestos directivos,SG.GEN.LSOM.ZS,% del total de directivos,45.05,False
Uruguay,URY,Cono Sur,2011,2010s,Liderazgo,Mujeres en puestos directivos,SG.GEN.LSOM.ZS,% del total de directivos,43.86,False
Uruguay,URY,Cono Sur,1990,1990s,Contexto,PBI per cápita,NY.GDP.PCAP.CD,USD corrientes,2989.99,False
Uruguay,URY,Cono Sur,1991,1990s,Contexto,PBI per cápita,NY.GDP.PCAP.CD,USD corrientes,3577.84,False
Uruguay,URY,Cono Sur,1992,1990s,Contexto,PBI per cápita,NY.GDP.PCAP.CD,USD corrientes,4082.03,False
Uruguay,URY,Cono Sur,1993,1990s,Contexto,PBI per cápita,NY.GDP.PCAP.CD,USD corrientes,4720.38,False
Uruguay,URY,Cono Sur,1994,1990s,Contexto,PBI per cápita,NY.GDP.PCAP.CD,USD corrientes,5458.09,False
Uruguay,URY,Cono Sur,1995,1990s,Contexto,PBI per cápita,NY.GDP.PCAP.CD,USD corrientes,5984.13,False
Uruguay,URY,Cono Sur,1996,1990s,Contexto,PBI per cápita,NY.GDP.PCAP.CD,USD corrientes,6316.29,False
Uruguay,URY,Cono Sur,1997,1990s,Contexto,PBI per cápita,NY.GDP.PCAP.CD,USD corrientes,7327.95,False
Uruguay,URY,Cono Sur,1998,1990s,Contexto,PBI per cápita,NY.GDP.PCAP.CD,USD corrientes,7711.09,False
Uruguay,URY,Cono Sur,1999,1990s,Contexto,PBI per cápita,NY.GDP.PCAP.CD,USD corrientes,7247.4,False
Uruguay,URY,Cono Sur,2000,2000s,Contexto,PBI per cápita,NY.GDP.PCAP.CD,USD corrientes,6871.9,False
Uruguay,URY,Cono Sur,2001,2000s,Contexto,PBI per cápita,NY.GDP.PCAP.CD,USD corrientes,6281.37,False
Uruguay,URY,Cono Sur,2002,2000s,Contexto,PBI per cápita,NY.GDP.PCAP.CD,USD corrientes,4088.77,False
Uruguay,URY,Cono Sur,2003,2000s,Contexto,PBI per cápita,NY.GDP.PCAP.CD,USD corrientes,3622.05,False
Uruguay,URY,Cono Sur,2004,2000s,Contexto,PBI per cápita,NY.GDP.PCAP.CD,USD corrientes,4117.31,False
Uruguay,URY,Cono Sur,2005,2000s,Contexto,PBI per cápita,NY.GDP.PCAP.CD,USD corrientes,5220.96,False
Uruguay,URY,Cono Sur,2006,2000s,Contexto,PBI per cápita,NY.GDP.PCAP.CD,USD corrientes,5877.88,False
Uruguay,URY,Cono Sur,2007,2000s,Contexto,PBI per cápita,NY.GDP.PCAP.CD,USD corrientes,7009.68,False
Uruguay,URY,Cono Sur,2008,2000s,Contexto,PBI per cápita,NY.GDP.PCAP.CD,USD corrientes,9062.29,False
Uruguay,URY,Cono Sur,2009,2000s,Contexto,PBI per cápita,NY.GDP.PCAP.CD,USD corrientes,9415.15,False
Uruguay,URY,Cono Sur,2010,2010s,Contexto,PBI per cápita,NY.GDP.PCAP.CD,USD corrientes,11938.28,True
Uruguay,URY,Cono Sur,2011,2010s,Contexto,PBI per cápita,NY.GDP.PCAP.CD,USD corrientes,14166.56,True
Uruguay,URY,Cono Sur,2012,2010s,Contexto,PBI per cápita,NY.GDP.PCAP.CD,USD corrientes,15092.47,True
Uruguay,URY,Cono Sur,2013,2010s,Contexto,PBI per cápita,NY.GDP.PCAP.CD,USD corrientes,16881.38,True
Uruguay,URY,Cono Sur,2014,2010s,Contexto,PBI per cápita,NY.GDP.PCAP.CD,USD corrientes,16737.97,True
Uruguay,URY,Cono Sur,1990,1990s,Participación,Participación laboral femenina,SL.TLF.CACT.FE.ZS,% de mujeres 15+,45.0,False
Uruguay,URY,Cono Sur,1991,1990s,Participación,Participación laboral femenina,SL.TLF.CACT.FE.ZS,% de mujeres 15+,45.4,False
Uruguay,URY,Cono Sur,1992,1990s,Participación,Participación laboral femenina,SL.TLF.CACT.FE.ZS,% de mujeres 15+,47.4,False
Uruguay,URY,Cono Sur,1993,1990s,Participación,Participación laboral femenina,SL.TLF.CACT.FE.ZS,% de mujeres 15+,46.8,False
Uruguay,URY,Cono Sur,1994,1990s,Participación,Participación laboral femenina,SL.TLF.CACT.FE.ZS,% de mujeres 15+,48.2,False
Uruguay,URY,Cono Sur,1995,1990s,Participación,Participación laboral femenina,SL.TLF.CACT.FE.ZS,% de mujeres 15+,49.4,False
Uruguay,URY,Cono Sur,1996,1990s,Participación,Participación laboral femenina,SL.TLF.CACT.FE.ZS,% de mujeres 15+,50.0,False
Uruguay,URY,Cono Sur,1997,1990s,Participación,Participación laboral femenina,SL.TLF.CACT.FE.ZS,% de mujeres 15+,50.6,False
Uruguay,URY,Cono Sur,1998,1990s,Participación,Participación laboral femenina,SL.TLF.CACT.FE.ZS,% de mujeres 15+,51.2,False
Uruguay,URY,Cono Sur,1999,1990s,Participación,Participación laboral femenina,SL.TLF.CACT.FE.ZS,% de mujeres 15+,51.6,False
Uruguay,URY,Cono Sur,2000,2000s,Participación,Participación laboral femenina,SL.TLF.CACT.FE.ZS,% de mujeres 15+,52.0,False
Uruguay,URY,Cono Sur,2001,2000s,Participación,Participación laboral femenina,SL.TLF.CACT.FE.ZS,% de mujeres 15+,53.7,False
Uruguay,URY,Cono Sur,2002,2000s,Participación,Participación laboral femenina,SL.TLF.CACT.FE.ZS,% de mujeres 15+,53.0,False
Uruguay,URY,Cono Sur,2003,2000s,Participación,Participación laboral femenina,SL.TLF.CACT.FE.ZS,% de mujeres 15+,52.3,False
Uruguay,URY,Cono Sur,2004,2000s,Participación,Participación laboral femenina,SL.TLF.CACT.FE.ZS,% de mujeres 15+,52.5,False
Uruguay,URY,Cono Sur,2005,2000s,Participación,Participación laboral femenina,SL.TLF.CACT.FE.ZS,% de mujeres 15+,52.7,False
Uruguay,URY,Cono Sur,2006,2000s,Participación,Participación laboral femenina,SL.TLF.CACT.FE.ZS,% de mujeres 15+,52.6,False
Uruguay,URY,Cono Sur,2007,2000s,Participación,Participación laboral femenina,SL.TLF.CACT.FE.ZS,% de mujeres 15+,53.9,False
Uruguay,URY,Cono Sur,2008,2000s,Participación,Participación laboral femenina,SL.TLF.CACT.FE.ZS,% de mujeres 15+,54.5,False
Uruguay,URY,Cono Sur,2009,2000s,Participación,Participación laboral femenina,SL.TLF.CACT.FE.ZS,% de mujeres 15+,55.1,False
Uruguay,URY,Cono Sur,2010,2010s,Participación,Participación laboral femenina,SL.TLF.CACT.FE.ZS,% de mujeres 15+,55.2,False
Uruguay,URY,Cono Sur,2011,2010s,Participación,Participación laboral femenina,SL.TLF.CACT.FE.ZS,% de mujeres 15+,55.3,False
Uruguay,URY,Cono Sur,2012,2010s,Participación,Participación laboral femenina,SL.TLF.CACT.FE.ZS,% de mujeres 15+,55.5,False
Uruguay,URY,Cono Sur,2013,2010s,Participación,Participación laboral femenina,SL.TLF.CACT.FE.ZS,% de mujeres 15+,55.6,False
Uruguay,URY,Cono Sur,2014,2010s,Participación,Participación laboral femenina,SL.TLF.CACT.FE.ZS,% de mujeres 15+,55.8,False
Uruguay,URY,Cono Sur,1990,1990s,Participación,Participación laboral masculina,SL.TLF.CACT.MA.ZS,% de varones 15+,77.5,False
Uruguay,URY,Cono Sur,1991,1990s,Participación,Participación laboral masculina,SL.TLF.CACT.MA.ZS,% de varones 15+,77.6,False
Uruguay,URY,Cono Sur,1992,1990s,Participación,Participación laboral masculina,SL.TLF.CACT.MA.ZS,% de varones 15+,77.6,False
Uruguay,URY,Cono Sur,1993,1990s,Participación,Participación laboral masculina,SL.TLF.CACT.MA.ZS,% de varones 15+,76.6,False
Uruguay,URY,Cono Sur,1994,1990s,Participación,Participación laboral masculina,SL.TLF.CACT.MA.ZS,% de varones 15+,77.4,False
Uruguay,URY,Cono Sur,1995,1990s,Participación,Participación laboral masculina,SL.TLF.CACT.MA.ZS,% de varones 15+,78.1,False
Uruguay,URY,Cono Sur,1996,1990s,Participación,Participación laboral masculina,SL.TLF.CACT.MA.ZS,% de varones 15+,77.5,False
Uruguay,URY,Cono Sur,1997,1990s,Participación,Participación laboral masculina,SL.TLF.CACT.MA.ZS,% de varones 15+,76.9,False
Uruguay,URY,Cono Sur,1998,1990s,Participación,Participación laboral masculina,SL.TLF.CACT.MA.ZS,% de varones 15+,76.4,False
Uruguay,URY,Cono Sur,1999,1990s,Participación,Participación laboral masculina,SL.TLF.CACT.MA.ZS,% de varones 15+,76.1,False
Uruguay,URY,Cono Sur,2000,2000s,Participación,Participación laboral masculina,SL.TLF.CACT.MA.ZS,% de varones 15+,75.8,False
Uruguay,URY,Cono Sur,2001,2000s,Participación,Participación laboral masculina,SL.TLF.CACT.MA.ZS,% de varones 15+,76.6,False
Uruguay,URY,Cono Sur,2002,2000s,Participación,Participación laboral masculina,SL.TLF.CACT.MA.ZS,% de varones 15+,75.3,False
Uruguay,URY,Cono Sur,2003,2000s,Participación,Participación laboral masculina,SL.TLF.CACT.MA.ZS,% de varones 15+,74.0,False
Uruguay,URY,Cono Sur,2004,2000s,Participación,Participación laboral masculina,SL.TLF.CACT.MA.ZS,% de varones 15+,74.1,False
Uruguay,URY,Cono Sur,2005,2000s,Participación,Participación laboral masculina,SL.TLF.CACT.MA.ZS,% de varones 15+,74.1,False
Uruguay,URY,Cono Sur,2006,2000s,Participación,Participación laboral masculina,SL.TLF.CACT.MA.ZS,% de varones 15+,76.9,False
Uruguay,URY,Cono Sur,2007,2000s,Participación,Participación laboral masculina,SL.TLF.CACT.MA.ZS,% de varones 15+,76.5,False
Uruguay,URY,Cono Sur,2008,2000s,Participación,Participación laboral masculina,SL.TLF.CACT.MA.ZS,% de varones 15+,76.7,False
Uruguay,URY,Cono Sur,2009,2000s,Participación,Participación laboral masculina,SL.TLF.CACT.MA.ZS,% de varones 15+,76.9,False
Uruguay,URY,Cono Sur,2010,2010s,Participación,Participación laboral masculina,SL.TLF.CACT.MA.ZS,% de varones 15+,76.7,False
Uruguay,URY,Cono Sur,2011,2010s,Participación,Participación laboral masculina,SL.TLF.CACT.MA.ZS,% de varones 15+,76.7,False
Uruguay,URY,Cono Sur,2012,2010s,Participación,Participación laboral masculina,SL.TLF.CACT.MA.ZS,% de varones 15+,76.8,False
Uruguay,URY,Cono Sur,2013,2010s,Participación,Participación laboral masculina,SL.TLF.CACT.MA.ZS,% de varones 15+,76.8,False
Uruguay,URY,Cono Sur,2014,2010s,Participación,Participación laboral masculina,SL.TLF.CACT.MA.ZS,% de varones 15+,76.8,False
Uruguay,URY,Cono Sur,1990,1990s,Participación,Ratio participación mujer/varón,SL.TLF.CACT.FM.ZS,% (mujer/varón),58.06,False
Uruguay,URY,Cono Sur,1991,1990s,Participación,Ratio participación mujer/varón,SL.TLF.CACT.FM.ZS,% (mujer/varón),58.51,False
Uruguay,URY,Cono Sur,1992,1990s,Participación,Ratio participación mujer/varón,SL.TLF.CACT.FM.ZS,% (mujer/varón),61.08,False
Uruguay,URY,Cono Sur,1993,1990s,Participación,Ratio participación mujer/varón,SL.TLF.CACT.FM.ZS,% (mujer/varón),61.1,False
Uruguay,URY,Cono Sur,1994,1990s,Participación,Ratio participación mujer/varón,SL.TLF.CACT.FM.ZS,% (mujer/varón),62.27,False
Uruguay,URY,Cono Sur,1995,1990s,Participación,Ratio participación mujer/varón,SL.TLF.CACT.FM.ZS,% (mujer/varón),63.25,False
Uruguay,URY,Cono Sur,1996,1990s,Participación,Ratio participación mujer/varón,SL.TLF.CACT.FM.ZS,% (mujer/varón),64.52,False
Uruguay,URY,Cono Sur,1997,1990s,Participación,Ratio participación mujer/varón,SL.TLF.CACT.FM.ZS,% (mujer/varón),65.8,False
Uruguay,URY,Cono Sur,1998,1990s,Participación,Ratio participación mujer/varón,SL.TLF.CACT.FM.ZS,% (mujer/varón),67.02,False
Uruguay,URY,Cono Sur,1999,1990s,Participación,Ratio participación mujer/varón,SL.TLF.CACT.FM.ZS,% (mujer/varón),67.81,False
Uruguay,URY,Cono Sur,2000,2000s,Participación,Ratio participación mujer/varón,SL.TLF.CACT.FM.ZS,% (mujer/varón),68.6,False
Uruguay,URY,Cono Sur,2001,2000s,Participación,Ratio participación mujer/varón,SL.TLF.CACT.FM.ZS,% (mujer/varón),70.1,False
Uruguay,URY,Cono Sur,2002,2000s,Participación,Ratio participación mujer/varón,SL.TLF.CACT.FM.ZS,% (mujer/varón),70.39,False
Uruguay,URY,Cono Sur,2003,2000s,Participación,Ratio participación mujer/varón,SL.TLF.CACT.FM.ZS,% (mujer/varón),70.68,False
Uruguay,URY,Cono Sur,2004,2000s,Participación,Ratio participación mujer/varón,SL.TLF.CACT.FM.ZS,% (mujer/varón),70.85,False
Uruguay,URY,Cono Sur,2005,2000s,Participación,Ratio participación mujer/varón,SL.TLF.CACT.FM.ZS,% (mujer/varón),71.12,False
Uruguay,URY,Cono Sur,2006,2000s,Participación,Ratio participación mujer/varón,SL.TLF.CACT.FM.ZS,% (mujer/varón),68.4,False
Uruguay,URY,Cono Sur,2007,2000s,Participación,Ratio participación mujer/varón,SL.TLF.CACT.FM.ZS,% (mujer/varón),70.46,False
Uruguay,URY,Cono Sur,2008,2000s,Participación,Ratio participación mujer/varón,SL.TLF.CACT.FM.ZS,% (mujer/varón),71.06,False
Uruguay,URY,Cono Sur,2009,2000s,Participación,Ratio participación mujer/varón,SL.TLF.CACT.FM.ZS,% (mujer/varón),71.65,False
Uruguay,URY,Cono Sur,2010,2010s,Participación,Ratio participación mujer/varón,SL.TLF.CACT.FM.ZS,% (mujer/varón),71.97,False
Uruguay,URY,Cono Sur,2011,2010s,Participación,Ratio participación mujer/varón,SL.TLF.CACT.FM.ZS,% (mujer/varón),72.1,False
Uruguay,URY,Cono Sur,2012,2010s,Participación,Ratio participación mujer/varón,SL.TLF.CACT.FM.ZS,% (mujer/varón),72.27,False
Uruguay,URY,Cono Sur,2013,2010s,Participación,Ratio participación mujer/varón,SL.TLF.CACT.FM.ZS,% (mujer/varón),72.4,False
Uruguay,URY,Cono Sur,2014,2010s,Participación,Ratio participación mujer/varón,SL.TLF.CACT.FM.ZS,% (mujer/varón),72.66,False
Venezuela,VEN,Región Andina,1994,1990s,Calidad del empleo,Asalariadas,SL.EMP.WORK.FE.ZS,% del empleo femenino,70.7,False
Venezuela,VEN,Región Andina,1995,1990s,Calidad del empleo,Asalariadas,SL.EMP.WORK.FE.ZS,% del empleo femenino,67.9,False
Venezuela,VEN,Región Andina,1996,1990s,Calidad del empleo,Asalariadas,SL.EMP.WORK.FE.ZS,% del empleo femenino,65.2,False
Venezuela,VEN,Región Andina,1997,1990s,Calidad del empleo,Asalariadas,SL.EMP.WORK.FE.ZS,% del empleo femenino,65.7,False
Venezuela,VEN,Región Andina,1998,1990s,Calidad del empleo,Asalariadas,SL.EMP.WORK.FE.ZS,% del empleo femenino,59.5,False
Venezuela,VEN,Región Andina,1999,1990s,Calidad del empleo,Asalariadas,SL.EMP.WORK.FE.ZS,% del empleo femenino,59.0,False
Venezuela,VEN,Región Andina,2000,2000s,Calidad del empleo,Asalariadas,SL.EMP.WORK.FE.ZS,% del empleo femenino,58.1,False
Venezuela,VEN,Región Andina,2001,2000s,Calidad del empleo,Asalariadas,SL.EMP.WORK.FE.ZS,% del empleo femenino,57.0,False
Venezuela,VEN,Región Andina,2002,2000s,Calidad del empleo,Asalariadas,SL.EMP.WORK.FE.ZS,% del empleo femenino,58.2,False
Venezuela,VEN,Región Andina,2003,2000s,Calidad del empleo,Asalariadas,SL.EMP.WORK.FE.ZS,% del empleo femenino,58.0,False
Venezuela,VEN,Región Andina,2004,2000s,Calidad del empleo,Asalariadas,SL.EMP.WORK.FE.ZS,% del empleo femenino,61.8,False
Venezuela,VEN,Región Andina,2005,2000s,Calidad del empleo,Asalariadas,SL.EMP.WORK.FE.ZS,% del empleo femenino,63.0,False
Venezuela,VEN,Región Andina,2006,2000s,Calidad del empleo,Asalariadas,SL.EMP.WORK.FE.ZS,% del empleo femenino,64.9,False
Venezuela,VEN,Región Andina,2007,2000s,Calidad del empleo,Asalariadas,SL.EMP.WORK.FE.ZS,% del empleo femenino,65.2,False
Venezuela,VEN,Región Andina,2008,2000s,Calidad del empleo,Asalariadas,SL.EMP.WORK.FE.ZS,% del empleo femenino,65.6,False
Venezuela,VEN,Región Andina,2009,2000s,Calidad del empleo,Asalariadas,SL.EMP.WORK.FE.ZS,% del empleo femenino,60.9,False
Venezuela,VEN,Región Andina,2010,2010s,Calidad del empleo,Asalariadas,SL.EMP.WORK.FE.ZS,% del empleo femenino,60.3,False
Venezuela,VEN,Región Andina,2011,2010s,Calidad del empleo,Asalariadas,SL.EMP.WORK.FE.ZS,% del empleo femenino,61.1,False
Venezuela,VEN,Región Andina,2012,2010s,Calidad del empleo,Asalariadas,SL.EMP.WORK.FE.ZS,% del empleo femenino,62.2,False
Venezuela,VEN,Región Andina,2013,2010s,Calidad del empleo,Asalariadas,SL.EMP.WORK.FE.ZS,% del empleo femenino,63.5,False
Venezuela,VEN,Región Andina,1990,1990s,Liderazgo,Bancas parlamentarias femeninas,SG.GEN.PARL.ZS,% de bancas,10.0,False
Venezuela,VEN,Región Andina,1997,1990s,Liderazgo,Bancas parlamentarias femeninas,SG.GEN.PARL.ZS,% de bancas,5.9,False
Venezuela,VEN,Región Andina,1998,1990s,Liderazgo,Bancas parlamentarias femeninas,SG.GEN.PARL.ZS,% de bancas,5.9,False
Venezuela,VEN,Región Andina,1999,1990s,Liderazgo,Bancas parlamentarias femeninas,SG.GEN.PARL.ZS,% de bancas,12.1,False
Venezuela,VEN,Región Andina,2001,2000s,Liderazgo,Bancas parlamentarias femeninas,SG.GEN.PARL.ZS,% de bancas,9.7,False
Venezuela,VEN,Región Andina,2002,2000s,Liderazgo,Bancas parlamentarias femeninas,SG.GEN.PARL.ZS,% de bancas,9.7,False
Venezuela,VEN,Región Andina,2003,2000s,Liderazgo,Bancas parlamentarias femeninas,SG.GEN.PARL.ZS,% de bancas,9.7,False
Venezuela,VEN,Región Andina,2004,2000s,Liderazgo,Bancas parlamentarias femeninas,SG.GEN.PARL.ZS,% de bancas,9.7,False
Venezuela,VEN,Región Andina,2005,2000s,Liderazgo,Bancas parlamentarias femeninas,SG.GEN.PARL.ZS,% de bancas,17.4,False
Venezuela,VEN,Región Andina,2006,2000s,Liderazgo,Bancas parlamentarias femeninas,SG.GEN.PARL.ZS,% de bancas,18.0,False
Venezuela,VEN,Región Andina,2007,2000s,Liderazgo,Bancas parlamentarias femeninas,SG.GEN.PARL.ZS,% de bancas,18.6,False
Venezuela,VEN,Región Andina,2008,2000s,Liderazgo,Bancas parlamentarias femeninas,SG.GEN.PARL.ZS,% de bancas,18.6,False
Venezuela,VEN,Región Andina,2009,2000s,Liderazgo,Bancas parlamentarias femeninas,SG.GEN.PARL.ZS,% de bancas,17.5,False
Venezuela,VEN,Región Andina,2010,2010s,Liderazgo,Bancas parlamentarias femeninas,SG.GEN.PARL.ZS,% de bancas,17.0,False
Venezuela,VEN,Región Andina,2011,2010s,Liderazgo,Bancas parlamentarias femeninas,SG.GEN.PARL.ZS,% de bancas,17.0,False
Venezuela,VEN,Región Andina,2012,2010s,Liderazgo,Bancas parlamentarias femeninas,SG.GEN.PARL.ZS,% de bancas,17.0,False
Venezuela,VEN,Región Andina,2013,2010s,Liderazgo,Bancas parlamentarias femeninas,SG.GEN.PARL.ZS,% de bancas,17.0,False
Venezuela,VEN,Región Andina,2014,2010s,Liderazgo,Bancas parlamentarias femeninas,SG.GEN.PARL.ZS,% de bancas,17.0,False
Venezuela,VEN,Región Andina,1991,1990s,Calidad del empleo,Desempleo femenino,SL.UEM.TOTL.FE.ZS,% de la PEA femenina,10.9,False
Venezuela,VEN,Región Andina,1992,1990s,Calidad del empleo,Desempleo femenino,SL.UEM.TOTL.FE.ZS,% de la PEA femenina,8.9,False
Venezuela,VEN,Región Andina,1993,1990s,Calidad del empleo,Desempleo femenino,SL.UEM.TOTL.FE.ZS,% de la PEA femenina,7.7,False
Venezuela,VEN,Región Andina,1994,1990s,Calidad del empleo,Desempleo femenino,SL.UEM.TOTL.FE.ZS,% de la PEA femenina,8.6,False
Venezuela,VEN,Región Andina,1995,1990s,Calidad del empleo,Desempleo femenino,SL.UEM.TOTL.FE.ZS,% de la PEA femenina,12.1,False
Venezuela,VEN,Región Andina,1996,1990s,Calidad del empleo,Desempleo femenino,SL.UEM.TOTL.FE.ZS,% de la PEA femenina,16.1,False
Venezuela,VEN,Región Andina,1997,1990s,Calidad del empleo,Desempleo femenino,SL.UEM.TOTL.FE.ZS,% de la PEA femenina,13.5,False
Venezuela,VEN,Región Andina,1998,1990s,Calidad del empleo,Desempleo femenino,SL.UEM.TOTL.FE.ZS,% de la PEA femenina,12.7,False
Venezuela,VEN,Región Andina,1999,1990s,Calidad del empleo,Desempleo femenino,SL.UEM.TOTL.FE.ZS,% de la PEA femenina,16.0,False
Venezuela,VEN,Región Andina,2000,2000s,Calidad del empleo,Desempleo femenino,SL.UEM.TOTL.FE.ZS,% de la PEA femenina,14.3,False
Venezuela,VEN,Región Andina,2001,2000s,Calidad del empleo,Desempleo femenino,SL.UEM.TOTL.FE.ZS,% de la PEA femenina,14.6,False
Venezuela,VEN,Región Andina,2002,2000s,Calidad del empleo,Desempleo femenino,SL.UEM.TOTL.FE.ZS,% de la PEA femenina,18.8,False
Venezuela,VEN,Región Andina,2003,2000s,Calidad del empleo,Desempleo femenino,SL.UEM.TOTL.FE.ZS,% de la PEA femenina,20.3,False
Venezuela,VEN,Región Andina,2004,2000s,Calidad del empleo,Desempleo femenino,SL.UEM.TOTL.FE.ZS,% de la PEA femenina,18.1,False
Venezuela,VEN,Región Andina,2005,2000s,Calidad del empleo,Desempleo femenino,SL.UEM.TOTL.FE.ZS,% de la PEA femenina,13.7,False
Venezuela,VEN,Región Andina,2006,2000s,Calidad del empleo,Desempleo femenino,SL.UEM.TOTL.FE.ZS,% de la PEA femenina,11.1,False
Venezuela,VEN,Región Andina,2007,2000s,Calidad del empleo,Desempleo femenino,SL.UEM.TOTL.FE.ZS,% de la PEA femenina,8.2,False
Venezuela,VEN,Región Andina,2008,2000s,Calidad del empleo,Desempleo femenino,SL.UEM.TOTL.FE.ZS,% de la PEA femenina,7.4,False
Venezuela,VEN,Región Andina,2009,2000s,Calidad del empleo,Desempleo femenino,SL.UEM.TOTL.FE.ZS,% de la PEA femenina,8.4,False
Venezuela,VEN,Región Andina,2010,2010s,Calidad del empleo,Desempleo femenino,SL.UEM.TOTL.FE.ZS,% de la PEA femenina,9.2,False
Venezuela,VEN,Región Andina,2011,2010s,Calidad del empleo,Desempleo femenino,SL.UEM.TOTL.FE.ZS,% de la PEA femenina,9.3,False
Venezuela,VEN,Región Andina,2012,2010s,Calidad del empleo,Desempleo femenino,SL.UEM.TOTL.FE.ZS,% de la PEA femenina,9.1,False
Venezuela,VEN,Región Andina,2013,2010s,Calidad del empleo,Desempleo femenino,SL.UEM.TOTL.FE.ZS,% de la PEA femenina,8.3,False
Venezuela,VEN,Región Andina,2014,2010s,Calidad del empleo,Desempleo femenino,SL.UEM.TOTL.FE.ZS,% de la PEA femenina,9.4,False
Venezuela,VEN,Región Andina,1994,1990s,Calidad del empleo,Empleadoras,SL.EMP.MPYR.FE.ZS,% del empleo femenino,1.8,False
Venezuela,VEN,Región Andina,1995,1990s,Calidad del empleo,Empleadoras,SL.EMP.MPYR.FE.ZS,% del empleo femenino,2.1,False
Venezuela,VEN,Región Andina,1996,1990s,Calidad del empleo,Empleadoras,SL.EMP.MPYR.FE.ZS,% del empleo femenino,1.9,False
Venezuela,VEN,Región Andina,1997,1990s,Calidad del empleo,Empleadoras,SL.EMP.MPYR.FE.ZS,% del empleo femenino,1.9,False
Venezuela,VEN,Región Andina,1998,1990s,Calidad del empleo,Empleadoras,SL.EMP.MPYR.FE.ZS,% del empleo femenino,1.6,False
Venezuela,VEN,Región Andina,1999,1990s,Calidad del empleo,Empleadoras,SL.EMP.MPYR.FE.ZS,% del empleo femenino,1.9,False
Venezuela,VEN,Región Andina,2000,2000s,Calidad del empleo,Empleadoras,SL.EMP.MPYR.FE.ZS,% del empleo femenino,1.9,False
Venezuela,VEN,Región Andina,2001,2000s,Calidad del empleo,Empleadoras,SL.EMP.MPYR.FE.ZS,% del empleo femenino,3.1,False
Venezuela,VEN,Región Andina,2002,2000s,Calidad del empleo,Empleadoras,SL.EMP.MPYR.FE.ZS,% del empleo femenino,2.5,False
Venezuela,VEN,Región Andina,2003,2000s,Calidad del empleo,Empleadoras,SL.EMP.MPYR.FE.ZS,% del empleo femenino,2.3,False
Venezuela,VEN,Región Andina,2004,2000s,Calidad del empleo,Empleadoras,SL.EMP.MPYR.FE.ZS,% del empleo femenino,2.2,False
Venezuela,VEN,Región Andina,2005,2000s,Calidad del empleo,Empleadoras,SL.EMP.MPYR.FE.ZS,% del empleo femenino,2.3,False
Venezuela,VEN,Región Andina,2006,2000s,Calidad del empleo,Empleadoras,SL.EMP.MPYR.FE.ZS,% del empleo femenino,1.9,False
Venezuela,VEN,Región Andina,2007,2000s,Calidad del empleo,Empleadoras,SL.EMP.MPYR.FE.ZS,% del empleo femenino,1.9,False
Venezuela,VEN,Región Andina,2008,2000s,Calidad del empleo,Empleadoras,SL.EMP.MPYR.FE.ZS,% del empleo femenino,1.9,False
Venezuela,VEN,Región Andina,2009,2000s,Calidad del empleo,Empleadoras,SL.EMP.MPYR.FE.ZS,% del empleo femenino,1.9,False
Venezuela,VEN,Región Andina,2010,2010s,Calidad del empleo,Empleadoras,SL.EMP.MPYR.FE.ZS,% del empleo femenino,1.6,False
Venezuela,VEN,Región Andina,2011,2010s,Calidad del empleo,Empleadoras,SL.EMP.MPYR.FE.ZS,% del empleo femenino,1.6,False
Venezuela,VEN,Región Andina,2012,2010s,Calidad del empleo,Empleadoras,SL.EMP.MPYR.FE.ZS,% del empleo femenino,1.6,False
Venezuela,VEN,Región Andina,2013,2010s,Calidad del empleo,Empleadoras,SL.EMP.MPYR.FE.ZS,% del empleo femenino,1.8,False
Venezuela,VEN,Región Andina,1990,1990s,Estructura sectorial,Empleo femenino en agricultura,SL.AGR.EMPL.FE.ZS,% del empleo femenino,2.2,False
Venezuela,VEN,Región Andina,1991,1990s,Estructura sectorial,Empleo femenino en agricultura,SL.AGR.EMPL.FE.ZS,% del empleo femenino,2.0,False
Venezuela,VEN,Región Andina,1992,1990s,Estructura sectorial,Empleo femenino en agricultura,SL.AGR.EMPL.FE.ZS,% del empleo femenino,1.8,False
Venezuela,VEN,Región Andina,1993,1990s,Estructura sectorial,Empleo femenino en agricultura,SL.AGR.EMPL.FE.ZS,% del empleo femenino,1.7,False
Venezuela,VEN,Región Andina,1994,1990s,Estructura sectorial,Empleo femenino en agricultura,SL.AGR.EMPL.FE.ZS,% del empleo femenino,2.2,False
Venezuela,VEN,Región Andina,1995,1990s,Estructura sectorial,Empleo femenino en agricultura,SL.AGR.EMPL.FE.ZS,% del empleo femenino,1.8,False
Venezuela,VEN,Región Andina,1996,1990s,Estructura sectorial,Empleo femenino en agricultura,SL.AGR.EMPL.FE.ZS,% del empleo femenino,1.7,False
Venezuela,VEN,Región Andina,1997,1990s,Estructura sectorial,Empleo femenino en agricultura,SL.AGR.EMPL.FE.ZS,% del empleo femenino,1.5,False
Venezuela,VEN,Región Andina,1998,1990s,Estructura sectorial,Empleo femenino en agricultura,SL.AGR.EMPL.FE.ZS,% del empleo femenino,1.3,False
Venezuela,VEN,Región Andina,1999,1990s,Estructura sectorial,Empleo femenino en agricultura,SL.AGR.EMPL.FE.ZS,% del empleo femenino,1.7,False
Venezuela,VEN,Región Andina,2000,2000s,Estructura sectorial,Empleo femenino en agricultura,SL.AGR.EMPL.FE.ZS,% del empleo femenino,1.6,False
Venezuela,VEN,Región Andina,2001,2000s,Estructura sectorial,Empleo femenino en agricultura,SL.AGR.EMPL.FE.ZS,% del empleo femenino,1.7,False
Venezuela,VEN,Región Andina,2002,2000s,Estructura sectorial,Empleo femenino en agricultura,SL.AGR.EMPL.FE.ZS,% del empleo femenino,1.9,False
Venezuela,VEN,Región Andina,2003,2000s,Estructura sectorial,Empleo femenino en agricultura,SL.AGR.EMPL.FE.ZS,% del empleo femenino,2.3,False
Venezuela,VEN,Región Andina,2004,2000s,Estructura sectorial,Empleo femenino en agricultura,SL.AGR.EMPL.FE.ZS,% del empleo femenino,2.1,False
Venezuela,VEN,Región Andina,2005,2000s,Estructura sectorial,Empleo femenino en agricultura,SL.AGR.EMPL.FE.ZS,% del empleo femenino,2.0,False
Venezuela,VEN,Región Andina,2006,2000s,Estructura sectorial,Empleo femenino en agricultura,SL.AGR.EMPL.FE.ZS,% del empleo femenino,1.8,False
Venezuela,VEN,Región Andina,2007,2000s,Estructura sectorial,Empleo femenino en agricultura,SL.AGR.EMPL.FE.ZS,% del empleo femenino,1.8,False
Venezuela,VEN,Región Andina,2008,2000s,Estructura sectorial,Empleo femenino en agricultura,SL.AGR.EMPL.FE.ZS,% del empleo femenino,1.9,False
Venezuela,VEN,Región Andina,2009,2000s,Estructura sectorial,Empleo femenino en agricultura,SL.AGR.EMPL.FE.ZS,% del empleo femenino,1.8,False
Venezuela,VEN,Región Andina,2010,2010s,Estructura sectorial,Empleo femenino en agricultura,SL.AGR.EMPL.FE.ZS,% del empleo femenino,1.8,False
Venezuela,VEN,Región Andina,2011,2010s,Estructura sectorial,Empleo femenino en agricultura,SL.AGR.EMPL.FE.ZS,% del empleo femenino,1.6,False
Venezuela,VEN,Región Andina,1990,1990s,Estructura sectorial,Empleo femenino en servicios,SL.SRV.EMPL.FE.ZS,% del empleo femenino,82.2,False
Venezuela,VEN,Región Andina,1991,1990s,Estructura sectorial,Empleo femenino en servicios,SL.SRV.EMPL.FE.ZS,% del empleo femenino,82.1,False
Venezuela,VEN,Región Andina,1992,1990s,Estructura sectorial,Empleo femenino en servicios,SL.SRV.EMPL.FE.ZS,% del empleo femenino,82.2,False
Venezuela,VEN,Región Andina,1993,1990s,Estructura sectorial,Empleo femenino en servicios,SL.SRV.EMPL.FE.ZS,% del empleo femenino,83.0,False
Venezuela,VEN,Región Andina,1994,1990s,Estructura sectorial,Empleo femenino en servicios,SL.SRV.EMPL.FE.ZS,% del empleo femenino,83.3,False
Venezuela,VEN,Región Andina,1995,1990s,Estructura sectorial,Empleo femenino en servicios,SL.SRV.EMPL.FE.ZS,% del empleo femenino,84.2,False
Venezuela,VEN,Región Andina,1996,1990s,Estructura sectorial,Empleo femenino en servicios,SL.SRV.EMPL.FE.ZS,% del empleo femenino,85.2,False
Venezuela,VEN,Región Andina,1997,1990s,Estructura sectorial,Empleo femenino en servicios,SL.SRV.EMPL.FE.ZS,% del empleo femenino,84.9,False
Venezuela,VEN,Región Andina,1998,1990s,Estructura sectorial,Empleo femenino en servicios,SL.SRV.EMPL.FE.ZS,% del empleo femenino,85.2,False
Venezuela,VEN,Región Andina,1999,1990s,Estructura sectorial,Empleo femenino en servicios,SL.SRV.EMPL.FE.ZS,% del empleo femenino,85.3,False
Venezuela,VEN,Región Andina,2000,2000s,Estructura sectorial,Empleo femenino en servicios,SL.SRV.EMPL.FE.ZS,% del empleo femenino,85.6,False
Venezuela,VEN,Región Andina,2001,2000s,Estructura sectorial,Empleo femenino en servicios,SL.SRV.EMPL.FE.ZS,% del empleo femenino,86.1,False
Venezuela,VEN,Región Andina,2002,2000s,Estructura sectorial,Empleo femenino en servicios,SL.SRV.EMPL.FE.ZS,% del empleo femenino,86.2,False
Venezuela,VEN,Región Andina,2003,2000s,Estructura sectorial,Empleo femenino en servicios,SL.SRV.EMPL.FE.ZS,% del empleo femenino,86.0,False
Venezuela,VEN,Región Andina,2004,2000s,Estructura sectorial,Empleo femenino en servicios,SL.SRV.EMPL.FE.ZS,% del empleo femenino,85.5,False
Venezuela,VEN,Región Andina,2005,2000s,Estructura sectorial,Empleo femenino en servicios,SL.SRV.EMPL.FE.ZS,% del empleo femenino,86.0,False
Venezuela,VEN,Región Andina,2006,2000s,Estructura sectorial,Empleo femenino en servicios,SL.SRV.EMPL.FE.ZS,% del empleo femenino,86.5,False
Venezuela,VEN,Región Andina,2007,2000s,Estructura sectorial,Empleo femenino en servicios,SL.SRV.EMPL.FE.ZS,% del empleo femenino,86.0,False
Venezuela,VEN,Región Andina,2008,2000s,Estructura sectorial,Empleo femenino en servicios,SL.SRV.EMPL.FE.ZS,% del empleo femenino,86.8,False
Venezuela,VEN,Región Andina,2009,2000s,Estructura sectorial,Empleo femenino en servicios,SL.SRV.EMPL.FE.ZS,% del empleo femenino,86.4,False
Venezuela,VEN,Región Andina,2010,2010s,Estructura sectorial,Empleo femenino en servicios,SL.SRV.EMPL.FE.ZS,% del empleo femenino,86.9,False
Venezuela,VEN,Región Andina,2011,2010s,Estructura sectorial,Empleo femenino en servicios,SL.SRV.EMPL.FE.ZS,% del empleo femenino,87.6,False
Venezuela,VEN,Región Andina,1994,1990s,Calidad del empleo,Empleo vulnerable femenino,SL.EMP.VULN.FE.ZS,% del empleo femenino,27.4,False
Venezuela,VEN,Región Andina,1995,1990s,Calidad del empleo,Empleo vulnerable femenino,SL.EMP.VULN.FE.ZS,% del empleo femenino,29.9,False
Venezuela,VEN,Región Andina,1996,1990s,Calidad del empleo,Empleo vulnerable femenino,SL.EMP.VULN.FE.ZS,% del empleo femenino,33.0,False
Venezuela,VEN,Región Andina,1997,1990s,Calidad del empleo,Empleo vulnerable femenino,SL.EMP.VULN.FE.ZS,% del empleo femenino,32.4,False
Venezuela,VEN,Región Andina,1998,1990s,Calidad del empleo,Empleo vulnerable femenino,SL.EMP.VULN.FE.ZS,% del empleo femenino,38.8,False
Venezuela,VEN,Región Andina,1999,1990s,Calidad del empleo,Empleo vulnerable femenino,SL.EMP.VULN.FE.ZS,% del empleo femenino,39.1,False
Venezuela,VEN,Región Andina,2000,2000s,Calidad del empleo,Empleo vulnerable femenino,SL.EMP.VULN.FE.ZS,% del empleo femenino,40.0,False
Venezuela,VEN,Región Andina,2001,2000s,Calidad del empleo,Empleo vulnerable femenino,SL.EMP.VULN.FE.ZS,% del empleo femenino,39.9,False
Venezuela,VEN,Región Andina,2002,2000s,Calidad del empleo,Empleo vulnerable femenino,SL.EMP.VULN.FE.ZS,% del empleo femenino,39.3,False
Venezuela,VEN,Región Andina,2003,2000s,Calidad del empleo,Empleo vulnerable femenino,SL.EMP.VULN.FE.ZS,% del empleo femenino,39.7,False
Venezuela,VEN,Región Andina,2004,2000s,Calidad del empleo,Empleo vulnerable femenino,SL.EMP.VULN.FE.ZS,% del empleo femenino,35.9,False
Venezuela,VEN,Región Andina,2005,2000s,Calidad del empleo,Empleo vulnerable femenino,SL.EMP.VULN.FE.ZS,% del empleo femenino,34.7,False
Venezuela,VEN,Región Andina,2006,2000s,Calidad del empleo,Empleo vulnerable femenino,SL.EMP.VULN.FE.ZS,% del empleo femenino,33.2,False
Venezuela,VEN,Región Andina,2007,2000s,Calidad del empleo,Empleo vulnerable femenino,SL.EMP.VULN.FE.ZS,% del empleo femenino,32.9,False
Venezuela,VEN,Región Andina,2008,2000s,Calidad del empleo,Empleo vulnerable femenino,SL.EMP.VULN.FE.ZS,% del empleo femenino,32.5,False
Venezuela,VEN,Región Andina,2009,2000s,Calidad del empleo,Empleo vulnerable femenino,SL.EMP.VULN.FE.ZS,% del empleo femenino,32.9,False
Venezuela,VEN,Región Andina,2010,2010s,Calidad del empleo,Empleo vulnerable femenino,SL.EMP.VULN.FE.ZS,% del empleo femenino,33.9,False
Venezuela,VEN,Región Andina,2011,2010s,Calidad del empleo,Empleo vulnerable femenino,SL.EMP.VULN.FE.ZS,% del empleo femenino,33.3,False
Venezuela,VEN,Región Andina,2012,2010s,Calidad del empleo,Empleo vulnerable femenino,SL.EMP.VULN.FE.ZS,% del empleo femenino,32.2,False
Venezuela,VEN,Región Andina,2013,2010s,Calidad del empleo,Empleo vulnerable femenino,SL.EMP.VULN.FE.ZS,% del empleo femenino,30.3,False
Venezuela,VEN,Región Andina,2010,2010s,Liderazgo empresarial,Firmas con gerenta mujer,IC.FRM.FEMM.ZS,% de firmas,31.1,False
Venezuela,VEN,Región Andina,2010,2010s,Liderazgo empresarial,Firmas con propiedad femenina,IC.FRM.FEMO.ZS,% de firmas,30.7,False
Venezuela,VEN,Región Andina,1990,1990s,Contexto,PBI per cápita,NY.GDP.PCAP.CD,USD corrientes,2367.72,False
Venezuela,VEN,Región Andina,1991,1990s,Contexto,PBI per cápita,NY.GDP.PCAP.CD,USD corrientes,2544.45,False
Venezuela,VEN,Región Andina,1992,1990s,Contexto,PBI per cápita,NY.GDP.PCAP.CD,USD corrientes,2811.15,False
Venezuela,VEN,Región Andina,1993,1990s,Contexto,PBI per cápita,NY.GDP.PCAP.CD,USD corrientes,2732.67,False
Venezuela,VEN,Región Andina,1994,1990s,Contexto,PBI per cápita,NY.GDP.PCAP.CD,USD corrientes,2601.85,False
Venezuela,VEN,Región Andina,1995,1990s,Contexto,PBI per cápita,NY.GDP.PCAP.CD,USD corrientes,3375.09,False
Venezuela,VEN,Región Andina,1996,1990s,Contexto,PBI per cápita,NY.GDP.PCAP.CD,USD corrientes,3013.73,False
Venezuela,VEN,Región Andina,1997,1990s,Contexto,PBI per cápita,NY.GDP.PCAP.CD,USD corrientes,3714.62,False
Venezuela,VEN,Región Andina,1998,1990s,Contexto,PBI per cápita,NY.GDP.PCAP.CD,USD corrientes,3875.9,False
Venezuela,VEN,Región Andina,1999,1990s,Contexto,PBI per cápita,NY.GDP.PCAP.CD,USD corrientes,4078.29,False
Venezuela,VEN,Región Andina,2000,2000s,Contexto,PBI per cápita,NY.GDP.PCAP.CD,USD corrientes,4785.15,False
Venezuela,VEN,Región Andina,2001,2000s,Contexto,PBI per cápita,NY.GDP.PCAP.CD,USD corrientes,4928.17,False
Venezuela,VEN,Región Andina,2002,2000s,Contexto,PBI per cápita,NY.GDP.PCAP.CD,USD corrientes,3657.19,False
Venezuela,VEN,Región Andina,2003,2000s,Contexto,PBI per cápita,NY.GDP.PCAP.CD,USD corrientes,3233.96,False
Venezuela,VEN,Región Andina,2004,2000s,Contexto,PBI per cápita,NY.GDP.PCAP.CD,USD corrientes,4273.37,False
Venezuela,VEN,Región Andina,2005,2000s,Contexto,PBI per cápita,NY.GDP.PCAP.CD,USD corrientes,5435.87,False
Venezuela,VEN,Región Andina,2006,2000s,Contexto,PBI per cápita,NY.GDP.PCAP.CD,USD corrientes,6740.24,False
Venezuela,VEN,Región Andina,2007,2000s,Contexto,PBI per cápita,NY.GDP.PCAP.CD,USD corrientes,8325.22,False
Venezuela,VEN,Región Andina,2008,2000s,Contexto,PBI per cápita,NY.GDP.PCAP.CD,USD corrientes,11224.65,True
Venezuela,VEN,Región Andina,2009,2000s,Contexto,PBI per cápita,NY.GDP.PCAP.CD,USD corrientes,11534.84,True
Venezuela,VEN,Región Andina,2010,2010s,Contexto,PBI per cápita,NY.GDP.PCAP.CD,USD corrientes,13581.35,True
Venezuela,VEN,Región Andina,2011,2010s,Contexto,PBI per cápita,NY.GDP.PCAP.CD,USD corrientes,10754.59,False
Venezuela,VEN,Región Andina,2012,2010s,Contexto,PBI per cápita,NY.GDP.PCAP.CD,USD corrientes,12771.6,True
Venezuela,VEN,Región Andina,2013,2010s,Contexto,PBI per cápita,NY.GDP.PCAP.CD,USD corrientes,12265.03,True
Venezuela,VEN,Región Andina,1990,1990s,Participación,Participación laboral femenina,SL.TLF.CACT.FE.ZS,% de mujeres 15+,37.3,False
Venezuela,VEN,Región Andina,1991,1990s,Participación,Participación laboral femenina,SL.TLF.CACT.FE.ZS,% de mujeres 15+,38.9,False
Venezuela,VEN,Región Andina,1992,1990s,Participación,Participación laboral femenina,SL.TLF.CACT.FE.ZS,% de mujeres 15+,38.1,False
Venezuela,VEN,Región Andina,1993,1990s,Participación,Participación laboral femenina,SL.TLF.CACT.FE.ZS,% de mujeres 15+,36.3,False
Venezuela,VEN,Región Andina,1994,1990s,Participación,Participación laboral femenina,SL.TLF.CACT.FE.ZS,% de mujeres 15+,37.3,False
Venezuela,VEN,Región Andina,1995,1990s,Participación,Participación laboral femenina,SL.TLF.CACT.FE.ZS,% de mujeres 15+,41.2,False
Venezuela,VEN,Región Andina,1996,1990s,Participación,Participación laboral femenina,SL.TLF.CACT.FE.ZS,% de mujeres 15+,43.9,False
Venezuela,VEN,Región Andina,1997,1990s,Participación,Participación laboral femenina,SL.TLF.CACT.FE.ZS,% de mujeres 15+,46.2,False
Venezuela,VEN,Región Andina,1998,1990s,Participación,Participación laboral femenina,SL.TLF.CACT.FE.ZS,% de mujeres 15+,47.8,False
Venezuela,VEN,Región Andina,1999,1990s,Participación,Participación laboral femenina,SL.TLF.CACT.FE.ZS,% de mujeres 15+,48.8,False
Venezuela,VEN,Región Andina,2000,2000s,Participación,Participación laboral femenina,SL.TLF.CACT.FE.ZS,% de mujeres 15+,48.9,False
Venezuela,VEN,Región Andina,2001,2000s,Participación,Participación laboral femenina,SL.TLF.CACT.FE.ZS,% de mujeres 15+,52.5,False
Venezuela,VEN,Región Andina,2002,2000s,Participación,Participación laboral femenina,SL.TLF.CACT.FE.ZS,% de mujeres 15+,54.7,False
Venezuela,VEN,Región Andina,2003,2000s,Participación,Participación laboral femenina,SL.TLF.CACT.FE.ZS,% de mujeres 15+,53.7,False
Venezuela,VEN,Región Andina,2004,2000s,Participación,Participación laboral femenina,SL.TLF.CACT.FE.ZS,% de mujeres 15+,52.6,False
Venezuela,VEN,Región Andina,2005,2000s,Participación,Participación laboral femenina,SL.TLF.CACT.FE.ZS,% de mujeres 15+,51.6,False
Venezuela,VEN,Región Andina,2006,2000s,Participación,Participación laboral femenina,SL.TLF.CACT.FE.ZS,% de mujeres 15+,50.6,False
Venezuela,VEN,Región Andina,2007,2000s,Participación,Participación laboral femenina,SL.TLF.CACT.FE.ZS,% de mujeres 15+,50.1,False
Venezuela,VEN,Región Andina,2008,2000s,Participación,Participación laboral femenina,SL.TLF.CACT.FE.ZS,% de mujeres 15+,50.6,False
Venezuela,VEN,Región Andina,2009,2000s,Participación,Participación laboral femenina,SL.TLF.CACT.FE.ZS,% de mujeres 15+,51.0,False
Venezuela,VEN,Región Andina,2010,2010s,Participación,Participación laboral femenina,SL.TLF.CACT.FE.ZS,% de mujeres 15+,50.5,False
Venezuela,VEN,Región Andina,2011,2010s,Participación,Participación laboral femenina,SL.TLF.CACT.FE.ZS,% de mujeres 15+,50.7,False
Venezuela,VEN,Región Andina,2012,2010s,Participación,Participación laboral femenina,SL.TLF.CACT.FE.ZS,% de mujeres 15+,50.9,False
Venezuela,VEN,Región Andina,2013,2010s,Participación,Participación laboral femenina,SL.TLF.CACT.FE.ZS,% de mujeres 15+,51.1,False
Venezuela,VEN,Región Andina,2014,2010s,Participación,Participación laboral femenina,SL.TLF.CACT.FE.ZS,% de mujeres 15+,51.2,False
Venezuela,VEN,Región Andina,1990,1990s,Participación,Participación laboral masculina,SL.TLF.CACT.MA.ZS,% de varones 15+,80.8,False
Venezuela,VEN,Región Andina,1991,1990s,Participación,Participación laboral masculina,SL.TLF.CACT.MA.ZS,% de varones 15+,81.5,False
Venezuela,VEN,Región Andina,1992,1990s,Participación,Participación laboral masculina,SL.TLF.CACT.MA.ZS,% de varones 15+,81.0,False
Venezuela,VEN,Región Andina,1993,1990s,Participación,Participación laboral masculina,SL.TLF.CACT.MA.ZS,% de varones 15+,79.7,False
Venezuela,VEN,Región Andina,1994,1990s,Participación,Participación laboral masculina,SL.TLF.CACT.MA.ZS,% de varones 15+,81.0,False
Venezuela,VEN,Región Andina,1995,1990s,Participación,Participación laboral masculina,SL.TLF.CACT.MA.ZS,% de varones 15+,82.1,False
Venezuela,VEN,Región Andina,1996,1990s,Participación,Participación laboral masculina,SL.TLF.CACT.MA.ZS,% de varones 15+,82.5,False
Venezuela,VEN,Región Andina,1997,1990s,Participación,Participación laboral masculina,SL.TLF.CACT.MA.ZS,% de varones 15+,82.7,False
Venezuela,VEN,Región Andina,1998,1990s,Participación,Participación laboral masculina,SL.TLF.CACT.MA.ZS,% de varones 15+,83.2,False
Venezuela,VEN,Región Andina,1999,1990s,Participación,Participación laboral masculina,SL.TLF.CACT.MA.ZS,% de varones 15+,83.5,False
Venezuela,VEN,Región Andina,2000,2000s,Participación,Participación laboral masculina,SL.TLF.CACT.MA.ZS,% de varones 15+,82.3,False
Venezuela,VEN,Región Andina,2001,2000s,Participación,Participación laboral masculina,SL.TLF.CACT.MA.ZS,% de varones 15+,82.6,False
Venezuela,VEN,Región Andina,2002,2000s,Participación,Participación laboral masculina,SL.TLF.CACT.MA.ZS,% de varones 15+,83.6,False
Venezuela,VEN,Región Andina,2003,2000s,Participación,Participación laboral masculina,SL.TLF.CACT.MA.ZS,% de varones 15+,82.9,False
Venezuela,VEN,Región Andina,2004,2000s,Participación,Participación laboral masculina,SL.TLF.CACT.MA.ZS,% de varones 15+,82.2,False
Venezuela,VEN,Región Andina,2005,2000s,Participación,Participación laboral masculina,SL.TLF.CACT.MA.ZS,% de varones 15+,81.5,False
Venezuela,VEN,Región Andina,2006,2000s,Participación,Participación laboral masculina,SL.TLF.CACT.MA.ZS,% de varones 15+,80.8,False
Venezuela,VEN,Región Andina,2007,2000s,Participación,Participación laboral masculina,SL.TLF.CACT.MA.ZS,% de varones 15+,80.0,False
Venezuela,VEN,Región Andina,2008,2000s,Participación,Participación laboral masculina,SL.TLF.CACT.MA.ZS,% de varones 15+,80.0,False
Venezuela,VEN,Región Andina,2009,2000s,Participación,Participación laboral masculina,SL.TLF.CACT.MA.ZS,% de varones 15+,79.4,False
Venezuela,VEN,Región Andina,2010,2010s,Participación,Participación laboral masculina,SL.TLF.CACT.MA.ZS,% de varones 15+,79.3,False
Venezuela,VEN,Región Andina,2011,2010s,Participación,Participación laboral masculina,SL.TLF.CACT.MA.ZS,% de varones 15+,79.3,False
Venezuela,VEN,Región Andina,2012,2010s,Participación,Participación laboral masculina,SL.TLF.CACT.MA.ZS,% de varones 15+,79.2,False
Venezuela,VEN,Región Andina,2013,2010s,Participación,Participación laboral masculina,SL.TLF.CACT.MA.ZS,% de varones 15+,79.2,False
Venezuela,VEN,Región Andina,2014,2010s,Participación,Participación laboral masculina,SL.TLF.CACT.MA.ZS,% de varones 15+,79.1,False
Venezuela,VEN,Región Andina,1990,1990s,Participación,Ratio participación mujer/varón,SL.TLF.CACT.FM.ZS,% (mujer/varón),46.16,False
Venezuela,VEN,Región Andina,1991,1990s,Participación,Ratio participación mujer/varón,SL.TLF.CACT.FM.ZS,% (mujer/varón),47.73,False
Venezuela,VEN,Región Andina,1992,1990s,Participación,Ratio participación mujer/varón,SL.TLF.CACT.FM.ZS,% (mujer/varón),47.04,False
Venezuela,VEN,Región Andina,1993,1990s,Participación,Ratio participación mujer/varón,SL.TLF.CACT.FM.ZS,% (mujer/varón),45.55,False
Venezuela,VEN,Región Andina,1994,1990s,Participación,Ratio participación mujer/varón,SL.TLF.CACT.FM.ZS,% (mujer/varón),46.05,False
Venezuela,VEN,Región Andina,1995,1990s,Participación,Ratio participación mujer/varón,SL.TLF.CACT.FM.ZS,% (mujer/varón),50.18,False
Venezuela,VEN,Región Andina,1996,1990s,Participación,Ratio participación mujer/varón,SL.TLF.CACT.FM.ZS,% (mujer/varón),53.21,False
Venezuela,VEN,Región Andina,1997,1990s,Participación,Ratio participación mujer/varón,SL.TLF.CACT.FM.ZS,% (mujer/varón),55.86,False
Venezuela,VEN,Región Andina,1998,1990s,Participación,Ratio participación mujer/varón,SL.TLF.CACT.FM.ZS,% (mujer/varón),57.45,False
Venezuela,VEN,Región Andina,1999,1990s,Participación,Ratio participación mujer/varón,SL.TLF.CACT.FM.ZS,% (mujer/varón),58.44,False
Venezuela,VEN,Región Andina,2000,2000s,Participación,Ratio participación mujer/varón,SL.TLF.CACT.FM.ZS,% (mujer/varón),59.42,False
Venezuela,VEN,Región Andina,2001,2000s,Participación,Ratio participación mujer/varón,SL.TLF.CACT.FM.ZS,% (mujer/varón),63.56,False
Venezuela,VEN,Región Andina,2002,2000s,Participación,Ratio participación mujer/varón,SL.TLF.CACT.FM.ZS,% (mujer/varón),65.43,False
Venezuela,VEN,Región Andina,2003,2000s,Participación,Ratio participación mujer/varón,SL.TLF.CACT.FM.ZS,% (mujer/varón),64.78,False
Venezuela,VEN,Región Andina,2004,2000s,Participación,Ratio participación mujer/varón,SL.TLF.CACT.FM.ZS,% (mujer/varón),63.99,False
Venezuela,VEN,Región Andina,2005,2000s,Participación,Ratio participación mujer/varón,SL.TLF.CACT.FM.ZS,% (mujer/varón),63.31,False
Venezuela,VEN,Región Andina,2006,2000s,Participación,Ratio participación mujer/varón,SL.TLF.CACT.FM.ZS,% (mujer/varón),62.62,False
Venezuela,VEN,Región Andina,2007,2000s,Participación,Ratio participación mujer/varón,SL.TLF.CACT.FM.ZS,% (mujer/varón),62.62,False
Venezuela,VEN,Región Andina,2008,2000s,Participación,Ratio participación mujer/varón,SL.TLF.CACT.FM.ZS,% (mujer/varón),63.25,False
Venezuela,VEN,Región Andina,2009,2000s,Participación,Ratio participación mujer/varón,SL.TLF.CACT.FM.ZS,% (mujer/varón),64.23,False
Venezuela,VEN,Región Andina,2010,2010s,Participación,Ratio participación mujer/varón,SL.TLF.CACT.FM.ZS,% (mujer/varón),63.68,False
Venezuela,VEN,Región Andina,2011,2010s,Participación,Ratio participación mujer/varón,SL.TLF.CACT.FM.ZS,% (mujer/varón),63.93,False
Venezuela,VEN,Región Andina,2012,2010s,Participación,Ratio participación mujer/varón,SL.TLF.CACT.FM.ZS,% (mujer/varón),64.27,False
Venezuela,VEN,Región Andina,2013,2010s,Participación,Ratio participación mujer/varón,SL.TLF.CACT.FM.ZS,% (mujer/varón),64.52,False
Venezuela,VEN,Región Andina,2014,2010s,Participación,Ratio participación mujer/varón,SL.TLF.CACT.FM.ZS,% (mujer/varón),64.73,False
